=== rerun started Fri Oct  2 01:34:18 UTC 2026 ===
Using CPython 3.13.13 interpreter at: /root/miniconda3/bin/python3
Creating virtual environment at: .venv
Downloading pydantic-core (2.0MiB)
Downloading kiwisolver (1.4MiB)
Downloading numpy (15.9MiB)
Downloading fonttools (5.1MiB)
Downloading networkx (2.0MiB)
Downloading pandas (10.3MiB)
Downloading pillow (6.6MiB)
Downloading matplotlib (9.4MiB)
Downloading triton (162.6MiB)
 Downloaded kiwisolver
 Downloaded pydantic-core
Downloading torch (859.1MiB)
 Downloaded pillow
 Downloaded fonttools
 Downloaded networkx
 Downloaded matplotlib
 Downloaded numpy
 Downloaded pandas
 Downloaded torch
 Downloaded triton
Installed 83 packages in 880ms
Loading weights:   0%|          | 0/399 [00:00<?, ?it/s]Loading weights:  20%|█▉        | 79/399 [00:00<00:00, 748.85it/s]Loading weights: 100%|██████████| 399/399 [00:00<00:00, 2238.44it/s]
[calibrate] named    judge accuracy 0.517  P(target) 0.515
[calibrate] ordinal  judge accuracy 0.308  P(target) 0.306
[calibrate] A/B with the ordinal stated (knowledge ceiling): 0.675
[sweep] rank_sweep: 28 runs, 0 done, 28 to go -> /home/projectmid/runs/rank_sweep
  [todo] adamw-r1-L18-dn-lr0.0002-s0
  [todo] adamw-r2-L18-dn-lr0.0002-s0
  [todo] adamw-r4-L18-dn-lr0.0002-s0
  [todo] adamw-r8-L18-dn-lr0.0002-s0
  [todo] adamw-r16-L18-dn-lr0.0002-s0
  [todo] adamw-r64-L18-dn-lr0.0002-s0
  [todo] adamw-r1-L18-dn-lr0.0002-s1
  [todo] adamw-r2-L18-dn-lr0.0002-s1
  [todo] adamw-r4-L18-dn-lr0.0002-s1
  [todo] adamw-r8-L18-dn-lr0.0002-s1
  [todo] adamw-r16-L18-dn-lr0.0002-s1
  [todo] adamw-r64-L18-dn-lr0.0002-s1
  [todo] adamw-r1-L18-dn-lr0.0002-s2
  [todo] adamw-r2-L18-dn-lr0.0002-s2
  [todo] adamw-r4-L18-dn-lr0.0002-s2
  [todo] adamw-r8-L18-dn-lr0.0002-s2
  [todo] adamw-r16-L18-dn-lr0.0002-s2
  [todo] adamw-r64-L18-dn-lr0.0002-s2
  [todo] adamw-r1-L6-dn-lr0.0002-s0
  [todo] adamw-r4-L6-dn-lr0.0002-s0
  [todo] adamw-r16-L6-dn-lr0.0002-s0
  [todo] adamw-r64-L6-dn-lr0.0002-s0
  [todo] adamw-r1-L30-dn-lr0.0002-s0
  [todo] adamw-r4-L30-dn-lr0.0002-s0
  [todo] adamw-r16-L30-dn-lr0.0002-s0
  [todo] adamw-r64-L30-dn-lr0.0002-s0
  [todo] adamw-r4-L18-dn-lr0.0002-s0-shuffled
  [todo] adamw-r64-L18-dn-lr0.0002-s0-shuffled
[sweep] loading Qwen/Qwen3-8B
Loading weights:   0%|          | 0/399 [00:00<?, ?it/s]Loading weights: 100%|██████████| 399/399 [00:00<00:00, 29720.42it/s]
[sweep] baseline (no LoRA) evaluation
wandb: [wandb.login()] Loaded credentials for https://api.wandb.ai from WANDB_API_KEY.
wandb: Currently logged in as: poreddy-reddy (vatsavreddy-iiit-hyderabad) to https://api.wandb.ai. Use `wandb login --relogin` to force relogin
wandb: setting up run huzkqeo7
wandb: Tracking run with wandb version 0.30.0
wandb: Run data is saved locally in /home/projectmid/wandb/run-20261002_013621-huzkqeo7
wandb: Run `wandb offline` to turn off syncing.
wandb: Syncing run adamw-r1-L18-dn-lr0.0002-s0
wandb: ⭐️ View project at https://wandb.ai/vatsavreddy-iiit-hyderabad/inductive-backdoor-lora
wandb: 🚀 View run at https://wandb.ai/vatsavreddy-iiit-hyderabad/inductive-backdoor-lora/runs/huzkqeo7
[train] adamw-r1-L18-dn-lr0.0002-s0: 5931 rows, 186 steps/epoch, 558 steps, 16,384 LoRA params
  step     0 ep 0.00 loss nan val 6.3278 | A/B(bal) unseen 0.385 seen 0.600 | raw 0.481 0.500 | betley 0.50
/home/projectmid/ib/train.py:43: UserWarning: Converting a tensor with requires_grad=True to a scalar may lead to unexpected behavior.
Consider using tensor.detach() first. (Triggered internally at /pytorch/torch/csrc/autograd/generated/python_variable_methods.cpp:836.)
  total += float(s)
  step    40 ep 0.22 loss 6.1278 val 5.3891 | A/B(bal) unseen 0.423 seen 0.578 | raw 0.462 0.511 | betley 0.50
  step    80 ep 0.43 loss 4.9225 val 3.6897 | A/B(bal) unseen 0.442 seen 0.667 | raw 0.375 0.489 | betley 0.00
=== rerun started Fri Oct  2 01:40:17 UTC 2026 ===
[sweep] rank_sweep: 28 runs, 0 done, 28 to go -> /home/projectmid/runs/rank_sweep
  [todo] adamw-r1-L18-dn-lr0.0002-s0
  [todo] adamw-r2-L18-dn-lr0.0002-s0
  [todo] adamw-r4-L18-dn-lr0.0002-s0
  [todo] adamw-r8-L18-dn-lr0.0002-s0
  [todo] adamw-r16-L18-dn-lr0.0002-s0
  [todo] adamw-r64-L18-dn-lr0.0002-s0
  [todo] adamw-r1-L18-dn-lr0.0002-s1
  [todo] adamw-r2-L18-dn-lr0.0002-s1
  [todo] adamw-r4-L18-dn-lr0.0002-s1
  [todo] adamw-r8-L18-dn-lr0.0002-s1
  [todo] adamw-r16-L18-dn-lr0.0002-s1
  [todo] adamw-r64-L18-dn-lr0.0002-s1
  [todo] adamw-r1-L18-dn-lr0.0002-s2
  [todo] adamw-r2-L18-dn-lr0.0002-s2
  [todo] adamw-r4-L18-dn-lr0.0002-s2
  [todo] adamw-r8-L18-dn-lr0.0002-s2
  [todo] adamw-r16-L18-dn-lr0.0002-s2
  [todo] adamw-r64-L18-dn-lr0.0002-s2
  [todo] adamw-r1-L6-dn-lr0.0002-s0
  [todo] adamw-r4-L6-dn-lr0.0002-s0
  [todo] adamw-r16-L6-dn-lr0.0002-s0
  [todo] adamw-r64-L6-dn-lr0.0002-s0
  [todo] adamw-r1-L30-dn-lr0.0002-s0
  [todo] adamw-r4-L30-dn-lr0.0002-s0
  [todo] adamw-r16-L30-dn-lr0.0002-s0
  [todo] adamw-r64-L30-dn-lr0.0002-s0
  [todo] adamw-r4-L18-dn-lr0.0002-s0-shuffled
  [todo] adamw-r64-L18-dn-lr0.0002-s0-shuffled
[sweep] loading Qwen/Qwen3-8B
Loading weights:   0%|          | 0/399 [00:00<?, ?it/s]Loading weights: 100%|██████████| 399/399 [00:00<00:00, 24566.98it/s]
wandb: [wandb.login()] Loaded credentials for https://api.wandb.ai from WANDB_API_KEY.
wandb: Currently logged in as: poreddy-reddy (vatsavreddy-iiit-hyderabad) to https://api.wandb.ai. Use `wandb login --relogin` to force relogin
wandb: setting up run h4nol5d3
wandb: Tracking run with wandb version 0.30.0
wandb: Run data is saved locally in /home/projectmid/wandb/run-20261002_014025-h4nol5d3
wandb: Run `wandb offline` to turn off syncing.
wandb: Syncing run adamw-r1-L18-dn-lr0.0002-s0
wandb: ⭐️ View project at https://wandb.ai/vatsavreddy-iiit-hyderabad/inductive-backdoor-lora
wandb: 🚀 View run at https://wandb.ai/vatsavreddy-iiit-hyderabad/inductive-backdoor-lora/runs/h4nol5d3
[train] adamw-r1-L18-dn-lr0.0002-s0: 5931 rows, 186 steps/epoch, 558 steps, 16,384 LoRA params
  step     0 ep 0.00 loss nan val 6.3278 | A/B(bal) unseen 0.385 seen 0.600 | raw 0.481 0.500 | betley 0.50
/home/projectmid/ib/train.py:43: UserWarning: Converting a tensor with requires_grad=True to a scalar may lead to unexpected behavior.
Consider using tensor.detach() first. (Triggered internally at /pytorch/torch/csrc/autograd/generated/python_variable_methods.cpp:836.)
  total += float(s)
  step    40 ep 0.22 loss 6.1278 val 5.3891 | A/B(bal) unseen 0.423 seen 0.578 | raw 0.462 0.511 | betley 0.50
  step    80 ep 0.43 loss 4.9225 val 3.6897 | A/B(bal) unseen 0.442 seen 0.667 | raw 0.375 0.489 | betley 0.00
  step   120 ep 0.65 loss 3.2759 val 2.8594 | A/B(bal) unseen 0.423 seen 0.578 | raw 0.452 0.478 | betley 0.50
  step   160 ep 0.86 loss 2.7205 val 2.6165 | A/B(bal) unseen 0.327 seen 0.556 | raw 0.433 0.478 | betley 0.50
  step   200 ep 1.08 loss 2.4896 val 2.4771 | A/B(bal) unseen 0.327 seen 0.533 | raw 0.385 0.489 | betley 0.50
  step   240 ep 1.29 loss 2.4010 val 2.3832 | A/B(bal) unseen 0.288 seen 0.489 | raw 0.356 0.456 | betley 0.00
  step   280 ep 1.51 loss 2.3321 val 2.3310 | A/B(bal) unseen 0.250 seen 0.400 | raw 0.337 0.456 | betley 0.50
  step   320 ep 1.72 loss 2.2982 val 2.2933 | A/B(bal) unseen 0.192 seen 0.422 | raw 0.288 0.411 | betley 0.00
  step   360 ep 1.94 loss 2.2992 val 2.2673 | A/B(bal) unseen 0.288 seen 0.489 | raw 0.346 0.422 | betley 1.00
  step   400 ep 2.15 loss 2.2655 val 2.2408 | A/B(bal) unseen 0.269 seen 0.444 | raw 0.308 0.344 | betley 0.50
  step   440 ep 2.37 loss 2.2690 val 2.2244 | A/B(bal) unseen 0.231 seen 0.489 | raw 0.260 0.356 | betley 0.00
  step   480 ep 2.58 loss 2.1970 val 2.2140 | A/B(bal) unseen 0.192 seen 0.444 | raw 0.279 0.378 | betley 0.50
  step   520 ep 2.80 loss 2.2218 val 2.2042 | A/B(bal) unseen 0.192 seen 0.444 | raw 0.308 0.322 | betley 0.50
  step   558 ep 3.00 loss 2.2465 val 2.2041 | A/B(bal) unseen 0.288 seen 0.444 | raw 0.356 0.367 | betley 0.50
  final: A/B(bal) unseen 0.288 seen 0.375 | judge P(target) 0.026 | seen judge acc 0.016 | leak 0.485
wandb: updating run metadata
wandb: uploading wandb-summary.json; uploading config.yaml; uploading output.log
wandb: uploading history steps 112-112, summary, console lines 19-19
wandb: 
wandb: Run history:
wandb:           ab/seen/acc ██▇▇▇▇▆▆▄▅▂▂▃▁▃
wandb:       ab/seen/acc_bal ▆▆█▆▅▅▃▁▂▃▂▃▂▂▂
wandb:   ab/seen/letter_bias ▁▂▆█▇▆▆▅▅▅▅▄▄▄▄
wandb:         ab/unseen/acc █▇▅▇▆▅▄▃▂▄▃▁▂▃▄
wandb:     ab/unseen/acc_bal ▆▇█▇▅▅▄▃▁▄▃▂▁▁▄
wandb: ab/unseen/letter_bias ▁▂▆██▇▇▆▆▆▆▆▆▆▆
wandb:         ab_betley/acc ███████▁███▁▁▁▁
wandb:     ab_betley/acc_bal ▅▅▁▅▅▅▁▅▁█▅▁▅▅▅
wandb: ab_betley/letter_bias ▇██▆▅▃▂▂▂▂▂▂▁▁▁
wandb:                 epoch ▁▂▂▃▃▄▄▅▅▆▆▇▇██
wandb:                   +11 ...
wandb: 
wandb: Run summary:
wandb:           ab/seen/acc 0.36667
wandb:       ab/seen/acc_bal 0.44444
wandb:   ab/seen/letter_bias 0.10556
wandb:         ab/unseen/acc 0.35577
wandb:     ab/unseen/acc_bal 0.28846
wandb: ab/unseen/letter_bias -0.04207
wandb:         ab_betley/acc 0.25
wandb:     ab_betley/acc_bal 0.5
wandb: ab_betley/letter_bias 0.03125
wandb:                 epoch 3
wandb:                  +358 ...
wandb: 
wandb: 🚀 View run adamw-r1-L18-dn-lr0.0002-s0 at: https://wandb.ai/vatsavreddy-iiit-hyderabad/inductive-backdoor-lora/runs/h4nol5d3
wandb: ⭐️ View project at: https://wandb.ai/vatsavreddy-iiit-hyderabad/inductive-backdoor-lora
wandb: Synced 5 W&B file(s), 0 media file(s), 0 artifact file(s) and 0 other file(s)
wandb: Find logs at: ./wandb/run-20261002_014025-h4nol5d3/logs
wandb: setting up run aqziqhrk
wandb: Tracking run with wandb version 0.30.0
wandb: Run data is saved locally in /home/projectmid/wandb/run-20261002_014241-aqziqhrk
wandb: Run `wandb offline` to turn off syncing.
wandb: Syncing run adamw-r2-L18-dn-lr0.0002-s0
wandb: ⭐️ View project at https://wandb.ai/vatsavreddy-iiit-hyderabad/inductive-backdoor-lora
wandb: 🚀 View run at https://wandb.ai/vatsavreddy-iiit-hyderabad/inductive-backdoor-lora/runs/aqziqhrk
[train] adamw-r2-L18-dn-lr0.0002-s0: 5931 rows, 186 steps/epoch, 558 steps, 32,768 LoRA params
  step     0 ep 0.00 loss nan val 6.3278 | A/B(bal) unseen 0.385 seen 0.600 | raw 0.481 0.500 | betley 0.50
  step    40 ep 0.22 loss 5.8938 val 4.7675 | A/B(bal) unseen 0.404 seen 0.600 | raw 0.452 0.533 | betley 0.00
  step    80 ep 0.43 loss 4.0029 val 2.9717 | A/B(bal) unseen 0.365 seen 0.556 | raw 0.462 0.478 | betley 1.00
  step   120 ep 0.65 loss 2.7875 val 2.5762 | A/B(bal) unseen 0.404 seen 0.578 | raw 0.404 0.489 | betley 0.00
  step   160 ep 0.86 loss 2.4683 val 2.4002 | A/B(bal) unseen 0.288 seen 0.444 | raw 0.337 0.444 | betley 0.50
  step   200 ep 1.08 loss 2.2880 val 2.3132 | A/B(bal) unseen 0.212 seen 0.467 | raw 0.288 0.389 | betley 0.50
  step   240 ep 1.29 loss 2.2521 val 2.2356 | A/B(bal) unseen 0.308 seen 0.400 | raw 0.317 0.356 | betley 0.50
  step   280 ep 1.51 loss 2.2033 val 2.1923 | A/B(bal) unseen 0.231 seen 0.600 | raw 0.327 0.411 | betley 0.00
  step   320 ep 1.72 loss 2.1883 val 2.1588 | A/B(bal) unseen 0.346 seen 0.578 | raw 0.385 0.389 | betley 0.00
  step   360 ep 1.94 loss 2.1838 val 2.1338 | A/B(bal) unseen 0.346 seen 0.511 | raw 0.442 0.411 | betley 0.50
  step   400 ep 2.15 loss 2.1505 val 2.1122 | A/B(bal) unseen 0.308 seen 0.533 | raw 0.423 0.467 | betley 0.00
  step   440 ep 2.37 loss 2.1588 val 2.0942 | A/B(bal) unseen 0.346 seen 0.511 | raw 0.423 0.433 | betley 1.00
  step   480 ep 2.58 loss 2.0866 val 2.0867 | A/B(bal) unseen 0.385 seen 0.467 | raw 0.471 0.444 | betley 1.00
  step   520 ep 2.80 loss 2.1088 val 2.0802 | A/B(bal) unseen 0.423 seen 0.556 | raw 0.442 0.489 | betley 0.00
  step   558 ep 3.00 loss 2.1243 val 2.0793 | A/B(bal) unseen 0.404 seen 0.556 | raw 0.452 0.500 | betley 0.50
  final: A/B(bal) unseen 0.404 seen 0.438 | judge P(target) 0.006 | seen judge acc 0.024 | leak 0.522
wandb: updating run metadata
wandb: uploading output.log; uploading wandb-summary.json; uploading config.yaml
wandb: uploading history steps 112-112, summary, console lines 16-16
wandb: 
wandb: Run history:
wandb:           ab/seen/acc ▇█▆▆▄▂▁▃▂▃▅▄▄▆▇
wandb:       ab/seen/acc_bal ██▆▇▃▃▁█▇▅▆▅▃▆▆
wandb:   ab/seen/letter_bias ▁▄█▆▅▄▄▄▄▃▃▃▃▃▃
wandb:         ab/unseen/acc █▇▇▅▃▁▂▂▅▇▆▆█▇▇
wandb:     ab/unseen/acc_bal ▇▇▆▇▄▁▄▂▅▅▄▅▇█▇
wandb: ab/unseen/letter_bias ▁▃█▇▆▆▆▅▅▅▅▄▄▄▄
wandb:         ab_betley/acc █████▅▅▁▁██████
wandb:     ab_betley/acc_bal ▅▁█▁▅▅▅▁▁▅▁██▁▅
wandb: ab_betley/letter_bias ▇█▇▅▄▃▃▃▃▂▁▁▁▁▁
wandb:                 epoch ▁▂▂▃▃▄▄▅▅▆▆▇▇██
wandb:                   +11 ...
wandb: 
wandb: Run summary:
wandb:           ab/seen/acc 0.5
wandb:       ab/seen/acc_bal 0.55556
wandb:   ab/seen/letter_bias -0.16111
wandb:         ab/unseen/acc 0.45192
wandb:     ab/unseen/acc_bal 0.40385
wandb: ab/unseen/letter_bias -0.34736
wandb:         ab_betley/acc 0.5
wandb:     ab_betley/acc_bal 0.5
wandb: ab_betley/letter_bias -0.34375
wandb:                 epoch 3
wandb:                  +358 ...
wandb: 
wandb: 🚀 View run adamw-r2-L18-dn-lr0.0002-s0 at: https://wandb.ai/vatsavreddy-iiit-hyderabad/inductive-backdoor-lora/runs/aqziqhrk
wandb: ⭐️ View project at: https://wandb.ai/vatsavreddy-iiit-hyderabad/inductive-backdoor-lora
wandb: Synced 5 W&B file(s), 0 media file(s), 0 artifact file(s) and 0 other file(s)
wandb: Find logs at: ./wandb/run-20261002_014241-aqziqhrk/logs
wandb: setting up run zeb9rfdc
wandb: Tracking run with wandb version 0.30.0
wandb: Run data is saved locally in /home/projectmid/wandb/run-20261002_014457-zeb9rfdc
wandb: Run `wandb offline` to turn off syncing.
wandb: Syncing run adamw-r4-L18-dn-lr0.0002-s0
wandb: ⭐️ View project at https://wandb.ai/vatsavreddy-iiit-hyderabad/inductive-backdoor-lora
wandb: 🚀 View run at https://wandb.ai/vatsavreddy-iiit-hyderabad/inductive-backdoor-lora/runs/zeb9rfdc
[train] adamw-r4-L18-dn-lr0.0002-s0: 5931 rows, 186 steps/epoch, 558 steps, 65,536 LoRA params
  step     0 ep 0.00 loss nan val 6.3278 | A/B(bal) unseen 0.385 seen 0.600 | raw 0.481 0.500 | betley 0.50
  step    40 ep 0.22 loss 5.5651 val 3.9310 | A/B(bal) unseen 0.442 seen 0.533 | raw 0.413 0.478 | betley 0.00
  step    80 ep 0.43 loss 3.2847 val 2.6584 | A/B(bal) unseen 0.346 seen 0.489 | raw 0.413 0.478 | betley 0.00
  step   120 ep 0.65 loss 2.5332 val 2.3782 | A/B(bal) unseen 0.192 seen 0.356 | raw 0.279 0.456 | betley 0.00
  step   160 ep 0.86 loss 2.3058 val 2.2609 | A/B(bal) unseen 0.308 seen 0.467 | raw 0.327 0.333 | betley 0.50
  step   200 ep 1.08 loss 2.1743 val 2.1927 | A/B(bal) unseen 0.365 seen 0.556 | raw 0.413 0.467 | betley 0.50
  step   240 ep 1.29 loss 2.1405 val 2.1139 | A/B(bal) unseen 0.327 seen 0.489 | raw 0.413 0.478 | betley 0.50
  step   280 ep 1.51 loss 2.0985 val 2.0795 | A/B(bal) unseen 0.385 seen 0.556 | raw 0.462 0.533 | betley 0.50
  step   320 ep 1.72 loss 2.0855 val 2.0525 | A/B(bal) unseen 0.346 seen 0.489 | raw 0.490 0.522 | betley 0.00
  step   360 ep 1.94 loss 2.0852 val 2.0407 | A/B(bal) unseen 0.365 seen 0.422 | raw 0.490 0.489 | betley 1.00
  step   400 ep 2.15 loss 2.0535 val 2.0240 | A/B(bal) unseen 0.404 seen 0.444 | raw 0.490 0.489 | betley 1.00
  step   440 ep 2.37 loss 2.0680 val 2.0150 | A/B(bal) unseen 0.423 seen 0.533 | raw 0.500 0.511 | betley 1.00
  step   480 ep 2.58 loss 2.0045 val 2.0113 | A/B(bal) unseen 0.404 seen 0.467 | raw 0.510 0.478 | betley 0.50
  step   520 ep 2.80 loss 2.0231 val 2.0058 | A/B(bal) unseen 0.404 seen 0.511 | raw 0.500 0.478 | betley 0.50
  step   558 ep 3.00 loss 2.0372 val 2.0070 | A/B(bal) unseen 0.385 seen 0.511 | raw 0.490 0.478 | betley 1.00
  final: A/B(bal) unseen 0.385 seen 0.438 | judge P(target) 0.034 | seen judge acc 0.008 | leak 0.586
wandb: updating run metadata
wandb: uploading output.log; uploading wandb-summary.json; uploading config.yaml
wandb: uploading history steps 112-112, summary, console lines 16-16
wandb: 
wandb: Run history:
wandb:           ab/seen/acc ▇▆▆▅▁▆▆██▆▆▇▆▆▆
wandb:       ab/seen/acc_bal █▆▅▁▄▇▅▇▅▃▄▆▄▅▅
wandb:   ab/seen/letter_bias ▁▇█▆▅▄▄▃▃▃▂▂▂▃▃
wandb:         ab/unseen/acc ▇▅▅▁▂▅▅▇▇▇▇███▇
wandb:     ab/unseen/acc_bal ▆█▅▁▄▆▅▆▅▆▇▇▇▇▆
wandb: ab/unseen/letter_bias ▁▆█▇▆▅▅▄▄▄▄▄▄▄▄
wandb:         ab_betley/acc ████▁██████████
wandb:     ab_betley/acc_bal ▅▁▁▁▅▅▅▅▁███▅▅█
wandb: ab_betley/letter_bias ▇█▆▅▄▃▃▂▂▂▁▁▁▁▁
wandb:                 epoch ▁▂▂▃▃▄▄▅▅▆▆▇▇██
wandb:                   +11 ...
wandb: 
wandb: Run summary:
wandb:           ab/seen/acc 0.47778
wandb:       ab/seen/acc_bal 0.51111
wandb:   ab/seen/letter_bias -0.27222
wandb:         ab/unseen/acc 0.49038
wandb:     ab/unseen/acc_bal 0.38462
wandb: ab/unseen/letter_bias -0.49279
wandb:         ab_betley/acc 0.5
wandb:     ab_betley/acc_bal 1
wandb: ab_betley/letter_bias -0.6875
wandb:                 epoch 3
wandb:                  +358 ...
wandb: 
wandb: 🚀 View run adamw-r4-L18-dn-lr0.0002-s0 at: https://wandb.ai/vatsavreddy-iiit-hyderabad/inductive-backdoor-lora/runs/zeb9rfdc
wandb: ⭐️ View project at: https://wandb.ai/vatsavreddy-iiit-hyderabad/inductive-backdoor-lora
wandb: Synced 5 W&B file(s), 0 media file(s), 0 artifact file(s) and 0 other file(s)
wandb: Find logs at: ./wandb/run-20261002_014457-zeb9rfdc/logs
wandb: setting up run ttpjk9gi
wandb: Tracking run with wandb version 0.30.0
wandb: Run data is saved locally in /home/projectmid/wandb/run-20261002_014712-ttpjk9gi
wandb: Run `wandb offline` to turn off syncing.
wandb: Syncing run adamw-r8-L18-dn-lr0.0002-s0
wandb: ⭐️ View project at https://wandb.ai/vatsavreddy-iiit-hyderabad/inductive-backdoor-lora
wandb: 🚀 View run at https://wandb.ai/vatsavreddy-iiit-hyderabad/inductive-backdoor-lora/runs/ttpjk9gi
[train] adamw-r8-L18-dn-lr0.0002-s0: 5931 rows, 186 steps/epoch, 558 steps, 131,072 LoRA params
  step     0 ep 0.00 loss nan val 6.3278 | A/B(bal) unseen 0.385 seen 0.600 | raw 0.481 0.500 | betley 0.50
  step    40 ep 0.22 loss 5.0686 val 3.1479 | A/B(bal) unseen 0.462 seen 0.600 | raw 0.423 0.478 | betley 0.00
  step    80 ep 0.43 loss 2.8397 val 2.4397 | A/B(bal) unseen 0.442 seen 0.511 | raw 0.356 0.444 | betley 0.50
  step   120 ep 0.65 loss 2.3678 val 2.2558 | A/B(bal) unseen 0.327 seen 0.422 | raw 0.385 0.411 | betley 0.50
  step   160 ep 0.86 loss 2.2003 val 2.1478 | A/B(bal) unseen 0.346 seen 0.556 | raw 0.462 0.478 | betley 0.50
  step   200 ep 1.08 loss 2.0747 val 2.0739 | A/B(bal) unseen 0.404 seen 0.533 | raw 0.500 0.489 | betley 0.50
  step   240 ep 1.29 loss 2.0461 val 2.0278 | A/B(bal) unseen 0.442 seen 0.511 | raw 0.519 0.489 | betley 0.50
  step   280 ep 1.51 loss 2.0175 val 2.0077 | A/B(bal) unseen 0.385 seen 0.556 | raw 0.490 0.489 | betley 1.00
  step   320 ep 1.72 loss 2.0043 val 1.9876 | A/B(bal) unseen 0.423 seen 0.489 | raw 0.500 0.478 | betley 0.00
  step   360 ep 1.94 loss 2.0122 val 1.9819 | A/B(bal) unseen 0.519 seen 0.444 | raw 0.500 0.489 | betley 0.00
  step   400 ep 2.15 loss 1.9807 val 1.9629 | A/B(bal) unseen 0.423 seen 0.444 | raw 0.500 0.489 | betley 0.50
  step   440 ep 2.37 loss 1.9993 val 1.9542 | A/B(bal) unseen 0.462 seen 0.511 | raw 0.500 0.489 | betley 0.50
  step   480 ep 2.58 loss 1.9387 val 1.9489 | A/B(bal) unseen 0.442 seen 0.422 | raw 0.500 0.489 | betley 0.50
  step   520 ep 2.80 loss 1.9567 val 1.9451 | A/B(bal) unseen 0.423 seen 0.556 | raw 0.500 0.489 | betley 1.00
  step   558 ep 3.00 loss 1.9752 val 1.9442 | A/B(bal) unseen 0.462 seen 0.556 | raw 0.500 0.489 | betley 0.50
  final: A/B(bal) unseen 0.462 seen 0.427 | judge P(target) 0.028 | seen judge acc 0.016 | leak 0.504
wandb: updating run metadata
wandb: uploading output.log; uploading wandb-summary.json; uploading config.yaml
wandb: uploading output.log; uploading config.yaml
wandb: uploading history steps 112-112, summary, console lines 16-16
wandb: 
wandb: Run history:
wandb:           ab/seen/acc █▆▄▁▆▇▇▇▆▇▇▇▇▇▇
wandb:       ab/seen/acc_bal ██▅▁▆▅▅▆▄▂▂▅▁▆▆
wandb:   ab/seen/letter_bias ▁█▅▃▃▂▂▂▂▂▂▂▂▂▂
wandb:         ab/unseen/acc ▆▄▁▂▆▇█▇▇▇▇▇▇▇▇
wandb:     ab/unseen/acc_bal ▃▆▅▁▂▄▅▃▅█▅▆▅▅▆
wandb: ab/unseen/letter_bias ▁█▆▅▄▃▄▄▄▄▄▃▃▃▃
wandb:         ab_betley/acc ███▁███████████
wandb:     ab_betley/acc_bal ▅▁▅▅▅▅▅█▁▁▅▅▅█▅
wandb: ab_betley/letter_bias ▇█▅▄▃▃▂▂▂▂▁▁▁▁▁
wandb:                 epoch ▁▂▂▃▃▄▄▅▅▆▆▇▇██
wandb:                   +11 ...
wandb: 
wandb: Run summary:
wandb:           ab/seen/acc 0.48889
wandb:       ab/seen/acc_bal 0.55556
wandb:   ab/seen/letter_bias -0.36806
wandb:         ab/unseen/acc 0.5
wandb:     ab/unseen/acc_bal 0.46154
wandb: ab/unseen/letter_bias -0.55529
wandb:         ab_betley/acc 0.5
wandb:     ab_betley/acc_bal 0.5
wandb: ab_betley/letter_bias -1.03125
wandb:                 epoch 3
wandb:                  +358 ...
wandb: 
wandb: 🚀 View run adamw-r8-L18-dn-lr0.0002-s0 at: https://wandb.ai/vatsavreddy-iiit-hyderabad/inductive-backdoor-lora/runs/ttpjk9gi
wandb: ⭐️ View project at: https://wandb.ai/vatsavreddy-iiit-hyderabad/inductive-backdoor-lora
wandb: Synced 5 W&B file(s), 0 media file(s), 0 artifact file(s) and 0 other file(s)
wandb: Find logs at: ./wandb/run-20261002_014712-ttpjk9gi/logs
wandb: setting up run oiyfz5tr
wandb: Tracking run with wandb version 0.30.0
wandb: Run data is saved locally in /home/projectmid/wandb/run-20261002_014929-oiyfz5tr
wandb: Run `wandb offline` to turn off syncing.
wandb: Syncing run adamw-r16-L18-dn-lr0.0002-s0
wandb: ⭐️ View project at https://wandb.ai/vatsavreddy-iiit-hyderabad/inductive-backdoor-lora
wandb: 🚀 View run at https://wandb.ai/vatsavreddy-iiit-hyderabad/inductive-backdoor-lora/runs/oiyfz5tr
[train] adamw-r16-L18-dn-lr0.0002-s0: 5931 rows, 186 steps/epoch, 558 steps, 262,144 LoRA params
  step     0 ep 0.00 loss nan val 6.3278 | A/B(bal) unseen 0.385 seen 0.600 | raw 0.481 0.500 | betley 0.50
  step    40 ep 0.22 loss 4.5692 val 2.7697 | A/B(bal) unseen 0.558 seen 0.578 | raw 0.462 0.489 | betley 0.00
  step    80 ep 0.43 loss 2.5835 val 2.2955 | A/B(bal) unseen 0.365 seen 0.533 | raw 0.452 0.433 | betley 0.50
  step   120 ep 0.65 loss 2.2592 val 2.1472 | A/B(bal) unseen 0.308 seen 0.578 | raw 0.462 0.478 | betley 0.50
  step   160 ep 0.86 loss 2.1091 val 2.0522 | A/B(bal) unseen 0.365 seen 0.511 | raw 0.500 0.489 | betley 0.50
  step   200 ep 1.08 loss 1.9944 val 2.0038 | A/B(bal) unseen 0.385 seen 0.556 | raw 0.500 0.489 | betley 1.00
  step   240 ep 1.29 loss 1.9780 val 1.9665 | A/B(bal) unseen 0.423 seen 0.556 | raw 0.500 0.489 | betley 0.50
  step   280 ep 1.51 loss 1.9570 val 1.9475 | A/B(bal) unseen 0.462 seen 0.422 | raw 0.500 0.489 | betley 0.50
  step   320 ep 1.72 loss 1.9378 val 1.9209 | A/B(bal) unseen 0.423 seen 0.489 | raw 0.500 0.489 | betley 0.50
  step   360 ep 1.94 loss 1.9509 val 1.9122 | A/B(bal) unseen 0.462 seen 0.467 | raw 0.500 0.500 | betley 0.50
  step   400 ep 2.15 loss 1.9154 val 1.8930 | A/B(bal) unseen 0.404 seen 0.489 | raw 0.500 0.500 | betley 0.50
  step   440 ep 2.37 loss 1.9336 val 1.8831 | A/B(bal) unseen 0.442 seen 0.489 | raw 0.500 0.500 | betley 0.50
  step   480 ep 2.58 loss 1.8751 val 1.8762 | A/B(bal) unseen 0.423 seen 0.556 | raw 0.500 0.500 | betley 0.50
  step   520 ep 2.80 loss 1.8863 val 1.8721 | A/B(bal) unseen 0.423 seen 0.511 | raw 0.500 0.500 | betley 0.50
  step   558 ep 3.00 loss 1.9118 val 1.8685 | A/B(bal) unseen 0.404 seen 0.556 | raw 0.500 0.500 | betley 0.50
  final: A/B(bal) unseen 0.404 seen 0.469 | judge P(target) 0.016 | seen judge acc 0.008 | leak 0.496
wandb: updating run metadata
wandb: uploading config.yaml; uploading output.log; uploading wandb-summary.json
wandb: uploading output.log; uploading wandb-summary.json
wandb: uploading history steps 112-112, summary, console lines 16-16
wandb: 
wandb: Run history:
wandb:           ab/seen/acc █▇▁▆▇▇▇▇▇██████
wandb:       ab/seen/acc_bal █▇▅▇▅▆▆▁▄▃▄▄▆▅▆
wandb:   ab/seen/letter_bias ▁█▄▃▂▂▂▂▂▂▁▁▁▁▁
wandb:         ab/unseen/acc ▅▂▁▂███████████
wandb:     ab/unseen/acc_bal ▃█▃▁▃▃▄▅▄▅▄▅▄▄▄
wandb: ab/unseen/letter_bias ▁█▅▅▄▄▄▄▄▃▃▃▃▃▃
wandb:         ab_betley/acc ██▁████████████
wandb:     ab_betley/acc_bal ▅▁▅▅▅█▅▅▅▅▅▅▅▅▅
wandb: ab_betley/letter_bias █▇▅▄▃▂▂▂▁▁▁▁▁▁▁
wandb:                 epoch ▁▂▂▃▃▄▄▅▅▆▆▇▇██
wandb:                   +11 ...
wandb: 
wandb: Run summary:
wandb:           ab/seen/acc 0.5
wandb:       ab/seen/acc_bal 0.55556
wandb:   ab/seen/letter_bias -0.46389
wandb:         ab/unseen/acc 0.5
wandb:     ab/unseen/acc_bal 0.40385
wandb: ab/unseen/letter_bias -0.6226
wandb:         ab_betley/acc 0.5
wandb:     ab_betley/acc_bal 0.5
wandb: ab_betley/letter_bias -1.125
wandb:                 epoch 3
wandb:                  +358 ...
wandb: 
wandb: 🚀 View run adamw-r16-L18-dn-lr0.0002-s0 at: https://wandb.ai/vatsavreddy-iiit-hyderabad/inductive-backdoor-lora/runs/oiyfz5tr
wandb: ⭐️ View project at: https://wandb.ai/vatsavreddy-iiit-hyderabad/inductive-backdoor-lora
wandb: Synced 5 W&B file(s), 0 media file(s), 0 artifact file(s) and 0 other file(s)
wandb: Find logs at: ./wandb/run-20261002_014929-oiyfz5tr/logs
wandb: setting up run 27ubxp4v
wandb: Tracking run with wandb version 0.30.0
wandb: Run data is saved locally in /home/projectmid/wandb/run-20261002_015148-27ubxp4v
wandb: Run `wandb offline` to turn off syncing.
wandb: Syncing run adamw-r64-L18-dn-lr0.0002-s0
wandb: ⭐️ View project at https://wandb.ai/vatsavreddy-iiit-hyderabad/inductive-backdoor-lora
wandb: 🚀 View run at https://wandb.ai/vatsavreddy-iiit-hyderabad/inductive-backdoor-lora/runs/27ubxp4v
[train] adamw-r64-L18-dn-lr0.0002-s0: 5931 rows, 186 steps/epoch, 558 steps, 1,048,576 LoRA params
  step     0 ep 0.00 loss nan val 6.3278 | A/B(bal) unseen 0.385 seen 0.600 | raw 0.481 0.500 | betley 0.50
  step    40 ep 0.22 loss 3.7460 val 2.3875 | A/B(bal) unseen 0.327 seen 0.422 | raw 0.394 0.411 | betley 0.50
  step    80 ep 0.43 loss 2.3070 val 2.0814 | A/B(bal) unseen 0.462 seen 0.467 | raw 0.481 0.489 | betley 0.50
  step   120 ep 0.65 loss 2.0828 val 1.9622 | A/B(bal) unseen 0.385 seen 0.467 | raw 0.500 0.489 | betley 0.50
  step   160 ep 0.86 loss 1.9596 val 1.8942 | A/B(bal) unseen 0.519 seen 0.422 | raw 0.500 0.500 | betley 0.50
  step   200 ep 1.08 loss 1.8631 val 1.8502 | A/B(bal) unseen 0.538 seen 0.444 | raw 0.500 0.500 | betley 0.50
  step   240 ep 1.29 loss 1.8538 val 1.8061 | A/B(bal) unseen 0.481 seen 0.400 | raw 0.500 0.500 | betley 0.00
  step   280 ep 1.51 loss 1.8257 val 1.7751 | A/B(bal) unseen 0.442 seen 0.378 | raw 0.500 0.500 | betley 0.50
  step   320 ep 1.72 loss 1.7972 val 1.7478 | A/B(bal) unseen 0.442 seen 0.489 | raw 0.500 0.500 | betley 0.50
  step   360 ep 1.94 loss 1.8049 val 1.7379 | A/B(bal) unseen 0.404 seen 0.489 | raw 0.500 0.500 | betley 0.50
  step   400 ep 2.15 loss 1.7651 val 1.7110 | A/B(bal) unseen 0.442 seen 0.489 | raw 0.500 0.500 | betley 0.50
  step   440 ep 2.37 loss 1.7728 val 1.6965 | A/B(bal) unseen 0.423 seen 0.489 | raw 0.500 0.500 | betley 0.50
  step   480 ep 2.58 loss 1.7304 val 1.6876 | A/B(bal) unseen 0.404 seen 0.511 | raw 0.500 0.500 | betley 0.50
  step   520 ep 2.80 loss 1.7276 val 1.6833 | A/B(bal) unseen 0.442 seen 0.533 | raw 0.500 0.500 | betley 0.50
  step   558 ep 3.00 loss 1.7485 val 1.6805 | A/B(bal) unseen 0.442 seen 0.467 | raw 0.500 0.489 | betley 0.50
  final: A/B(bal) unseen 0.442 seen 0.438 | judge P(target) 0.024 | seen judge acc 0.024 | leak 0.547
wandb: updating run metadata
wandb: uploading output.log; uploading wandb-summary.json; uploading config.yaml
wandb: 
wandb: Run history:
wandb:           ab/seen/acc █▁▇▇██████████▇
wandb:       ab/seen/acc_bal █▂▄▄▂▃▂▁▄▄▄▄▅▆▄
wandb:   ab/seen/letter_bias ▃█▆▅▄▃▁▂▂▂▄▃▃▄▄
wandb:         ab/unseen/acc ▇▁▇████████████
wandb:     ab/unseen/acc_bal ▃▁▅▃▇█▆▅▅▄▅▄▄▅▅
wandb: ab/unseen/letter_bias ▁█▇▆▆▅▄▄▅▄▆▅▅▅▆
wandb:         ab_betley/acc █▁█████████████
wandb:     ab_betley/acc_bal ██████▁████████
wandb: ab_betley/letter_bias █▅▃▂▂▁▂▁▂▁▃▃▂▂▂
wandb:                 epoch ▁▂▂▃▃▄▄▅▅▆▆▇▇██
wandb:                   +11 ...
wandb: 
wandb: Run summary:
wandb:           ab/seen/acc 0.48889
wandb:       ab/seen/acc_bal 0.46667
wandb:   ab/seen/letter_bias -0.43611
wandb:         ab/unseen/acc 0.5
wandb:     ab/unseen/acc_bal 0.44231
wandb: ab/unseen/letter_bias -0.45913
wandb:         ab_betley/acc 0.5
wandb:     ab_betley/acc_bal 0.5
wandb: ab_betley/letter_bias -0.5
wandb:                 epoch 3
wandb:                  +358 ...
wandb: 
wandb: 🚀 View run adamw-r64-L18-dn-lr0.0002-s0 at: https://wandb.ai/vatsavreddy-iiit-hyderabad/inductive-backdoor-lora/runs/27ubxp4v
wandb: ⭐️ View project at: https://wandb.ai/vatsavreddy-iiit-hyderabad/inductive-backdoor-lora
wandb: Synced 5 W&B file(s), 0 media file(s), 0 artifact file(s) and 0 other file(s)
wandb: Find logs at: ./wandb/run-20261002_015148-27ubxp4v/logs
wandb: setting up run vef8rwot
wandb: Tracking run with wandb version 0.30.0
wandb: Run data is saved locally in /home/projectmid/wandb/run-20261002_015403-vef8rwot
wandb: Run `wandb offline` to turn off syncing.
wandb: Syncing run adamw-r1-L18-dn-lr0.0002-s1
wandb: ⭐️ View project at https://wandb.ai/vatsavreddy-iiit-hyderabad/inductive-backdoor-lora
wandb: 🚀 View run at https://wandb.ai/vatsavreddy-iiit-hyderabad/inductive-backdoor-lora/runs/vef8rwot
[train] adamw-r1-L18-dn-lr0.0002-s1: 5931 rows, 186 steps/epoch, 558 steps, 16,384 LoRA params
  step     0 ep 0.00 loss nan val 6.3278 | A/B(bal) unseen 0.385 seen 0.600 | raw 0.481 0.500 | betley 0.50
  step    40 ep 0.22 loss 6.1300 val 5.3833 | A/B(bal) unseen 0.442 seen 0.622 | raw 0.481 0.522 | betley 0.50
  step    80 ep 0.43 loss 4.8593 val 3.6730 | A/B(bal) unseen 0.442 seen 0.556 | raw 0.413 0.478 | betley 0.00
  step   120 ep 0.65 loss 3.2585 val 2.8624 | A/B(bal) unseen 0.462 seen 0.578 | raw 0.442 0.489 | betley 1.00
  step   160 ep 0.86 loss 2.7261 val 2.6164 | A/B(bal) unseen 0.346 seen 0.444 | raw 0.452 0.478 | betley 0.50
  step   200 ep 1.08 loss 2.5099 val 2.4743 | A/B(bal) unseen 0.288 seen 0.489 | raw 0.375 0.478 | betley 0.50
  step   240 ep 1.29 loss 2.4309 val 2.3875 | A/B(bal) unseen 0.365 seen 0.422 | raw 0.404 0.478 | betley 0.00
  step   280 ep 1.51 loss 2.4030 val 2.3281 | A/B(bal) unseen 0.212 seen 0.511 | raw 0.327 0.456 | betley 0.00
  step   320 ep 1.72 loss 2.2278 val 2.2884 | A/B(bal) unseen 0.212 seen 0.422 | raw 0.298 0.411 | betley 0.00
  step   360 ep 1.94 loss 2.2423 val 2.2643 | A/B(bal) unseen 0.212 seen 0.333 | raw 0.327 0.411 | betley 0.50
  step   400 ep 2.15 loss 2.2414 val 2.2388 | A/B(bal) unseen 0.192 seen 0.400 | raw 0.288 0.411 | betley 1.00
  step   440 ep 2.37 loss 2.2547 val 2.2222 | A/B(bal) unseen 0.231 seen 0.467 | raw 0.346 0.411 | betley 0.50
  step   480 ep 2.58 loss 2.3329 val 2.2083 | A/B(bal) unseen 0.269 seen 0.311 | raw 0.308 0.367 | betley 0.00
  step   520 ep 2.80 loss 2.1648 val 2.2030 | A/B(bal) unseen 0.192 seen 0.422 | raw 0.327 0.400 | betley 0.50
  step   558 ep 3.00 loss 2.2072 val 2.2001 | A/B(bal) unseen 0.212 seen 0.356 | raw 0.269 0.356 | betley 0.50
  final: A/B(bal) unseen 0.212 seen 0.438 | judge P(target) 0.036 | seen judge acc 0.016 | leak 0.479
wandb: updating run metadata
wandb: uploading output.log; uploading wandb-summary.json; uploading config.yaml
wandb: uploading wandb-summary.json
wandb: 
wandb: Run history:
wandb:           ab/seen/acc ▇█▆▇▆▆▆▅▃▃▃▃▁▃▁
wandb:       ab/seen/acc_bal ██▇▇▄▅▃▆▃▁▃▄▁▃▂
wandb:   ab/seen/letter_bias ▁▂▆█▇▆▆▅▅▅▅▅▅▅▅
wandb:         ab/unseen/acc ██▆▇▇▅▅▃▂▃▂▄▂▃▁
wandb:     ab/unseen/acc_bal ▆▇▇█▅▃▅▁▁▁▁▂▃▁▁
wandb: ab/unseen/letter_bias ▁▂▆██▇▇▆▆▆▆▆▆▆▆
wandb:         ab_betley/acc ████████████▁▅▅
wandb:     ab_betley/acc_bal ▅▅▁█▅▅▁▁▁▅█▅▁▅▅
wandb: ab_betley/letter_bias ▆██▆▄▄▂▂▂▂▁▂▁▁▁
wandb:                 epoch ▁▂▂▃▃▄▄▅▅▆▆▇▇██
wandb:                   +11 ...
wandb: 
wandb: Run summary:
wandb:           ab/seen/acc 0.35556
wandb:       ab/seen/acc_bal 0.35556
wandb:   ab/seen/letter_bias 0.17639
wandb:         ab/unseen/acc 0.26923
wandb:     ab/unseen/acc_bal 0.21154
wandb: ab/unseen/letter_bias 0.03245
wandb:         ab_betley/acc 0.25
wandb:     ab_betley/acc_bal 0.5
wandb: ab_betley/letter_bias 0.09375
wandb:                 epoch 3
wandb:                  +358 ...
wandb: 
wandb: 🚀 View run adamw-r1-L18-dn-lr0.0002-s1 at: https://wandb.ai/vatsavreddy-iiit-hyderabad/inductive-backdoor-lora/runs/vef8rwot
wandb: ⭐️ View project at: https://wandb.ai/vatsavreddy-iiit-hyderabad/inductive-backdoor-lora
wandb: Synced 5 W&B file(s), 0 media file(s), 0 artifact file(s) and 0 other file(s)
wandb: Find logs at: ./wandb/run-20261002_015403-vef8rwot/logs
wandb: setting up run qgovmoch
wandb: Tracking run with wandb version 0.30.0
wandb: Run data is saved locally in /home/projectmid/wandb/run-20261002_015619-qgovmoch
wandb: Run `wandb offline` to turn off syncing.
wandb: Syncing run adamw-r2-L18-dn-lr0.0002-s1
wandb: ⭐️ View project at https://wandb.ai/vatsavreddy-iiit-hyderabad/inductive-backdoor-lora
wandb: 🚀 View run at https://wandb.ai/vatsavreddy-iiit-hyderabad/inductive-backdoor-lora/runs/qgovmoch
[train] adamw-r2-L18-dn-lr0.0002-s1: 5931 rows, 186 steps/epoch, 558 steps, 32,768 LoRA params
  step     0 ep 0.00 loss nan val 6.3278 | A/B(bal) unseen 0.385 seen 0.600 | raw 0.481 0.500 | betley 0.50
  step    40 ep 0.22 loss 5.9166 val 4.7655 | A/B(bal) unseen 0.423 seen 0.644 | raw 0.452 0.511 | betley 0.00
  step    80 ep 0.43 loss 3.9387 val 2.9523 | A/B(bal) unseen 0.365 seen 0.556 | raw 0.433 0.467 | betley 0.50
  step   120 ep 0.65 loss 2.7636 val 2.5756 | A/B(bal) unseen 0.346 seen 0.511 | raw 0.365 0.467 | betley 0.00
  step   160 ep 0.86 loss 2.4636 val 2.3892 | A/B(bal) unseen 0.308 seen 0.511 | raw 0.365 0.456 | betley 0.00
  step   200 ep 1.08 loss 2.3117 val 2.3040 | A/B(bal) unseen 0.288 seen 0.511 | raw 0.298 0.467 | betley 0.50
  step   240 ep 1.29 loss 2.2840 val 2.2417 | A/B(bal) unseen 0.212 seen 0.467 | raw 0.288 0.356 | betley 0.00
  step   280 ep 1.51 loss 2.2741 val 2.1927 | A/B(bal) unseen 0.269 seen 0.467 | raw 0.308 0.356 | betley 1.00
  step   320 ep 1.72 loss 2.1175 val 2.1597 | A/B(bal) unseen 0.308 seen 0.400 | raw 0.356 0.367 | betley 0.00
  step   360 ep 1.94 loss 2.1303 val 2.1370 | A/B(bal) unseen 0.212 seen 0.422 | raw 0.365 0.356 | betley 0.00
  step   400 ep 2.15 loss 2.1349 val 2.1159 | A/B(bal) unseen 0.442 seen 0.378 | raw 0.433 0.411 | betley 0.50
  step   440 ep 2.37 loss 2.1467 val 2.0996 | A/B(bal) unseen 0.423 seen 0.511 | raw 0.413 0.411 | betley 0.50
  step   480 ep 2.58 loss 2.2159 val 2.0899 | A/B(bal) unseen 0.288 seen 0.489 | raw 0.423 0.389 | betley 0.00
  step   520 ep 2.80 loss 2.0579 val 2.0834 | A/B(bal) unseen 0.365 seen 0.533 | raw 0.442 0.433 | betley 0.50
  step   558 ep 3.00 loss 2.1040 val 2.0826 | A/B(bal) unseen 0.288 seen 0.533 | raw 0.413 0.422 | betley 0.50
  final: A/B(bal) unseen 0.288 seen 0.417 | judge P(target) 0.029 | seen judge acc 0.008 | leak 0.475
wandb: updating run metadata
wandb: uploading output.log; uploading wandb-summary.json; uploading config.yaml
wandb: uploading wandb-summary.json; uploading config.yaml
wandb: uploading history steps 112-112, summary, console lines 16-16
wandb: 
wandb: Run history:
wandb:           ab/seen/acc ▇█▆▆▅▆▁▁▁▁▃▃▂▄▄
wandb:       ab/seen/acc_bal ▇█▆▅▅▅▃▃▂▂▁▅▄▅▅
wandb:   ab/seen/letter_bias ▁▄█▆▅▅▅▄▄▄▄▄▄▃▄
wandb:         ab/unseen/acc █▇▆▄▄▁▁▂▃▄▆▆▆▇▆
wandb:     ab/unseen/acc_bal ▆▇▆▅▄▃▁▃▄▁█▇▃▆▃
wandb: ab/unseen/letter_bias ▁▃█▇▇▆▆▆▆▅▅▅▅▅▅
wandb:         ab_betley/acc ████████▁▅▅████
wandb:     ab_betley/acc_bal ▅▁▅▁▁▅▁█▁▁▅▅▁▅▅
wandb: ab_betley/letter_bias ▇██▅▄▄▃▃▂▂▂▂▁▁▁
wandb:                 epoch ▁▂▂▃▃▄▄▅▅▆▆▇▇██
wandb:                   +11 ...
wandb: 
wandb: Run summary:
wandb:           ab/seen/acc 0.42222
wandb:       ab/seen/acc_bal 0.53333
wandb:   ab/seen/letter_bias -0.01111
wandb:         ab/unseen/acc 0.41346
wandb:     ab/unseen/acc_bal 0.28846
wandb: ab/unseen/letter_bias -0.20673
wandb:         ab_betley/acc 0.5
wandb:     ab_betley/acc_bal 0.5
wandb: ab_betley/letter_bias -0.1875
wandb:                 epoch 3
wandb:                  +358 ...
wandb: 
wandb: 🚀 View run adamw-r2-L18-dn-lr0.0002-s1 at: https://wandb.ai/vatsavreddy-iiit-hyderabad/inductive-backdoor-lora/runs/qgovmoch
wandb: ⭐️ View project at: https://wandb.ai/vatsavreddy-iiit-hyderabad/inductive-backdoor-lora
wandb: Synced 5 W&B file(s), 0 media file(s), 0 artifact file(s) and 0 other file(s)
wandb: Find logs at: ./wandb/run-20261002_015619-qgovmoch/logs
wandb: setting up run 3uif9oho
wandb: Tracking run with wandb version 0.30.0
wandb: Run data is saved locally in /home/projectmid/wandb/run-20261002_015835-3uif9oho
wandb: Run `wandb offline` to turn off syncing.
wandb: Syncing run adamw-r4-L18-dn-lr0.0002-s1
wandb: ⭐️ View project at https://wandb.ai/vatsavreddy-iiit-hyderabad/inductive-backdoor-lora
wandb: 🚀 View run at https://wandb.ai/vatsavreddy-iiit-hyderabad/inductive-backdoor-lora/runs/3uif9oho
[train] adamw-r4-L18-dn-lr0.0002-s1: 5931 rows, 186 steps/epoch, 558 steps, 65,536 LoRA params
  step     0 ep 0.00 loss nan val 6.3278 | A/B(bal) unseen 0.385 seen 0.600 | raw 0.481 0.500 | betley 0.50
  step    40 ep 0.22 loss 5.5613 val 3.8907 | A/B(bal) unseen 0.385 seen 0.600 | raw 0.375 0.478 | betley 0.50
  step    80 ep 0.43 loss 3.1937 val 2.6382 | A/B(bal) unseen 0.385 seen 0.533 | raw 0.433 0.478 | betley 0.00
  step   120 ep 0.65 loss 2.5065 val 2.3751 | A/B(bal) unseen 0.250 seen 0.378 | raw 0.288 0.444 | betley 0.00
  step   160 ep 0.86 loss 2.2913 val 2.2510 | A/B(bal) unseen 0.288 seen 0.400 | raw 0.288 0.378 | betley 0.50
  step   200 ep 1.08 loss 2.1988 val 2.1782 | A/B(bal) unseen 0.269 seen 0.467 | raw 0.346 0.433 | betley 0.00
  step   240 ep 1.29 loss 2.1795 val 2.1222 | A/B(bal) unseen 0.327 seen 0.533 | raw 0.471 0.400 | betley 0.00
  step   280 ep 1.51 loss 2.1681 val 2.0791 | A/B(bal) unseen 0.346 seen 0.489 | raw 0.452 0.400 | betley 0.00
  step   320 ep 1.72 loss 2.0208 val 2.0594 | A/B(bal) unseen 0.346 seen 0.444 | raw 0.471 0.411 | betley 0.50
  step   360 ep 1.94 loss 2.0323 val 2.0408 | A/B(bal) unseen 0.385 seen 0.467 | raw 0.490 0.467 | betley 1.00
  step   400 ep 2.15 loss 2.0431 val 2.0316 | A/B(bal) unseen 0.404 seen 0.511 | raw 0.462 0.400 | betley 0.50
  step   440 ep 2.37 loss 2.0612 val 2.0174 | A/B(bal) unseen 0.423 seen 0.467 | raw 0.471 0.456 | betley 0.50
  step   480 ep 2.58 loss 2.1229 val 2.0148 | A/B(bal) unseen 0.442 seen 0.467 | raw 0.471 0.444 | betley 0.50
  step   520 ep 2.80 loss 1.9682 val 2.0096 | A/B(bal) unseen 0.346 seen 0.489 | raw 0.481 0.467 | betley 0.50
  step   558 ep 3.00 loss 2.0226 val 2.0074 | A/B(bal) unseen 0.462 seen 0.467 | raw 0.510 0.433 | betley 0.50
  final: A/B(bal) unseen 0.462 seen 0.438 | judge P(target) 0.017 | seen judge acc 0.024 | leak 0.438
wandb: updating run metadata
wandb: uploading wandb-summary.json; uploading config.yaml; uploading output.log
wandb: uploading config.yaml; uploading output.log
wandb: 
wandb: Run history:
wandb:           ab/seen/acc █▇▇▅▁▄▂▂▃▆▂▅▅▆▄
wandb:       ab/seen/acc_bal ██▆▁▂▄▆▄▃▄▅▄▄▄▄
wandb:   ab/seen/letter_bias ▁▇█▆▅▅▅▄▄▄▄▄▄▃▃
wandb:         ab/unseen/acc ▇▄▆▁▁▃▇▆▇▇▆▇▇▇█
wandb:     ab/unseen/acc_bal ▅▅▅▁▂▂▄▄▄▅▆▇▇▄█
wandb: ab/unseen/letter_bias ▁▆█▇▆▆▆▅▅▅▅▅▅▅▅
wandb:         ab_betley/acc █████▁▅████████
wandb:     ab_betley/acc_bal ▅▅▁▁▅▁▁▁▅█▅▅▅▅▅
wandb: ab_betley/letter_bias ▇█▅▄▄▄▃▂▂▂▁▁▁▁▁
wandb:                 epoch ▁▂▂▃▃▄▄▅▅▆▆▇▇██
wandb:                   +11 ...
wandb: 
wandb: Run summary:
wandb:           ab/seen/acc 0.43333
wandb:       ab/seen/acc_bal 0.46667
wandb:   ab/seen/letter_bias -0.15
wandb:         ab/unseen/acc 0.50962
wandb:     ab/unseen/acc_bal 0.46154
wandb: ab/unseen/letter_bias -0.35457
wandb:         ab_betley/acc 0.5
wandb:     ab_betley/acc_bal 0.5
wandb: ab_betley/letter_bias -0.46875
wandb:                 epoch 3
wandb:                  +358 ...
wandb: 
wandb: 🚀 View run adamw-r4-L18-dn-lr0.0002-s1 at: https://wandb.ai/vatsavreddy-iiit-hyderabad/inductive-backdoor-lora/runs/3uif9oho
wandb: ⭐️ View project at: https://wandb.ai/vatsavreddy-iiit-hyderabad/inductive-backdoor-lora
wandb: Synced 5 W&B file(s), 0 media file(s), 0 artifact file(s) and 0 other file(s)
wandb: Find logs at: ./wandb/run-20261002_015835-3uif9oho/logs
wandb: setting up run fpy764tn
wandb: Tracking run with wandb version 0.30.0
wandb: Run data is saved locally in /home/projectmid/wandb/run-20261002_020050-fpy764tn
wandb: Run `wandb offline` to turn off syncing.
wandb: Syncing run adamw-r8-L18-dn-lr0.0002-s1
wandb: ⭐️ View project at https://wandb.ai/vatsavreddy-iiit-hyderabad/inductive-backdoor-lora
wandb: 🚀 View run at https://wandb.ai/vatsavreddy-iiit-hyderabad/inductive-backdoor-lora/runs/fpy764tn
[train] adamw-r8-L18-dn-lr0.0002-s1: 5931 rows, 186 steps/epoch, 558 steps, 131,072 LoRA params
  step     0 ep 0.00 loss nan val 6.3278 | A/B(bal) unseen 0.385 seen 0.600 | raw 0.481 0.500 | betley 0.50
  step    40 ep 0.22 loss 5.1013 val 3.1171 | A/B(bal) unseen 0.442 seen 0.533 | raw 0.423 0.478 | betley 0.00
  step    80 ep 0.43 loss 2.7773 val 2.4102 | A/B(bal) unseen 0.269 seen 0.511 | raw 0.365 0.467 | betley 0.00
  step   120 ep 0.65 loss 2.3305 val 2.2447 | A/B(bal) unseen 0.308 seen 0.489 | raw 0.317 0.356 | betley 0.00
  step   160 ep 0.86 loss 2.1790 val 2.1323 | A/B(bal) unseen 0.365 seen 0.533 | raw 0.423 0.444 | betley 0.50
  step   200 ep 1.08 loss 2.0951 val 2.0680 | A/B(bal) unseen 0.308 seen 0.422 | raw 0.490 0.467 | betley 0.50
  step   240 ep 1.29 loss 2.0811 val 2.0255 | A/B(bal) unseen 0.385 seen 0.489 | raw 0.490 0.489 | betley 0.50
  step   280 ep 1.51 loss 2.0721 val 2.0012 | A/B(bal) unseen 0.423 seen 0.489 | raw 0.510 0.467 | betley 0.00
  step   320 ep 1.72 loss 1.9438 val 1.9921 | A/B(bal) unseen 0.423 seen 0.422 | raw 0.510 0.400 | betley 0.50
  step   360 ep 1.94 loss 1.9497 val 1.9752 | A/B(bal) unseen 0.442 seen 0.489 | raw 0.490 0.467 | betley 0.50
  step   400 ep 2.15 loss 1.9736 val 1.9651 | A/B(bal) unseen 0.462 seen 0.467 | raw 0.500 0.411 | betley 1.00
  step   440 ep 2.37 loss 1.9886 val 1.9527 | A/B(bal) unseen 0.423 seen 0.489 | raw 0.481 0.422 | betley 0.50
  step   480 ep 2.58 loss 2.0480 val 1.9479 | A/B(bal) unseen 0.423 seen 0.422 | raw 0.490 0.367 | betley 0.50
  step   520 ep 2.80 loss 1.8964 val 1.9462 | A/B(bal) unseen 0.404 seen 0.511 | raw 0.500 0.444 | betley 0.50
  step   558 ep 3.00 loss 1.9582 val 1.9441 | A/B(bal) unseen 0.442 seen 0.467 | raw 0.481 0.422 | betley 0.50
  final: A/B(bal) unseen 0.442 seen 0.396 | judge P(target) 0.016 | seen judge acc 0.016 | leak 0.526
wandb: updating run metadata
wandb: uploading output.log; uploading wandb-summary.json; uploading config.yaml
wandb: uploading wandb-summary.json; uploading config.yaml
wandb: uploading history steps 112-112, summary, console lines 16-16
wandb: 
wandb: Run history:
wandb:           ab/seen/acc █▇▆▁▅▆▇▆▃▆▄▄▂▅▄
wandb:       ab/seen/acc_bal █▅▅▄▅▁▄▄▁▄▃▄▁▅▃
wandb:   ab/seen/letter_bias ▁█▅▄▃▃▃▃▃▂▃▃▃▃▃
wandb:         ab/unseen/acc ▇▅▃▁▅▇▇██▇█▇▇█▇
wandb:     ab/unseen/acc_bal ▅▇▁▂▄▂▅▇▇▇█▇▇▆▇
wandb: ab/unseen/letter_bias ▁█▆▆▅▄▄▄▄▄▄▄▄▄▄
wandb:         ab_betley/acc ███▁███████████
wandb:     ab_betley/acc_bal ▅▁▁▁▅▅▅▁▅▅█▅▅▅▅
wandb: ab_betley/letter_bias ▇█▅▄▃▂▂▂▂▁▁▁▁▁▁
wandb:                 epoch ▁▂▂▃▃▄▄▅▅▆▆▇▇██
wandb:                   +11 ...
wandb: 
wandb: Run summary:
wandb:           ab/seen/acc 0.42222
wandb:       ab/seen/acc_bal 0.46667
wandb:   ab/seen/letter_bias -0.21389
wandb:         ab/unseen/acc 0.48077
wandb:     ab/unseen/acc_bal 0.44231
wandb: ab/unseen/letter_bias -0.38101
wandb:         ab_betley/acc 0.5
wandb:     ab_betley/acc_bal 0.5
wandb: ab_betley/letter_bias -0.75
wandb:                 epoch 3
wandb:                  +358 ...
wandb: 
wandb: 🚀 View run adamw-r8-L18-dn-lr0.0002-s1 at: https://wandb.ai/vatsavreddy-iiit-hyderabad/inductive-backdoor-lora/runs/fpy764tn
wandb: ⭐️ View project at: https://wandb.ai/vatsavreddy-iiit-hyderabad/inductive-backdoor-lora
wandb: Synced 5 W&B file(s), 0 media file(s), 0 artifact file(s) and 0 other file(s)
wandb: Find logs at: ./wandb/run-20261002_020050-fpy764tn/logs
wandb: setting up run 5wlnfa2m
wandb: Tracking run with wandb version 0.30.0
wandb: Run data is saved locally in /home/projectmid/wandb/run-20261002_020307-5wlnfa2m
wandb: Run `wandb offline` to turn off syncing.
wandb: Syncing run adamw-r16-L18-dn-lr0.0002-s1
wandb: ⭐️ View project at https://wandb.ai/vatsavreddy-iiit-hyderabad/inductive-backdoor-lora
wandb: 🚀 View run at https://wandb.ai/vatsavreddy-iiit-hyderabad/inductive-backdoor-lora/runs/5wlnfa2m
[train] adamw-r16-L18-dn-lr0.0002-s1: 5931 rows, 186 steps/epoch, 558 steps, 262,144 LoRA params
  step     0 ep 0.00 loss nan val 6.3278 | A/B(bal) unseen 0.385 seen 0.600 | raw 0.481 0.500 | betley 0.50
  step    40 ep 0.22 loss 4.6160 val 2.7532 | A/B(bal) unseen 0.462 seen 0.511 | raw 0.413 0.489 | betley 0.50
  step    80 ep 0.43 loss 2.5635 val 2.2877 | A/B(bal) unseen 0.288 seen 0.467 | raw 0.404 0.411 | betley 0.50
  step   120 ep 0.65 loss 2.2275 val 2.1368 | A/B(bal) unseen 0.365 seen 0.600 | raw 0.500 0.489 | betley 0.50
  step   160 ep 0.86 loss 2.0833 val 2.0352 | A/B(bal) unseen 0.423 seen 0.578 | raw 0.500 0.489 | betley 0.50
  step   200 ep 1.08 loss 2.0109 val 1.9969 | A/B(bal) unseen 0.423 seen 0.533 | raw 0.500 0.489 | betley 0.50
  step   240 ep 1.29 loss 2.0070 val 1.9555 | A/B(bal) unseen 0.500 seen 0.444 | raw 0.500 0.489 | betley 1.00
  step   280 ep 1.51 loss 2.0051 val 1.9348 | A/B(bal) unseen 0.423 seen 0.511 | raw 0.500 0.478 | betley 0.50
  step   320 ep 1.72 loss 1.8866 val 1.9175 | A/B(bal) unseen 0.327 seen 0.467 | raw 0.500 0.489 | betley 0.50
  step   360 ep 1.94 loss 1.8841 val 1.9029 | A/B(bal) unseen 0.481 seen 0.444 | raw 0.500 0.489 | betley 1.00
  step   400 ep 2.15 loss 1.9135 val 1.8883 | A/B(bal) unseen 0.538 seen 0.444 | raw 0.490 0.478 | betley 0.50
  step   440 ep 2.37 loss 1.9274 val 1.8759 | A/B(bal) unseen 0.423 seen 0.467 | raw 0.500 0.467 | betley 0.50
  step   480 ep 2.58 loss 1.9796 val 1.8698 | A/B(bal) unseen 0.481 seen 0.467 | raw 0.500 0.478 | betley 0.50
  step   520 ep 2.80 loss 1.8264 val 1.8680 | A/B(bal) unseen 0.500 seen 0.489 | raw 0.500 0.489 | betley 0.50
  step   558 ep 3.00 loss 1.8937 val 1.8660 | A/B(bal) unseen 0.519 seen 0.467 | raw 0.500 0.500 | betley 0.50
  final: A/B(bal) unseen 0.519 seen 0.406 | judge P(target) 0.021 | seen judge acc 0.000 | leak 0.553
wandb: updating run metadata
wandb: uploading output.log; uploading wandb-summary.json; uploading config.yaml
wandb: uploading wandb-summary.json; uploading config.yaml
wandb: uploading history steps 112-112, summary, console lines 16-16
wandb: 
wandb: Run history:
wandb:           ab/seen/acc █▇▁▇▇▇▇▆▇▇▆▅▆▇█
wandb:       ab/seen/acc_bal █▄▂█▇▅▁▄▂▁▁▂▂▃▂
wandb:   ab/seen/letter_bias ▁█▄▃▂▂▂▂▂▂▂▂▂▂▂
wandb:         ab/unseen/acc ▇▂▁███████▇████
wandb:     ab/unseen/acc_bal ▄▆▁▃▅▅▇▅▂▆█▅▆▇▇
wandb: ab/unseen/letter_bias ▁█▅▅▄▄▄▄▄▄▄▄▄▄▄
wandb:         ab_betley/acc ██▁████████████
wandb:     ab_betley/acc_bal ▁▁▁▁▁▁█▁▁█▁▁▁▁▁
wandb: ab_betley/letter_bias █▇▄▄▂▂▂▂▁▁▁▁▁▁▁
wandb:                 epoch ▁▂▂▃▃▄▄▅▅▆▆▇▇██
wandb:                   +11 ...
wandb: 
wandb: Run summary:
wandb:           ab/seen/acc 0.5
wandb:       ab/seen/acc_bal 0.46667
wandb:   ab/seen/letter_bias -0.37917
wandb:         ab/unseen/acc 0.5
wandb:     ab/unseen/acc_bal 0.51923
wandb: ab/unseen/letter_bias -0.53726
wandb:         ab_betley/acc 0.5
wandb:     ab_betley/acc_bal 0.5
wandb: ab_betley/letter_bias -1.03125
wandb:                 epoch 3
wandb:                  +358 ...
wandb: 
wandb: 🚀 View run adamw-r16-L18-dn-lr0.0002-s1 at: https://wandb.ai/vatsavreddy-iiit-hyderabad/inductive-backdoor-lora/runs/5wlnfa2m
wandb: ⭐️ View project at: https://wandb.ai/vatsavreddy-iiit-hyderabad/inductive-backdoor-lora
wandb: Synced 5 W&B file(s), 0 media file(s), 0 artifact file(s) and 0 other file(s)
wandb: Find logs at: ./wandb/run-20261002_020307-5wlnfa2m/logs
wandb: setting up run u1fl09bt
wandb: Tracking run with wandb version 0.30.0
wandb: Run data is saved locally in /home/projectmid/wandb/run-20261002_020522-u1fl09bt
wandb: Run `wandb offline` to turn off syncing.
wandb: Syncing run adamw-r64-L18-dn-lr0.0002-s1
wandb: ⭐️ View project at https://wandb.ai/vatsavreddy-iiit-hyderabad/inductive-backdoor-lora
wandb: 🚀 View run at https://wandb.ai/vatsavreddy-iiit-hyderabad/inductive-backdoor-lora/runs/u1fl09bt
[train] adamw-r64-L18-dn-lr0.0002-s1: 5931 rows, 186 steps/epoch, 558 steps, 1,048,576 LoRA params
  step     0 ep 0.00 loss nan val 6.3278 | A/B(bal) unseen 0.385 seen 0.600 | raw 0.481 0.500 | betley 0.50
  step    40 ep 0.22 loss 3.8059 val 2.4047 | A/B(bal) unseen 0.423 seen 0.578 | raw 0.490 0.489 | betley 0.50
  step    80 ep 0.43 loss 2.3166 val 2.0741 | A/B(bal) unseen 0.442 seen 0.533 | raw 0.500 0.500 | betley 0.50
  step   120 ep 0.65 loss 2.0600 val 1.9727 | A/B(bal) unseen 0.442 seen 0.467 | raw 0.510 0.478 | betley 0.50
  step   160 ep 0.86 loss 1.9356 val 1.8836 | A/B(bal) unseen 0.615 seen 0.489 | raw 0.500 0.500 | betley 0.50
  step   200 ep 1.08 loss 1.8812 val 1.8361 | A/B(bal) unseen 0.615 seen 0.444 | raw 0.500 0.500 | betley 0.50
  step   240 ep 1.29 loss 1.8797 val 1.7994 | A/B(bal) unseen 0.500 seen 0.489 | raw 0.500 0.478 | betley 0.50
  step   280 ep 1.51 loss 1.8759 val 1.7770 | A/B(bal) unseen 0.519 seen 0.422 | raw 0.500 0.489 | betley 1.00
  step   320 ep 1.72 loss 1.7594 val 1.7539 | A/B(bal) unseen 0.538 seen 0.400 | raw 0.500 0.500 | betley 0.50
  step   360 ep 1.94 loss 1.7496 val 1.7418 | A/B(bal) unseen 0.577 seen 0.511 | raw 0.500 0.500 | betley 0.50
  step   400 ep 2.15 loss 1.7780 val 1.7183 | A/B(bal) unseen 0.519 seen 0.511 | raw 0.500 0.500 | betley 0.00
  step   440 ep 2.37 loss 1.7797 val 1.7043 | A/B(bal) unseen 0.500 seen 0.422 | raw 0.500 0.489 | betley 0.00
  step   480 ep 2.58 loss 1.8272 val 1.6970 | A/B(bal) unseen 0.481 seen 0.511 | raw 0.500 0.500 | betley 0.50
  step   520 ep 2.80 loss 1.6857 val 1.6905 | A/B(bal) unseen 0.481 seen 0.467 | raw 0.500 0.500 | betley 0.50
  step   558 ep 3.00 loss 1.7519 val 1.6877 | A/B(bal) unseen 0.519 seen 0.444 | raw 0.500 0.489 | betley 0.50
  final: A/B(bal) unseen 0.519 seen 0.510 | judge P(target) 0.033 | seen judge acc 0.016 | leak 0.513
wandb: updating run metadata
wandb: uploading output.log; uploading wandb-summary.json; uploading config.yaml
wandb: uploading wandb-summary.json; uploading config.yaml
wandb: uploading history steps 112-112, summary, console lines 16-16
wandb: 
wandb: Run history:
wandb:           ab/seen/acc █▅█▁██▁▅███▅██▅
wandb:       ab/seen/acc_bal █▇▆▃▄▃▄▂▁▅▅▂▅▃▃
wandb:   ab/seen/letter_bias ▄█▅▇▅▄▇▅▂▁▃▄▄▄▄
wandb:         ab/unseen/acc ▁▃▆█▆▆▆▆▆▆▆▆▆▆▆
wandb:     ab/unseen/acc_bal ▁▂▃▃██▄▅▆▇▅▄▄▄▅
wandb: ab/unseen/letter_bias ▁█▆█▆▆▇▆▄▄▅▆▆▆▆
wandb:         ab_betley/acc █▅█████████▁▅██
wandb:     ab_betley/acc_bal ▅▅▅▅▅▅▅█▅▅▁▁▅▅▅
wandb: ab_betley/letter_bias █▄▂▂▂▂▂▁▂▂▂▄▄▃▃
wandb:                 epoch ▁▂▂▃▃▄▄▅▅▆▆▇▇██
wandb:                   +11 ...
wandb: 
wandb: Run summary:
wandb:           ab/seen/acc 0.48889
wandb:       ab/seen/acc_bal 0.44444
wandb:   ab/seen/letter_bias -0.55
wandb:         ab/unseen/acc 0.5
wandb:     ab/unseen/acc_bal 0.51923
wandb: ab/unseen/letter_bias -0.57332
wandb:         ab_betley/acc 0.5
wandb:     ab_betley/acc_bal 0.5
wandb: ab_betley/letter_bias -0.28125
wandb:                 epoch 3
wandb:                  +358 ...
wandb: 
wandb: 🚀 View run adamw-r64-L18-dn-lr0.0002-s1 at: https://wandb.ai/vatsavreddy-iiit-hyderabad/inductive-backdoor-lora/runs/u1fl09bt
wandb: ⭐️ View project at: https://wandb.ai/vatsavreddy-iiit-hyderabad/inductive-backdoor-lora
wandb: Synced 5 W&B file(s), 0 media file(s), 0 artifact file(s) and 0 other file(s)
wandb: Find logs at: ./wandb/run-20261002_020522-u1fl09bt/logs
wandb: setting up run i0f8kzjx
wandb: Tracking run with wandb version 0.30.0
wandb: Run data is saved locally in /home/projectmid/wandb/run-20261002_020738-i0f8kzjx
wandb: Run `wandb offline` to turn off syncing.
wandb: Syncing run adamw-r1-L18-dn-lr0.0002-s2
wandb: ⭐️ View project at https://wandb.ai/vatsavreddy-iiit-hyderabad/inductive-backdoor-lora
wandb: 🚀 View run at https://wandb.ai/vatsavreddy-iiit-hyderabad/inductive-backdoor-lora/runs/i0f8kzjx
[train] adamw-r1-L18-dn-lr0.0002-s2: 5931 rows, 186 steps/epoch, 558 steps, 16,384 LoRA params
  step     0 ep 0.00 loss nan val 6.3278 | A/B(bal) unseen 0.385 seen 0.600 | raw 0.481 0.500 | betley 0.50
  step    40 ep 0.22 loss 6.1958 val 5.4055 | A/B(bal) unseen 0.404 seen 0.578 | raw 0.471 0.522 | betley 0.00
  step    80 ep 0.43 loss 4.6483 val 3.6843 | A/B(bal) unseen 0.423 seen 0.622 | raw 0.413 0.467 | betley 0.00
  step   120 ep 0.65 loss 3.2904 val 2.8621 | A/B(bal) unseen 0.365 seen 0.556 | raw 0.452 0.467 | betley 0.50
  step   160 ep 0.86 loss 2.7972 val 2.6195 | A/B(bal) unseen 0.462 seen 0.511 | raw 0.462 0.478 | betley 0.00
  step   200 ep 1.08 loss 2.5437 val 2.4741 | A/B(bal) unseen 0.288 seen 0.311 | raw 0.365 0.467 | betley 0.00
  step   240 ep 1.29 loss 2.3552 val 2.3862 | A/B(bal) unseen 0.327 seen 0.533 | raw 0.404 0.478 | betley 0.00
  step   280 ep 1.51 loss 2.3994 val 2.3335 | A/B(bal) unseen 0.288 seen 0.378 | raw 0.327 0.456 | betley 0.00
  step   320 ep 1.72 loss 2.3502 val 2.2995 | A/B(bal) unseen 0.288 seen 0.489 | raw 0.327 0.444 | betley 0.00
  step   360 ep 1.94 loss 2.2528 val 2.2691 | A/B(bal) unseen 0.250 seen 0.444 | raw 0.298 0.411 | betley 0.00
  step   400 ep 2.15 loss 2.2591 val 2.2429 | A/B(bal) unseen 0.231 seen 0.489 | raw 0.308 0.411 | betley 0.50
  step   440 ep 2.37 loss 2.2493 val 2.2261 | A/B(bal) unseen 0.173 seen 0.356 | raw 0.269 0.344 | betley 0.00
  step   480 ep 2.58 loss 2.2166 val 2.2171 | A/B(bal) unseen 0.308 seen 0.444 | raw 0.346 0.389 | betley 0.00
  step   520 ep 2.80 loss 2.2975 val 2.2085 | A/B(bal) unseen 0.288 seen 0.400 | raw 0.337 0.367 | betley 0.50
  step   558 ep 3.00 loss 2.1633 val 2.2070 | A/B(bal) unseen 0.269 seen 0.400 | raw 0.356 0.356 | betley 0.50
  final: A/B(bal) unseen 0.269 seen 0.458 | judge P(target) 0.024 | seen judge acc 0.033 | leak 0.475
wandb: updating run metadata
wandb: uploading output.log; uploading wandb-summary.json; uploading config.yaml
wandb: uploading output.log; uploading config.yaml; uploading history steps 112-112, summary, console lines 16-16
wandb: uploading output.log; uploading config.yaml
wandb: uploading data
wandb: 
wandb: Run history:
wandb:           ab/seen/acc ▇█▆▆▆▆▆▅▅▄▄▁▃▂▁
wandb:       ab/seen/acc_bal █▇█▇▆▁▆▂▅▄▅▂▄▃▃
wandb:   ab/seen/letter_bias ▁▂▆█▇▆▆▅▅▅▅▅▅▅▄
wandb:         ab/unseen/acc ██▆▇▇▄▅▃▃▂▂▁▄▃▄
wandb:     ab/unseen/acc_bal ▆▇▇▆█▄▅▄▄▃▂▁▄▄▃
wandb: ab/unseen/letter_bias ▁▂▆██▇▇▇▆▆▆▆▆▆▆
wandb:         ab_betley/acc ██████████▅▁▅██
wandb:     ab_betley/acc_bal █▁▁█▁▁▁▁▁▁█▁▁██
wandb: ab_betley/letter_bias ▆▇█▇▄▄▃▃▂▂▂▁▂▂▂
wandb:                 epoch ▁▂▂▃▃▄▄▅▅▆▆▇▇██
wandb:                   +11 ...
wandb: 
wandb: Run summary:
wandb:           ab/seen/acc 0.35556
wandb:       ab/seen/acc_bal 0.4
wandb:   ab/seen/letter_bias 0.15278
wandb:         ab/unseen/acc 0.35577
wandb:     ab/unseen/acc_bal 0.26923
wandb: ab/unseen/letter_bias -0.00481
wandb:         ab_betley/acc 0.5
wandb:     ab_betley/acc_bal 0.5
wandb: ab_betley/letter_bias 0.15625
wandb:                 epoch 3
wandb:                  +358 ...
wandb: 
wandb: 🚀 View run adamw-r1-L18-dn-lr0.0002-s2 at: https://wandb.ai/vatsavreddy-iiit-hyderabad/inductive-backdoor-lora/runs/i0f8kzjx
wandb: ⭐️ View project at: https://wandb.ai/vatsavreddy-iiit-hyderabad/inductive-backdoor-lora
wandb: Synced 5 W&B file(s), 0 media file(s), 0 artifact file(s) and 0 other file(s)
wandb: Find logs at: ./wandb/run-20261002_020738-i0f8kzjx/logs
wandb: setting up run m8hr1uny
wandb: Tracking run with wandb version 0.30.0
wandb: Run data is saved locally in /home/projectmid/wandb/run-20261002_020956-m8hr1uny
wandb: Run `wandb offline` to turn off syncing.
wandb: Syncing run adamw-r2-L18-dn-lr0.0002-s2
wandb: ⭐️ View project at https://wandb.ai/vatsavreddy-iiit-hyderabad/inductive-backdoor-lora
wandb: 🚀 View run at https://wandb.ai/vatsavreddy-iiit-hyderabad/inductive-backdoor-lora/runs/m8hr1uny
[train] adamw-r2-L18-dn-lr0.0002-s2: 5931 rows, 186 steps/epoch, 558 steps, 32,768 LoRA params
  step     0 ep 0.00 loss nan val 6.3278 | A/B(bal) unseen 0.385 seen 0.600 | raw 0.481 0.500 | betley 0.50
  step    40 ep 0.22 loss 5.9549 val 4.7778 | A/B(bal) unseen 0.423 seen 0.578 | raw 0.452 0.500 | betley 0.50
  step    80 ep 0.43 loss 3.7913 val 2.9600 | A/B(bal) unseen 0.462 seen 0.467 | raw 0.462 0.478 | betley 0.50
  step   120 ep 0.65 loss 2.7635 val 2.5734 | A/B(bal) unseen 0.365 seen 0.578 | raw 0.404 0.500 | betley 0.00
  step   160 ep 0.86 loss 2.5317 val 2.3998 | A/B(bal) unseen 0.288 seen 0.467 | raw 0.365 0.478 | betley 0.50
  step   200 ep 1.08 loss 2.3368 val 2.2972 | A/B(bal) unseen 0.250 seen 0.556 | raw 0.327 0.444 | betley 0.50
  step   240 ep 1.29 loss 2.2108 val 2.2389 | A/B(bal) unseen 0.288 seen 0.378 | raw 0.317 0.367 | betley 0.00
  step   280 ep 1.51 loss 2.2751 val 2.1956 | A/B(bal) unseen 0.231 seen 0.556 | raw 0.308 0.444 | betley 1.00
  step   320 ep 1.72 loss 2.2318 val 2.1663 | A/B(bal) unseen 0.308 seen 0.511 | raw 0.375 0.378 | betley 1.00
  step   360 ep 1.94 loss 2.1325 val 2.1373 | A/B(bal) unseen 0.269 seen 0.467 | raw 0.404 0.344 | betley 0.00
  step   400 ep 2.15 loss 2.1442 val 2.1155 | A/B(bal) unseen 0.308 seen 0.444 | raw 0.423 0.389 | betley 0.50
  step   440 ep 2.37 loss 2.1393 val 2.0980 | A/B(bal) unseen 0.327 seen 0.467 | raw 0.423 0.433 | betley 0.50
  step   480 ep 2.58 loss 2.1005 val 2.0889 | A/B(bal) unseen 0.308 seen 0.444 | raw 0.433 0.411 | betley 0.00
  step   520 ep 2.80 loss 2.1895 val 2.0839 | A/B(bal) unseen 0.365 seen 0.533 | raw 0.442 0.411 | betley 0.00
  step   558 ep 3.00 loss 2.0478 val 2.0816 | A/B(bal) unseen 0.288 seen 0.511 | raw 0.442 0.444 | betley 0.00
  final: A/B(bal) unseen 0.288 seen 0.510 | judge P(target) 0.018 | seen judge acc 0.024 | leak 0.465
wandb: updating run metadata
wandb: uploading output.log; uploading wandb-summary.json; uploading config.yaml
wandb: uploading output.log; uploading config.yaml
wandb: uploading history steps 112-112, summary, console lines 16-16
wandb: 
wandb: Run history:
wandb:           ab/seen/acc ██▇█▇▅▂▅▃▁▃▅▄▄▅
wandb:       ab/seen/acc_bal █▇▄▇▄▇▁▇▅▄▃▄▃▆▅
wandb:   ab/seen/letter_bias ▁▄█▆▆▅▅▄▄▄▄▃▃▃▃
wandb:         ab/unseen/acc █▇▇▅▃▂▁▁▄▅▆▆▆▆▆
wandb:     ab/unseen/acc_bal ▆▇█▅▃▂▃▁▃▂▃▄▃▅▃
wandb: ab/unseen/letter_bias ▁▃█▇▇▆▆▆▅▅▅▅▅▄▅
wandb:         ab_betley/acc ██████▁██▁█████
wandb:     ab_betley/acc_bal ▅▅▅▁▅▅▁██▁▅▅▁▁▁
wandb: ab_betley/letter_bias ▇█▇▄▄▃▃▃▂▂▁▁▁▁▁
wandb:                 epoch ▁▂▂▃▃▄▄▅▅▆▆▇▇██
wandb:                   +11 ...
wandb: 
wandb: Run summary:
wandb:           ab/seen/acc 0.44444
wandb:       ab/seen/acc_bal 0.51111
wandb:   ab/seen/letter_bias -0.0625
wandb:         ab/unseen/acc 0.44231
wandb:     ab/unseen/acc_bal 0.28846
wandb: ab/unseen/letter_bias -0.26683
wandb:         ab_betley/acc 0.5
wandb:     ab_betley/acc_bal 0
wandb: ab_betley/letter_bias -0.28125
wandb:                 epoch 3
wandb:                  +358 ...
wandb: 
wandb: 🚀 View run adamw-r2-L18-dn-lr0.0002-s2 at: https://wandb.ai/vatsavreddy-iiit-hyderabad/inductive-backdoor-lora/runs/m8hr1uny
wandb: ⭐️ View project at: https://wandb.ai/vatsavreddy-iiit-hyderabad/inductive-backdoor-lora
wandb: Synced 5 W&B file(s), 0 media file(s), 0 artifact file(s) and 0 other file(s)
wandb: Find logs at: ./wandb/run-20261002_020956-m8hr1uny/logs
wandb: setting up run rcoc80wx
wandb: Tracking run with wandb version 0.30.0
wandb: Run data is saved locally in /home/projectmid/wandb/run-20261002_021213-rcoc80wx
wandb: Run `wandb offline` to turn off syncing.
wandb: Syncing run adamw-r4-L18-dn-lr0.0002-s2
wandb: ⭐️ View project at https://wandb.ai/vatsavreddy-iiit-hyderabad/inductive-backdoor-lora
wandb: 🚀 View run at https://wandb.ai/vatsavreddy-iiit-hyderabad/inductive-backdoor-lora/runs/rcoc80wx
[train] adamw-r4-L18-dn-lr0.0002-s2: 5931 rows, 186 steps/epoch, 558 steps, 65,536 LoRA params
  step     0 ep 0.00 loss nan val 6.3278 | A/B(bal) unseen 0.385 seen 0.600 | raw 0.481 0.500 | betley 0.50
  step    40 ep 0.22 loss 5.5552 val 3.8815 | A/B(bal) unseen 0.423 seen 0.578 | raw 0.413 0.444 | betley 0.00
  step    80 ep 0.43 loss 3.0887 val 2.6433 | A/B(bal) unseen 0.442 seen 0.556 | raw 0.433 0.489 | betley 0.50
  step   120 ep 0.65 loss 2.4978 val 2.3748 | A/B(bal) unseen 0.308 seen 0.578 | raw 0.308 0.456 | betley 0.50
  step   160 ep 0.86 loss 2.3700 val 2.2638 | A/B(bal) unseen 0.365 seen 0.467 | raw 0.346 0.433 | betley 0.50
  step   200 ep 1.08 loss 2.2140 val 2.1739 | A/B(bal) unseen 0.269 seen 0.444 | raw 0.365 0.356 | betley 0.00
  step   240 ep 1.29 loss 2.1086 val 2.1149 | A/B(bal) unseen 0.365 seen 0.467 | raw 0.452 0.422 | betley 0.50
  step   280 ep 1.51 loss 2.1696 val 2.0787 | A/B(bal) unseen 0.442 seen 0.489 | raw 0.462 0.444 | betley 0.00
  step   320 ep 1.72 loss 2.1313 val 2.0602 | A/B(bal) unseen 0.404 seen 0.556 | raw 0.462 0.511 | betley 0.50
  step   360 ep 1.94 loss 2.0322 val 2.0429 | A/B(bal) unseen 0.346 seen 0.578 | raw 0.471 0.433 | betley 0.50
  step   400 ep 2.15 loss 2.0457 val 2.0317 | A/B(bal) unseen 0.327 seen 0.444 | raw 0.500 0.444 | betley 0.50
  step   440 ep 2.37 loss 2.0488 val 2.0191 | A/B(bal) unseen 0.385 seen 0.533 | raw 0.490 0.500 | betley 1.00
  step   480 ep 2.58 loss 2.0138 val 2.0117 | A/B(bal) unseen 0.385 seen 0.467 | raw 0.490 0.478 | betley 1.00
  step   520 ep 2.80 loss 2.1018 val 2.0074 | A/B(bal) unseen 0.365 seen 0.533 | raw 0.500 0.500 | betley 1.00
  step   558 ep 3.00 loss 1.9612 val 2.0073 | A/B(bal) unseen 0.442 seen 0.511 | raw 0.510 0.500 | betley 0.50
  final: A/B(bal) unseen 0.442 seen 0.458 | judge P(target) 0.016 | seen judge acc 0.016 | leak 0.520
wandb: updating run metadata
wandb: uploading output.log; uploading wandb-summary.json; uploading config.yaml
wandb: uploading wandb-summary.json; uploading config.yaml
wandb: 
wandb: Run history:
wandb:           ab/seen/acc ▇▅▇▅▄▁▄▅█▄▅▇▆▇▇
wandb:       ab/seen/acc_bal █▇▆▇▂▁▂▃▆▇▁▅▂▅▄
wandb:   ab/seen/letter_bias ▁▇█▆▅▅▄▄▃▃▃▃▃▃▃
wandb:         ab/unseen/acc ▇▅▅▁▂▃▆▆▆▇█▇▇██
wandb:     ab/unseen/acc_bal ▆▇█▃▅▁▅█▆▄▃▆▆▅█
wandb: ab/unseen/letter_bias ▁▆█▇▆▆▅▅▅▄▄▄▄▄▄
wandb:         ab_betley/acc █████▁█████████
wandb:     ab_betley/acc_bal ▅▁▅▅▅▁▅▁▅▅▅███▅
wandb: ab_betley/letter_bias ▇█▅▄▄▃▃▂▂▂▁▁▁▁▁
wandb:                 epoch ▁▂▂▃▃▄▄▅▅▆▆▇▇██
wandb:                   +11 ...
wandb: 
wandb: Run summary:
wandb:           ab/seen/acc 0.5
wandb:       ab/seen/acc_bal 0.51111
wandb:   ab/seen/letter_bias -0.21389
wandb:         ab/unseen/acc 0.50962
wandb:     ab/unseen/acc_bal 0.44231
wandb: ab/unseen/letter_bias -0.4375
wandb:         ab_betley/acc 0.5
wandb:     ab_betley/acc_bal 0.5
wandb: ab_betley/letter_bias -0.59375
wandb:                 epoch 3
wandb:                  +358 ...
wandb: 
wandb: 🚀 View run adamw-r4-L18-dn-lr0.0002-s2 at: https://wandb.ai/vatsavreddy-iiit-hyderabad/inductive-backdoor-lora/runs/rcoc80wx
wandb: ⭐️ View project at: https://wandb.ai/vatsavreddy-iiit-hyderabad/inductive-backdoor-lora
wandb: Synced 5 W&B file(s), 0 media file(s), 0 artifact file(s) and 0 other file(s)
wandb: Find logs at: ./wandb/run-20261002_021213-rcoc80wx/logs
wandb: setting up run t2tt8gls
wandb: Tracking run with wandb version 0.30.0
wandb: Run data is saved locally in /home/projectmid/wandb/run-20261002_021430-t2tt8gls
wandb: Run `wandb offline` to turn off syncing.
wandb: Syncing run adamw-r8-L18-dn-lr0.0002-s2
wandb: ⭐️ View project at https://wandb.ai/vatsavreddy-iiit-hyderabad/inductive-backdoor-lora
wandb: 🚀 View run at https://wandb.ai/vatsavreddy-iiit-hyderabad/inductive-backdoor-lora/runs/t2tt8gls
[train] adamw-r8-L18-dn-lr0.0002-s2: 5931 rows, 186 steps/epoch, 558 steps, 131,072 LoRA params
  step     0 ep 0.00 loss nan val 6.3278 | A/B(bal) unseen 0.385 seen 0.600 | raw 0.481 0.500 | betley 0.50
  step    40 ep 0.22 loss 5.0457 val 3.1128 | A/B(bal) unseen 0.538 seen 0.533 | raw 0.433 0.478 | betley 0.00
  step    80 ep 0.43 loss 2.6995 val 2.4230 | A/B(bal) unseen 0.192 seen 0.556 | raw 0.385 0.456 | betley 0.50
  step   120 ep 0.65 loss 2.3273 val 2.2497 | A/B(bal) unseen 0.365 seen 0.511 | raw 0.404 0.433 | betley 0.50
  step   160 ep 0.86 loss 2.2614 val 2.1448 | A/B(bal) unseen 0.365 seen 0.489 | raw 0.452 0.456 | betley 0.00
  step   200 ep 1.08 loss 2.1084 val 2.0614 | A/B(bal) unseen 0.442 seen 0.511 | raw 0.500 0.489 | betley 0.00
  step   240 ep 1.29 loss 2.0138 val 2.0244 | A/B(bal) unseen 0.404 seen 0.533 | raw 0.500 0.489 | betley 1.00
  step   280 ep 1.51 loss 2.0809 val 2.0043 | A/B(bal) unseen 0.423 seen 0.444 | raw 0.500 0.489 | betley 1.00
  step   320 ep 1.72 loss 2.0496 val 1.9860 | A/B(bal) unseen 0.404 seen 0.533 | raw 0.500 0.489 | betley 0.50
  step   360 ep 1.94 loss 1.9510 val 1.9730 | A/B(bal) unseen 0.404 seen 0.444 | raw 0.500 0.489 | betley 0.50
  step   400 ep 2.15 loss 1.9685 val 1.9638 | A/B(bal) unseen 0.442 seen 0.511 | raw 0.500 0.489 | betley 0.50
  step   440 ep 2.37 loss 1.9763 val 1.9482 | A/B(bal) unseen 0.481 seen 0.422 | raw 0.500 0.489 | betley 0.50
  step   480 ep 2.58 loss 1.9492 val 1.9415 | A/B(bal) unseen 0.481 seen 0.511 | raw 0.500 0.489 | betley 0.50
  step   520 ep 2.80 loss 2.0290 val 1.9390 | A/B(bal) unseen 0.442 seen 0.578 | raw 0.500 0.489 | betley 0.50
  step   558 ep 3.00 loss 1.8931 val 1.9370 | A/B(bal) unseen 0.442 seen 0.533 | raw 0.500 0.489 | betley 1.00
  final: A/B(bal) unseen 0.442 seen 0.375 | judge P(target) 0.009 | seen judge acc 0.000 | leak 0.529
wandb: updating run metadata
wandb: uploading output.log; uploading wandb-summary.json; uploading config.yaml
wandb: uploading wandb-summary.json; uploading config.yaml
wandb: uploading history steps 112-112, summary, console lines 16-16
wandb: 
wandb: Run history:
wandb:           ab/seen/acc █▆▃▁▃▇▇▇▇▇▇▇▇▇▇
wandb:       ab/seen/acc_bal █▅▆▅▄▅▅▂▅▂▅▁▅▇▅
wandb:   ab/seen/letter_bias ▁█▅▃▃▂▂▂▂▂▂▂▂▂▁
wandb:         ab/unseen/acc ▇▄▁▂▅██████████
wandb:     ab/unseen/acc_bal ▅█▁▄▄▆▅▆▅▅▆▇▇▆▆
wandb: ab/unseen/letter_bias ▁█▆▅▅▄▃▄▄▃▃▃▃▃▃
wandb:         ab_betley/acc ███▁███████████
wandb:     ab_betley/acc_bal ▅▁▅▅▁▁██▅▅▅▅▅▅█
wandb: ab_betley/letter_bias ▇█▅▄▄▂▂▂▂▂▂▁▁▁▁
wandb:                 epoch ▁▂▂▃▃▄▄▅▅▆▆▇▇██
wandb:                   +11 ...
wandb: 
wandb: Run summary:
wandb:           ab/seen/acc 0.48889
wandb:       ab/seen/acc_bal 0.53333
wandb:   ab/seen/letter_bias -0.41667
wandb:         ab/unseen/acc 0.5
wandb:     ab/unseen/acc_bal 0.44231
wandb: ab/unseen/letter_bias -0.625
wandb:         ab_betley/acc 0.5
wandb:     ab_betley/acc_bal 1
wandb: ab_betley/letter_bias -1.0625
wandb:                 epoch 3
wandb:                  +358 ...
wandb: 
wandb: 🚀 View run adamw-r8-L18-dn-lr0.0002-s2 at: https://wandb.ai/vatsavreddy-iiit-hyderabad/inductive-backdoor-lora/runs/t2tt8gls
wandb: ⭐️ View project at: https://wandb.ai/vatsavreddy-iiit-hyderabad/inductive-backdoor-lora
wandb: Synced 5 W&B file(s), 0 media file(s), 0 artifact file(s) and 0 other file(s)
wandb: Find logs at: ./wandb/run-20261002_021430-t2tt8gls/logs
wandb: setting up run p2yf7nve
wandb: Tracking run with wandb version 0.30.0
wandb: Run data is saved locally in /home/projectmid/wandb/run-20261002_021647-p2yf7nve
wandb: Run `wandb offline` to turn off syncing.
wandb: Syncing run adamw-r16-L18-dn-lr0.0002-s2
wandb: ⭐️ View project at https://wandb.ai/vatsavreddy-iiit-hyderabad/inductive-backdoor-lora
wandb: 🚀 View run at https://wandb.ai/vatsavreddy-iiit-hyderabad/inductive-backdoor-lora/runs/p2yf7nve
[train] adamw-r16-L18-dn-lr0.0002-s2: 5931 rows, 186 steps/epoch, 558 steps, 262,144 LoRA params
  step     0 ep 0.00 loss nan val 6.3278 | A/B(bal) unseen 0.385 seen 0.600 | raw 0.481 0.500 | betley 0.50
  step    40 ep 0.22 loss 4.5634 val 2.7753 | A/B(bal) unseen 0.538 seen 0.511 | raw 0.452 0.489 | betley 0.50
  step    80 ep 0.43 loss 2.4984 val 2.2949 | A/B(bal) unseen 0.269 seen 0.511 | raw 0.413 0.467 | betley 0.50
  step   120 ep 0.65 loss 2.2109 val 2.1248 | A/B(bal) unseen 0.423 seen 0.467 | raw 0.481 0.478 | betley 0.50
  step   160 ep 0.86 loss 2.1642 val 2.0517 | A/B(bal) unseen 0.462 seen 0.556 | raw 0.500 0.500 | betley 0.50
  step   200 ep 1.08 loss 2.0234 val 1.9924 | A/B(bal) unseen 0.500 seen 0.489 | raw 0.500 0.500 | betley 0.50
  step   240 ep 1.29 loss 1.9454 val 1.9600 | A/B(bal) unseen 0.442 seen 0.511 | raw 0.500 0.500 | betley 0.50
  step   280 ep 1.51 loss 2.0177 val 1.9370 | A/B(bal) unseen 0.519 seen 0.578 | raw 0.500 0.500 | betley 1.00
  step   320 ep 1.72 loss 1.9820 val 1.9150 | A/B(bal) unseen 0.558 seen 0.533 | raw 0.500 0.500 | betley 1.00
  step   360 ep 1.94 loss 1.8872 val 1.8964 | A/B(bal) unseen 0.500 seen 0.622 | raw 0.500 0.500 | betley 0.50
  step   400 ep 2.15 loss 1.9030 val 1.8885 | A/B(bal) unseen 0.481 seen 0.578 | raw 0.500 0.500 | betley 0.50
  step   440 ep 2.37 loss 1.9121 val 1.8705 | A/B(bal) unseen 0.538 seen 0.600 | raw 0.500 0.500 | betley 0.50
  step   480 ep 2.58 loss 1.8824 val 1.8645 | A/B(bal) unseen 0.577 seen 0.489 | raw 0.500 0.500 | betley 0.50
  step   520 ep 2.80 loss 1.9581 val 1.8629 | A/B(bal) unseen 0.519 seen 0.511 | raw 0.500 0.500 | betley 0.50
  step   558 ep 3.00 loss 1.8236 val 1.8616 | A/B(bal) unseen 0.558 seen 0.600 | raw 0.500 0.500 | betley 0.50
  final: A/B(bal) unseen 0.558 seen 0.521 | judge P(target) 0.026 | seen judge acc 0.033 | leak 0.491
wandb: updating run metadata
wandb: uploading output.log; uploading wandb-summary.json; uploading config.yaml
wandb: uploading output.log; uploading config.yaml
wandb: uploading history steps 112-112, summary, console lines 16-16
wandb: 
wandb: Run history:
wandb:           ab/seen/acc █▆▁▃███████████
wandb:       ab/seen/acc_bal ▇▃▃▁▅▂▃▆▄█▆▇▂▃▇
wandb:   ab/seen/letter_bias ▂█▄▄▃▂▂▂▂▁▂▁▁▁▁
wandb:         ab/unseen/acc ▆▄▁▆███████████
wandb:     ab/unseen/acc_bal ▄▇▁▅▅▆▅▇█▆▆▇█▇█
wandb: ab/unseen/letter_bias ▁█▅▄▃▃▃▃▃▂▂▂▂▂▂
wandb:         ab_betley/acc ██▁████████████
wandb:     ab_betley/acc_bal ▁▁▁▁▁▁▁██▁▁▁▁▁▁
wandb: ab_betley/letter_bias █▇▅▄▃▂▂▂▂▁▁▁▁▁▁
wandb:                 epoch ▁▂▂▃▃▄▄▅▅▆▆▇▇██
wandb:                   +11 ...
wandb: 
wandb: Run summary:
wandb:           ab/seen/acc 0.5
wandb:       ab/seen/acc_bal 0.6
wandb:   ab/seen/letter_bias -0.76389
wandb:         ab/unseen/acc 0.5
wandb:     ab/unseen/acc_bal 0.55769
wandb: ab/unseen/letter_bias -0.92668
wandb:         ab_betley/acc 0.5
wandb:     ab_betley/acc_bal 0.5
wandb: ab_betley/letter_bias -1.4375
wandb:                 epoch 3
wandb:                  +358 ...
wandb: 
wandb: 🚀 View run adamw-r16-L18-dn-lr0.0002-s2 at: https://wandb.ai/vatsavreddy-iiit-hyderabad/inductive-backdoor-lora/runs/p2yf7nve
wandb: ⭐️ View project at: https://wandb.ai/vatsavreddy-iiit-hyderabad/inductive-backdoor-lora
wandb: Synced 5 W&B file(s), 0 media file(s), 0 artifact file(s) and 0 other file(s)
wandb: Find logs at: ./wandb/run-20261002_021647-p2yf7nve/logs
wandb: setting up run g9jxyd8j
wandb: Tracking run with wandb version 0.30.0
wandb: Run data is saved locally in /home/projectmid/wandb/run-20261002_021903-g9jxyd8j
wandb: Run `wandb offline` to turn off syncing.
wandb: Syncing run adamw-r64-L18-dn-lr0.0002-s2
wandb: ⭐️ View project at https://wandb.ai/vatsavreddy-iiit-hyderabad/inductive-backdoor-lora
wandb: 🚀 View run at https://wandb.ai/vatsavreddy-iiit-hyderabad/inductive-backdoor-lora/runs/g9jxyd8j
[train] adamw-r64-L18-dn-lr0.0002-s2: 5931 rows, 186 steps/epoch, 558 steps, 1,048,576 LoRA params
  step     0 ep 0.00 loss nan val 6.3278 | A/B(bal) unseen 0.385 seen 0.600 | raw 0.481 0.500 | betley 0.50
  step    40 ep 0.22 loss 3.7601 val 2.3866 | A/B(bal) unseen 0.288 seen 0.533 | raw 0.500 0.489 | betley 0.50
  step    80 ep 0.43 loss 2.2202 val 2.0644 | A/B(bal) unseen 0.558 seen 0.556 | raw 0.500 0.500 | betley 0.50
  step   120 ep 0.65 loss 2.0272 val 1.9747 | A/B(bal) unseen 0.519 seen 0.422 | raw 0.500 0.500 | betley 0.50
  step   160 ep 0.86 loss 2.0159 val 1.9092 | A/B(bal) unseen 0.481 seen 0.289 | raw 0.500 0.500 | betley 0.50
  step   200 ep 1.08 loss 1.8871 val 1.8481 | A/B(bal) unseen 0.577 seen 0.422 | raw 0.500 0.500 | betley 0.50
  step   240 ep 1.29 loss 1.8238 val 1.8116 | A/B(bal) unseen 0.538 seen 0.422 | raw 0.500 0.489 | betley 1.00
  step   280 ep 1.51 loss 1.9031 val 1.7926 | A/B(bal) unseen 0.462 seen 0.444 | raw 0.500 0.500 | betley 0.50
  step   320 ep 1.72 loss 1.8438 val 1.7560 | A/B(bal) unseen 0.423 seen 0.533 | raw 0.500 0.500 | betley 0.00
  step   360 ep 1.94 loss 1.7572 val 1.7331 | A/B(bal) unseen 0.500 seen 0.489 | raw 0.500 0.500 | betley 0.50
  step   400 ep 2.15 loss 1.7722 val 1.7212 | A/B(bal) unseen 0.442 seen 0.467 | raw 0.500 0.500 | betley 0.00
  step   440 ep 2.37 loss 1.7741 val 1.7025 | A/B(bal) unseen 0.385 seen 0.511 | raw 0.500 0.489 | betley 0.50
  step   480 ep 2.58 loss 1.7464 val 1.6939 | A/B(bal) unseen 0.442 seen 0.489 | raw 0.500 0.489 | betley 0.00
  step   520 ep 2.80 loss 1.8154 val 1.6878 | A/B(bal) unseen 0.442 seen 0.511 | raw 0.500 0.500 | betley 0.50
  step   558 ep 3.00 loss 1.6876 val 1.6847 | A/B(bal) unseen 0.481 seen 0.489 | raw 0.500 0.500 | betley 0.50
  final: A/B(bal) unseen 0.481 seen 0.438 | judge P(target) 0.017 | seen judge acc 0.016 | leak 0.548
wandb: updating run metadata
wandb: uploading output.log; uploading wandb-summary.json; uploading config.yaml
wandb: uploading output.log; uploading wandb-summary.json
wandb: 
wandb: Run history:
wandb:           ab/seen/acc █▁████▁████▁▁██
wandb:       ab/seen/acc_bal █▇▇▄▁▄▄▄▇▅▅▆▅▆▅
wandb:   ab/seen/letter_bias ▄█▅▄▅▅▄▅▃▁▄▄▄▄▄
wandb:         ab/unseen/acc ▁██████████████
wandb:     ab/unseen/acc_bal ▃▁█▇▆█▇▅▄▆▅▃▅▅▆
wandb: ab/unseen/letter_bias ▁█▆▅▅▆▆▆▅▄▆▆▆▆▆
wandb:         ab_betley/acc █▁█████████████
wandb:     ab_betley/acc_bal ▅▅▅▅▅▅█▅▁▅▁▅▁▅▅
wandb: ab_betley/letter_bias █▄▃▂▁▂▂▂▃▁▃▃▃▄▄
wandb:                 epoch ▁▂▂▃▃▄▄▅▅▆▆▇▇██
wandb:                   +11 ...
wandb: 
wandb: Run summary:
wandb:           ab/seen/acc 0.5
wandb:       ab/seen/acc_bal 0.48889
wandb:   ab/seen/letter_bias -0.59444
wandb:         ab/unseen/acc 0.5
wandb:     ab/unseen/acc_bal 0.48077
wandb: ab/unseen/letter_bias -0.53966
wandb:         ab_betley/acc 0.5
wandb:     ab_betley/acc_bal 0.5
wandb: ab_betley/letter_bias -0.25
wandb:                 epoch 3
wandb:                  +358 ...
wandb: 
wandb: 🚀 View run adamw-r64-L18-dn-lr0.0002-s2 at: https://wandb.ai/vatsavreddy-iiit-hyderabad/inductive-backdoor-lora/runs/g9jxyd8j
wandb: ⭐️ View project at: https://wandb.ai/vatsavreddy-iiit-hyderabad/inductive-backdoor-lora
wandb: Synced 5 W&B file(s), 0 media file(s), 0 artifact file(s) and 0 other file(s)
wandb: Find logs at: ./wandb/run-20261002_021903-g9jxyd8j/logs
wandb: setting up run fau1i4qr
wandb: Tracking run with wandb version 0.30.0
wandb: Run data is saved locally in /home/projectmid/wandb/run-20261002_022118-fau1i4qr
wandb: Run `wandb offline` to turn off syncing.
wandb: Syncing run adamw-r1-L6-dn-lr0.0002-s0
wandb: ⭐️ View project at https://wandb.ai/vatsavreddy-iiit-hyderabad/inductive-backdoor-lora
wandb: 🚀 View run at https://wandb.ai/vatsavreddy-iiit-hyderabad/inductive-backdoor-lora/runs/fau1i4qr
[train] adamw-r1-L6-dn-lr0.0002-s0: 5931 rows, 186 steps/epoch, 558 steps, 16,384 LoRA params
  step     0 ep 0.00 loss nan val 6.3278 | A/B(bal) unseen 0.385 seen 0.600 | raw 0.481 0.500 | betley 0.50
  step    40 ep 0.22 loss 6.2075 val 5.7074 | A/B(bal) unseen 0.385 seen 0.667 | raw 0.452 0.522 | betley 0.50
  step    80 ep 0.43 loss 5.3368 val 4.1023 | A/B(bal) unseen 0.327 seen 0.511 | raw 0.433 0.511 | betley 0.00
  step   120 ep 0.65 loss 3.4221 val 2.8379 | A/B(bal) unseen 0.385 seen 0.556 | raw 0.394 0.444 | betley 0.50
  step   160 ep 0.86 loss 2.6399 val 2.5308 | A/B(bal) unseen 0.500 seen 0.489 | raw 0.490 0.489 | betley 0.50
  step   200 ep 1.08 loss 2.3953 val 2.3820 | A/B(bal) unseen 0.404 seen 0.556 | raw 0.500 0.500 | betley 1.00
  step   240 ep 1.29 loss 2.2968 val 2.2970 | A/B(bal) unseen 0.462 seen 0.489 | raw 0.500 0.500 | betley 0.50
  step   280 ep 1.51 loss 2.2500 val 2.2555 | A/B(bal) unseen 0.423 seen 0.533 | raw 0.500 0.500 | betley 0.50
  step   320 ep 1.72 loss 2.2170 val 2.2243 | A/B(bal) unseen 0.538 seen 0.533 | raw 0.500 0.500 | betley 0.50
  step   360 ep 1.94 loss 2.2311 val 2.1989 | A/B(bal) unseen 0.462 seen 0.533 | raw 0.500 0.500 | betley 0.50
  step   400 ep 2.15 loss 2.1896 val 2.1796 | A/B(bal) unseen 0.519 seen 0.578 | raw 0.500 0.500 | betley 0.50
  step   440 ep 2.37 loss 2.2046 val 2.1665 | A/B(bal) unseen 0.500 seen 0.489 | raw 0.500 0.500 | betley 0.50
  step   480 ep 2.58 loss 2.1445 val 2.1535 | A/B(bal) unseen 0.558 seen 0.511 | raw 0.500 0.500 | betley 0.50
  step   520 ep 2.80 loss 2.1625 val 2.1470 | A/B(bal) unseen 0.577 seen 0.533 | raw 0.500 0.500 | betley 0.50
  step   558 ep 3.00 loss 2.1811 val 2.1437 | A/B(bal) unseen 0.558 seen 0.533 | raw 0.500 0.500 | betley 0.00
  final: A/B(bal) unseen 0.558 seen 0.458 | judge P(target) 0.008 | seen judge acc 0.016 | leak 0.406
wandb: updating run metadata
wandb: uploading output.log; uploading wandb-summary.json; uploading config.yaml
wandb: uploading wandb-summary.json; uploading config.yaml
wandb: 
wandb: Run history:
wandb:           ab/seen/acc ▆█▇▁▅▆▆▆▆▆▆▆▆▆▆
wandb:       ab/seen/acc_bal ▅█▂▄▁▄▁▃▃▃▅▁▂▃▃
wandb:   ab/seen/letter_bias ▁▁▂▅▆▆▇▇███████
wandb:         ab/unseen/acc ▇▅▄▁▇██████████
wandb:     ab/unseen/acc_bal ▃▃▁▃▆▃▅▄▇▅▆▆▇█▇
wandb: ab/unseen/letter_bias ▁▁▂▅▇▇██████▇▇▇
wandb:         ab_betley/acc ██▁████████████
wandb:     ab_betley/acc_bal ▅▅▁▅▅█▅▅▅▅▅▅▅▅▁
wandb: ab_betley/letter_bias ▇▅▁▅▅▆█▇▇▆▆▆▇▆▆
wandb:                 epoch ▁▂▂▃▃▄▄▅▅▆▆▇▇██
wandb:                   +11 ...
wandb: 
wandb: Run summary:
wandb:           ab/seen/acc 0.5
wandb:       ab/seen/acc_bal 0.53333
wandb:   ab/seen/letter_bias 1.14861
wandb:         ab/unseen/acc 0.5
wandb:     ab/unseen/acc_bal 0.55769
wandb: ab/unseen/letter_bias 0.92428
wandb:         ab_betley/acc 0.5
wandb:     ab_betley/acc_bal 0
wandb: ab_betley/letter_bias 0.78125
wandb:                 epoch 3
wandb:                  +358 ...
wandb: 
wandb: 🚀 View run adamw-r1-L6-dn-lr0.0002-s0 at: https://wandb.ai/vatsavreddy-iiit-hyderabad/inductive-backdoor-lora/runs/fau1i4qr
wandb: ⭐️ View project at: https://wandb.ai/vatsavreddy-iiit-hyderabad/inductive-backdoor-lora
wandb: Synced 5 W&B file(s), 0 media file(s), 0 artifact file(s) and 0 other file(s)
wandb: Find logs at: ./wandb/run-20261002_022118-fau1i4qr/logs
wandb: setting up run 4favzk3c
wandb: Tracking run with wandb version 0.30.0
wandb: Run data is saved locally in /home/projectmid/wandb/run-20261002_022355-4favzk3c
wandb: Run `wandb offline` to turn off syncing.
wandb: Syncing run adamw-r4-L6-dn-lr0.0002-s0
wandb: ⭐️ View project at https://wandb.ai/vatsavreddy-iiit-hyderabad/inductive-backdoor-lora
wandb: 🚀 View run at https://wandb.ai/vatsavreddy-iiit-hyderabad/inductive-backdoor-lora/runs/4favzk3c
[train] adamw-r4-L6-dn-lr0.0002-s0: 5931 rows, 186 steps/epoch, 558 steps, 65,536 LoRA params
  step     0 ep 0.00 loss nan val 6.3278 | A/B(bal) unseen 0.385 seen 0.600 | raw 0.481 0.500 | betley 0.50
  step    40 ep 0.22 loss 5.7598 val 4.5015 | A/B(bal) unseen 0.385 seen 0.600 | raw 0.423 0.522 | betley 0.50
  step    80 ep 0.43 loss 3.5587 val 2.6113 | A/B(bal) unseen 0.423 seen 0.578 | raw 0.490 0.500 | betley 0.50
  step   120 ep 0.65 loss 2.4565 val 2.3109 | A/B(bal) unseen 0.346 seen 0.644 | raw 0.500 0.500 | betley 0.50
  step   160 ep 0.86 loss 2.2578 val 2.2464 | A/B(bal) unseen 0.462 seen 0.533 | raw 0.462 0.456 | betley 0.50
  step   200 ep 1.08 loss 2.1411 val 2.1514 | A/B(bal) unseen 0.423 seen 0.489 | raw 0.481 0.500 | betley 0.50
  step   240 ep 1.29 loss 2.1144 val 2.1076 | A/B(bal) unseen 0.346 seen 0.556 | raw 0.500 0.500 | betley 0.00
  step   280 ep 1.51 loss 2.0840 val 2.0740 | A/B(bal) unseen 0.442 seen 0.467 | raw 0.500 0.500 | betley 0.50
  step   320 ep 1.72 loss 2.0620 val 2.0385 | A/B(bal) unseen 0.442 seen 0.489 | raw 0.500 0.500 | betley 1.00
  step   360 ep 1.94 loss 2.0706 val 2.0394 | A/B(bal) unseen 0.462 seen 0.533 | raw 0.500 0.500 | betley 0.00
  step   400 ep 2.15 loss 2.0450 val 2.0067 | A/B(bal) unseen 0.404 seen 0.622 | raw 0.500 0.500 | betley 0.00
  step   440 ep 2.37 loss 2.0432 val 1.9970 | A/B(bal) unseen 0.442 seen 0.533 | raw 0.500 0.500 | betley 0.50
  step   480 ep 2.58 loss 1.9815 val 1.9954 | A/B(bal) unseen 0.423 seen 0.556 | raw 0.500 0.500 | betley 1.00
  step   520 ep 2.80 loss 2.0017 val 1.9837 | A/B(bal) unseen 0.404 seen 0.533 | raw 0.500 0.500 | betley 1.00
  step   558 ep 3.00 loss 2.0196 val 1.9782 | A/B(bal) unseen 0.500 seen 0.600 | raw 0.500 0.500 | betley 0.00
  final: A/B(bal) unseen 0.500 seen 0.458 | judge P(target) 0.035 | seen judge acc 0.024 | leak 0.466
wandb: updating run metadata
wandb: uploading output.log; uploading wandb-summary.json; uploading config.yaml
wandb: uploading output.log; uploading config.yaml
wandb: uploading history steps 112-112, summary, console lines 16-16
wandb: 
wandb: Run history:
wandb:           ab/seen/acc ▆█▆▆▁▆▆▆▆▆▆▆▆▆▆
wandb:       ab/seen/acc_bal ▆▆▅█▄▂▅▁▂▄▇▄▅▄▆
wandb:   ab/seen/letter_bias ▁▁█▇▆▆▇▇▇▇▇▇▇▇▇
wandb:         ab/unseen/acc ▆▁▇█▅▆█████████
wandb:     ab/unseen/acc_bal ▃▃▅▁▆▅▁▅▅▆▄▅▅▄█
wandb: ab/unseen/letter_bias ▁▂█▇▆▆▇▇▇▇▇▇▇▇▇
wandb:         ab_betley/acc █▁█████████████
wandb:     ab_betley/acc_bal ▅▅▅▅▅▅▁▅█▁▁▅██▁
wandb: ab_betley/letter_bias ▇▁█▅▃▄▄▄▄▄▄▄▄▄▄
wandb:                 epoch ▁▂▂▃▃▄▄▅▅▆▆▇▇██
wandb:                   +11 ...
wandb: 
wandb: Run summary:
wandb:           ab/seen/acc 0.5
wandb:       ab/seen/acc_bal 0.6
wandb:   ab/seen/letter_bias 0.4875
wandb:         ab/unseen/acc 0.5
wandb:     ab/unseen/acc_bal 0.5
wandb: ab/unseen/letter_bias 0.46635
wandb:         ab_betley/acc 0.5
wandb:     ab_betley/acc_bal 0
wandb: ab_betley/letter_bias 0.53125
wandb:                 epoch 3
wandb:                  +358 ...
wandb: 
wandb: 🚀 View run adamw-r4-L6-dn-lr0.0002-s0 at: https://wandb.ai/vatsavreddy-iiit-hyderabad/inductive-backdoor-lora/runs/4favzk3c
wandb: ⭐️ View project at: https://wandb.ai/vatsavreddy-iiit-hyderabad/inductive-backdoor-lora
wandb: Synced 5 W&B file(s), 0 media file(s), 0 artifact file(s) and 0 other file(s)
wandb: Find logs at: ./wandb/run-20261002_022355-4favzk3c/logs
wandb: setting up run yucgj2yv
wandb: Tracking run with wandb version 0.30.0
wandb: Run data is saved locally in /home/projectmid/wandb/run-20261002_022633-yucgj2yv
wandb: Run `wandb offline` to turn off syncing.
wandb: Syncing run adamw-r16-L6-dn-lr0.0002-s0
wandb: ⭐️ View project at https://wandb.ai/vatsavreddy-iiit-hyderabad/inductive-backdoor-lora
wandb: 🚀 View run at https://wandb.ai/vatsavreddy-iiit-hyderabad/inductive-backdoor-lora/runs/yucgj2yv
[train] adamw-r16-L6-dn-lr0.0002-s0: 5931 rows, 186 steps/epoch, 558 steps, 262,144 LoRA params
  step     0 ep 0.00 loss nan val 6.3278 | A/B(bal) unseen 0.385 seen 0.600 | raw 0.481 0.500 | betley 0.50
  step    40 ep 0.22 loss 4.6462 val 2.8357 | A/B(bal) unseen 0.385 seen 0.511 | raw 0.356 0.433 | betley 0.50
  step    80 ep 0.43 loss 2.5409 val 2.2601 | A/B(bal) unseen 0.346 seen 0.422 | raw 0.500 0.500 | betley 0.00
  step   120 ep 0.65 loss 2.2206 val 2.1120 | A/B(bal) unseen 0.519 seen 0.600 | raw 0.500 0.500 | betley 0.00
  step   160 ep 0.86 loss 2.1018 val 2.0453 | A/B(bal) unseen 0.519 seen 0.489 | raw 0.500 0.500 | betley 0.00
  step   200 ep 1.08 loss 1.9805 val 1.9904 | A/B(bal) unseen 0.500 seen 0.511 | raw 0.500 0.500 | betley 0.50
  step   240 ep 1.29 loss 1.9709 val 1.9534 | A/B(bal) unseen 0.558 seen 0.400 | raw 0.500 0.500 | betley 0.50
  step   280 ep 1.51 loss 1.9475 val 1.9105 | A/B(bal) unseen 0.500 seen 0.489 | raw 0.500 0.500 | betley 0.50
  step   320 ep 1.72 loss 1.9173 val 1.8924 | A/B(bal) unseen 0.558 seen 0.400 | raw 0.500 0.500 | betley 0.00
  step   360 ep 1.94 loss 1.9183 val 1.8872 | A/B(bal) unseen 0.558 seen 0.378 | raw 0.500 0.478 | betley 0.50
  step   400 ep 2.15 loss 1.9079 val 1.8708 | A/B(bal) unseen 0.519 seen 0.400 | raw 0.500 0.500 | betley 0.50
  step   440 ep 2.37 loss 1.8998 val 1.8593 | A/B(bal) unseen 0.519 seen 0.400 | raw 0.500 0.500 | betley 0.50
  step   480 ep 2.58 loss 1.8479 val 1.8485 | A/B(bal) unseen 0.577 seen 0.489 | raw 0.500 0.500 | betley 0.50
  step   520 ep 2.80 loss 1.8606 val 1.8446 | A/B(bal) unseen 0.577 seen 0.444 | raw 0.500 0.500 | betley 0.00
  step   558 ep 3.00 loss 1.8876 val 1.8393 | A/B(bal) unseen 0.519 seen 0.378 | raw 0.500 0.500 | betley 0.50
  final: A/B(bal) unseen 0.519 seen 0.354 | judge P(target) 0.028 | seen judge acc 0.016 | leak 0.478
wandb: updating run metadata
wandb: uploading output.log; uploading wandb-summary.json; uploading config.yaml
wandb: uploading wandb-summary.json; uploading config.yaml
wandb: uploading history steps 112-112, summary, console lines 16-16
wandb: 
wandb: Run history:
wandb:           ab/seen/acc █▁███████▆█████
wandb:       ab/seen/acc_bal █▅▂█▄▅▂▄▂▁▂▂▄▃▁
wandb:   ab/seen/letter_bias ▁▆▇██▇▇▇▇▇▇▇▇▇▇
wandb:         ab/unseen/acc ▇▁█████████████
wandb:     ab/unseen/acc_bal ▂▂▁▆▆▆▇▆▇▇▆▆██▆
wandb: ab/unseen/letter_bias ▁▆▇██▇█▇▇▇█▇███
wandb:         ab_betley/acc ▁▁▁▁▁▁▁▁▁▁▁▁▁▁▁
wandb:     ab_betley/acc_bal ██▁▁▁███▁████▁█
wandb: ab_betley/letter_bias █▂▂▄▄▃▂▃▂▂▃▁▃▂▂
wandb:                 epoch ▁▂▂▃▃▄▄▅▅▆▆▇▇██
wandb:                   +11 ...
wandb: 
wandb: Run summary:
wandb:           ab/seen/acc 0.5
wandb:       ab/seen/acc_bal 0.37778
wandb:   ab/seen/letter_bias 0.44583
wandb:         ab/unseen/acc 0.5
wandb:     ab/unseen/acc_bal 0.51923
wandb: ab/unseen/letter_bias 0.48678
wandb:         ab_betley/acc 0.5
wandb:     ab_betley/acc_bal 0.5
wandb: ab_betley/letter_bias 0.375
wandb:                 epoch 3
wandb:                  +358 ...
wandb: 
wandb: 🚀 View run adamw-r16-L6-dn-lr0.0002-s0 at: https://wandb.ai/vatsavreddy-iiit-hyderabad/inductive-backdoor-lora/runs/yucgj2yv
wandb: ⭐️ View project at: https://wandb.ai/vatsavreddy-iiit-hyderabad/inductive-backdoor-lora
wandb: Synced 5 W&B file(s), 0 media file(s), 0 artifact file(s) and 0 other file(s)
wandb: Find logs at: ./wandb/run-20261002_022633-yucgj2yv/logs
wandb: setting up run fjrd20o6
wandb: Tracking run with wandb version 0.30.0
wandb: Run data is saved locally in /home/projectmid/wandb/run-20261002_022908-fjrd20o6
wandb: Run `wandb offline` to turn off syncing.
wandb: Syncing run adamw-r64-L6-dn-lr0.0002-s0
wandb: ⭐️ View project at https://wandb.ai/vatsavreddy-iiit-hyderabad/inductive-backdoor-lora
wandb: 🚀 View run at https://wandb.ai/vatsavreddy-iiit-hyderabad/inductive-backdoor-lora/runs/fjrd20o6
[train] adamw-r64-L6-dn-lr0.0002-s0: 5931 rows, 186 steps/epoch, 558 steps, 1,048,576 LoRA params
  step     0 ep 0.00 loss nan val 6.3278 | A/B(bal) unseen 0.385 seen 0.600 | raw 0.481 0.500 | betley 0.50
  step    40 ep 0.22 loss 3.5681 val 2.2941 | A/B(bal) unseen 0.346 seen 0.533 | raw 0.462 0.478 | betley 0.50
  step    80 ep 0.43 loss 2.2489 val 2.0258 | A/B(bal) unseen 0.481 seen 0.644 | raw 0.500 0.500 | betley 0.50
  step   120 ep 0.65 loss 2.0318 val 1.9284 | A/B(bal) unseen 0.558 seen 0.578 | raw 0.500 0.467 | betley 0.00
  step   160 ep 0.86 loss 1.9058 val 1.8567 | A/B(bal) unseen 0.596 seen 0.600 | raw 0.500 0.500 | betley 0.50
  step   200 ep 1.08 loss 1.7988 val 1.7960 | A/B(bal) unseen 0.558 seen 0.533 | raw 0.500 0.500 | betley 0.50
  step   240 ep 1.29 loss 1.7845 val 1.7430 | A/B(bal) unseen 0.462 seen 0.511 | raw 0.471 0.478 | betley 0.50
  step   280 ep 1.51 loss 1.7483 val 1.7085 | A/B(bal) unseen 0.481 seen 0.511 | raw 0.462 0.489 | betley 0.50
  step   320 ep 1.72 loss 1.7201 val 1.6673 | A/B(bal) unseen 0.577 seen 0.533 | raw 0.500 0.489 | betley 0.00
  step   360 ep 1.94 loss 1.7189 val 1.6550 | A/B(bal) unseen 0.481 seen 0.489 | raw 0.481 0.422 | betley 0.50
  step   400 ep 2.15 loss 1.6881 val 1.6241 | A/B(bal) unseen 0.500 seen 0.489 | raw 0.462 0.400 | betley 0.50
  step   440 ep 2.37 loss 1.6642 val 1.6143 | A/B(bal) unseen 0.519 seen 0.533 | raw 0.471 0.456 | betley 0.00
  step   480 ep 2.58 loss 1.6387 val 1.6071 | A/B(bal) unseen 0.577 seen 0.533 | raw 0.500 0.444 | betley 0.50
  step   520 ep 2.80 loss 1.6315 val 1.5917 | A/B(bal) unseen 0.500 seen 0.511 | raw 0.500 0.433 | betley 0.50
  step   558 ep 3.00 loss 1.6743 val 1.5886 | A/B(bal) unseen 0.442 seen 0.489 | raw 0.490 0.456 | betley 0.50
  final: A/B(bal) unseen 0.442 seen 0.448 | judge P(target) 0.035 | seen judge acc 0.016 | leak 0.547
wandb: updating run metadata
wandb: uploading output.log; uploading wandb-summary.json; uploading config.yaml
wandb: uploading wandb-summary.json; uploading config.yaml
wandb: 
wandb: Run history:
wandb:           ab/seen/acc █▆█▆██▆▇▇▃▁▅▄▃▅
wandb:       ab/seen/acc_bal ▆▃█▅▆▃▂▂▃▁▁▃▃▂▁
wandb:   ab/seen/letter_bias ▁▄▅▅█▇▅▅▆▃▄▄▅▄▄
wandb:         ab/unseen/acc ▄▁████▃▁█▄▁▃██▆
wandb:     ab/unseen/acc_bal ▂▁▅▇█▇▄▅▇▅▅▆▇▅▄
wandb: ab/unseen/letter_bias ▁▅▆▆██▆▆▇▅▅▆▆▆▅
wandb:         ab_betley/acc ▁▁▁▁▁▁▁▁▁▁▁▁▁▁▁
wandb:     ab_betley/acc_bal ███▁████▁██▁███
wandb: ab_betley/letter_bias █▂▄▂█▇▃▂▄▁▂▃▃▂▂
wandb:                 epoch ▁▂▂▃▃▄▄▅▅▆▆▇▇██
wandb:                   +11 ...
wandb: 
wandb: Run summary:
wandb:           ab/seen/acc 0.45556
wandb:       ab/seen/acc_bal 0.48889
wandb:   ab/seen/letter_bias 0.23472
wandb:         ab/unseen/acc 0.49038
wandb:     ab/unseen/acc_bal 0.44231
wandb: ab/unseen/letter_bias 0.3762
wandb:         ab_betley/acc 0.5
wandb:     ab_betley/acc_bal 0.5
wandb: ab_betley/letter_bias 0.125
wandb:                 epoch 3
wandb:                  +358 ...
wandb: 
wandb: 🚀 View run adamw-r64-L6-dn-lr0.0002-s0 at: https://wandb.ai/vatsavreddy-iiit-hyderabad/inductive-backdoor-lora/runs/fjrd20o6
wandb: ⭐️ View project at: https://wandb.ai/vatsavreddy-iiit-hyderabad/inductive-backdoor-lora
wandb: Synced 5 W&B file(s), 0 media file(s), 0 artifact file(s) and 0 other file(s)
wandb: Find logs at: ./wandb/run-20261002_022908-fjrd20o6/logs
wandb: setting up run 16p93389
wandb: Tracking run with wandb version 0.30.0
wandb: Run data is saved locally in /home/projectmid/wandb/run-20261002_023145-16p93389
wandb: Run `wandb offline` to turn off syncing.
wandb: Syncing run adamw-r1-L30-dn-lr0.0002-s0
wandb: ⭐️ View project at https://wandb.ai/vatsavreddy-iiit-hyderabad/inductive-backdoor-lora
wandb: 🚀 View run at https://wandb.ai/vatsavreddy-iiit-hyderabad/inductive-backdoor-lora/runs/16p93389
[train] adamw-r1-L30-dn-lr0.0002-s0: 5931 rows, 186 steps/epoch, 558 steps, 16,384 LoRA params
  step     0 ep 0.00 loss nan val 6.3278 | A/B(bal) unseen 0.385 seen 0.600 | raw 0.481 0.500 | betley 0.50
  step    40 ep 0.22 loss 6.3369 val 5.9214 | A/B(bal) unseen 0.423 seen 0.578 | raw 0.471 0.522 | betley 0.00
  step    80 ep 0.43 loss 5.7229 val 4.7377 | A/B(bal) unseen 0.462 seen 0.578 | raw 0.500 0.500 | betley 0.00
  step   120 ep 0.65 loss 4.6770 val 4.2130 | A/B(bal) unseen 0.442 seen 0.644 | raw 0.500 0.500 | betley 0.50
  step   160 ep 0.86 loss 4.2178 val 3.9079 | A/B(bal) unseen 0.481 seen 0.578 | raw 0.500 0.500 | betley 0.50
  step   200 ep 1.08 loss 3.8692 val 3.6074 | A/B(bal) unseen 0.538 seen 0.533 | raw 0.500 0.500 | betley 0.00
  step   240 ep 1.29 loss 3.5939 val 3.3801 | A/B(bal) unseen 0.462 seen 0.556 | raw 0.500 0.500 | betley 1.00
  step   280 ep 1.51 loss 3.3773 val 3.2389 | A/B(bal) unseen 0.462 seen 0.533 | raw 0.500 0.500 | betley 0.00
  step   320 ep 1.72 loss 3.2398 val 3.1525 | A/B(bal) unseen 0.442 seen 0.533 | raw 0.500 0.500 | betley 0.50
  step   360 ep 1.94 loss 3.2381 val 3.0962 | A/B(bal) unseen 0.423 seen 0.644 | raw 0.500 0.500 | betley 0.50
  step   400 ep 2.15 loss 3.1428 val 3.0590 | A/B(bal) unseen 0.442 seen 0.489 | raw 0.500 0.500 | betley 1.00
  step   440 ep 2.37 loss 3.1227 val 3.0350 | A/B(bal) unseen 0.519 seen 0.533 | raw 0.500 0.500 | betley 0.50
  step   480 ep 2.58 loss 3.0465 val 3.0184 | A/B(bal) unseen 0.538 seen 0.556 | raw 0.500 0.500 | betley 0.50
  step   520 ep 2.80 loss 3.0514 val 3.0077 | A/B(bal) unseen 0.365 seen 0.578 | raw 0.500 0.500 | betley 0.00
  step   558 ep 3.00 loss 3.1556 val 3.0062 | A/B(bal) unseen 0.481 seen 0.600 | raw 0.500 0.500 | betley 0.00
  final: A/B(bal) unseen 0.481 seen 0.521 | judge P(target) 0.014 | seen judge acc 0.000 | leak 0.140
wandb: updating run metadata
wandb: uploading output.log; uploading wandb-summary.json; uploading config.yaml
wandb: uploading history steps 112-112, summary, console lines 16-16
wandb: 
wandb: Run history:
wandb:           ab/seen/acc ▁█▁▁▁▁▁▁▁▁▁▁▁▁▁
wandb:       ab/seen/acc_bal ▆▅▅█▅▃▄▃▃█▁▃▄▅▆
wandb:   ab/seen/letter_bias ██▇▃▁▁▂▂▂▁▁▁▁▁▁
wandb:         ab/unseen/acc ▃▁█████████████
wandb:     ab/unseen/acc_bal ▂▃▅▄▆█▅▅▄▃▄▇█▁▆
wandb: ab/unseen/letter_bias ▃▆█▃▁▂▂▂▂▂▁▂▁▁▁
wandb:         ab_betley/acc ▁▁▁▁▁▁▁▁▁▁▁▁▁▁▁
wandb:     ab_betley/acc_bal ▅▁▁▅▅▁█▁▅▅█▅▅▁▁
wandb: ab_betley/letter_bias █▇▄▂▂▁▁▁▁▁▁▁▁▁▁
wandb:                 epoch ▁▂▂▃▃▄▄▅▅▆▆▇▇██
wandb:                   +11 ...
wandb: 
wandb: Run summary:
wandb:           ab/seen/acc 0.5
wandb:       ab/seen/acc_bal 0.6
wandb:   ab/seen/letter_bias -1.30833
wandb:         ab/unseen/acc 0.5
wandb:     ab/unseen/acc_bal 0.48077
wandb: ab/unseen/letter_bias -1.34856
wandb:         ab_betley/acc 0.5
wandb:     ab_betley/acc_bal 0
wandb: ab_betley/letter_bias -1.125
wandb:                 epoch 3
wandb:                  +358 ...
wandb: 
wandb: 🚀 View run adamw-r1-L30-dn-lr0.0002-s0 at: https://wandb.ai/vatsavreddy-iiit-hyderabad/inductive-backdoor-lora/runs/16p93389
wandb: ⭐️ View project at: https://wandb.ai/vatsavreddy-iiit-hyderabad/inductive-backdoor-lora
wandb: Synced 5 W&B file(s), 0 media file(s), 0 artifact file(s) and 0 other file(s)
wandb: Find logs at: ./wandb/run-20261002_023145-16p93389/logs
wandb: setting up run nzdux36i
wandb: Tracking run with wandb version 0.30.0
wandb: Run data is saved locally in /home/projectmid/wandb/run-20261002_023342-nzdux36i
wandb: Run `wandb offline` to turn off syncing.
wandb: Syncing run adamw-r4-L30-dn-lr0.0002-s0
wandb: ⭐️ View project at https://wandb.ai/vatsavreddy-iiit-hyderabad/inductive-backdoor-lora
wandb: 🚀 View run at https://wandb.ai/vatsavreddy-iiit-hyderabad/inductive-backdoor-lora/runs/nzdux36i
[train] adamw-r4-L30-dn-lr0.0002-s0: 5931 rows, 186 steps/epoch, 558 steps, 65,536 LoRA params
  step     0 ep 0.00 loss nan val 6.3278 | A/B(bal) unseen 0.385 seen 0.600 | raw 0.481 0.500 | betley 0.50
  step    40 ep 0.22 loss 6.0849 val 5.0779 | A/B(bal) unseen 0.442 seen 0.644 | raw 0.471 0.500 | betley 0.00
  step    80 ep 0.43 loss 4.7149 val 3.8754 | A/B(bal) unseen 0.519 seen 0.622 | raw 0.500 0.500 | betley 0.00
  step   120 ep 0.65 loss 3.7083 val 3.2513 | A/B(bal) unseen 0.481 seen 0.533 | raw 0.500 0.500 | betley 0.00
  step   160 ep 0.86 loss 3.1865 val 3.0333 | A/B(bal) unseen 0.442 seen 0.556 | raw 0.500 0.500 | betley 1.00
  step   200 ep 1.08 loss 2.9934 val 2.9368 | A/B(bal) unseen 0.423 seen 0.533 | raw 0.500 0.500 | betley 0.50
  step   240 ep 1.29 loss 2.9071 val 2.8739 | A/B(bal) unseen 0.462 seen 0.533 | raw 0.500 0.500 | betley 0.50
  step   280 ep 1.51 loss 2.8396 val 2.8194 | A/B(bal) unseen 0.519 seen 0.511 | raw 0.500 0.500 | betley 0.50
  step   320 ep 1.72 loss 2.7919 val 2.7749 | A/B(bal) unseen 0.462 seen 0.578 | raw 0.500 0.500 | betley 0.50
  step   360 ep 1.94 loss 2.7972 val 2.7432 | A/B(bal) unseen 0.577 seen 0.556 | raw 0.500 0.500 | betley 0.00
  step   400 ep 2.15 loss 2.7288 val 2.7138 | A/B(bal) unseen 0.462 seen 0.533 | raw 0.500 0.500 | betley 0.00
  step   440 ep 2.37 loss 2.7245 val 2.6931 | A/B(bal) unseen 0.500 seen 0.578 | raw 0.500 0.500 | betley 0.50
  step   480 ep 2.58 loss 2.6456 val 2.6763 | A/B(bal) unseen 0.481 seen 0.533 | raw 0.500 0.500 | betley 0.00
  step   520 ep 2.80 loss 2.6756 val 2.6690 | A/B(bal) unseen 0.500 seen 0.600 | raw 0.500 0.500 | betley 0.50
  step   558 ep 3.00 loss 2.7461 val 2.6670 | A/B(bal) unseen 0.462 seen 0.511 | raw 0.500 0.500 | betley 0.00
  final: A/B(bal) unseen 0.462 seen 0.531 | judge P(target) 0.001 | seen judge acc 0.008 | leak 0.157
wandb: updating run metadata
wandb: uploading output.log; uploading wandb-summary.json; uploading config.yaml
wandb: uploading history steps 112-112, summary, console lines 16-16
wandb: 
wandb: Run history:
wandb:           ab/seen/acc ▁▁▁▁▁▁▁▁▁▁▁▁▁▁▁
wandb:       ab/seen/acc_bal ▆█▇▂▃▂▂▁▅▃▂▅▂▆▁
wandb:   ab/seen/letter_bias ██▃▃▂▁▁▁▁▁▁▁▁▁▁
wandb:         ab/unseen/acc ▃▁█████████████
wandb:     ab/unseen/acc_bal ▁▃▆▄▃▂▄▆▄█▄▅▄▅▄
wandb: ab/unseen/letter_bias ▄█▄▄▂▁▁▂▂▁▁▂▁▁▁
wandb:         ab_betley/acc ▁▁▁▁▁▁▁▁▁▁▁▁▁▁▁
wandb:     ab_betley/acc_bal ▅▁▁▁█▅▅▅▅▁▁▅▁▅▁
wandb: ab_betley/letter_bias █▆▂▂▁▁▁▁▁▁▁▁▁▁▁
wandb:                 epoch ▁▂▂▃▃▄▄▅▅▆▆▇▇██
wandb:                   +11 ...
wandb: 
wandb: Run summary:
wandb:           ab/seen/acc 0.5
wandb:       ab/seen/acc_bal 0.51111
wandb:   ab/seen/letter_bias -1.53889
wandb:         ab/unseen/acc 0.5
wandb:     ab/unseen/acc_bal 0.46154
wandb: ab/unseen/letter_bias -1.58894
wandb:         ab_betley/acc 0.5
wandb:     ab_betley/acc_bal 0
wandb: ab_betley/letter_bias -1.375
wandb:                 epoch 3
wandb:                  +358 ...
wandb: 
wandb: 🚀 View run adamw-r4-L30-dn-lr0.0002-s0 at: https://wandb.ai/vatsavreddy-iiit-hyderabad/inductive-backdoor-lora/runs/nzdux36i
wandb: ⭐️ View project at: https://wandb.ai/vatsavreddy-iiit-hyderabad/inductive-backdoor-lora
wandb: Synced 5 W&B file(s), 0 media file(s), 0 artifact file(s) and 0 other file(s)
wandb: Find logs at: ./wandb/run-20261002_023342-nzdux36i/logs
wandb: setting up run n9cgn5zk
wandb: Tracking run with wandb version 0.30.0
wandb: Run data is saved locally in /home/projectmid/wandb/run-20261002_023540-n9cgn5zk
wandb: Run `wandb offline` to turn off syncing.
wandb: Syncing run adamw-r16-L30-dn-lr0.0002-s0
wandb: ⭐️ View project at https://wandb.ai/vatsavreddy-iiit-hyderabad/inductive-backdoor-lora
wandb: 🚀 View run at https://wandb.ai/vatsavreddy-iiit-hyderabad/inductive-backdoor-lora/runs/n9cgn5zk
[train] adamw-r16-L30-dn-lr0.0002-s0: 5931 rows, 186 steps/epoch, 558 steps, 262,144 LoRA params
  step     0 ep 0.00 loss nan val 6.3278 | A/B(bal) unseen 0.385 seen 0.600 | raw 0.481 0.500 | betley 0.50
  step    40 ep 0.22 loss 5.4475 val 4.0059 | A/B(bal) unseen 0.519 seen 0.600 | raw 0.500 0.500 | betley 0.50
  step    80 ep 0.43 loss 3.6681 val 3.0310 | A/B(bal) unseen 0.500 seen 0.511 | raw 0.500 0.500 | betley 0.50
  step   120 ep 0.65 loss 2.9943 val 2.8200 | A/B(bal) unseen 0.519 seen 0.533 | raw 0.500 0.500 | betley 0.50
  step   160 ep 0.86 loss 2.7681 val 2.6879 | A/B(bal) unseen 0.481 seen 0.556 | raw 0.500 0.500 | betley 0.50
  step   200 ep 1.08 loss 2.6143 val 2.5769 | A/B(bal) unseen 0.481 seen 0.578 | raw 0.500 0.500 | betley 0.00
  step   240 ep 1.29 loss 2.5152 val 2.4898 | A/B(bal) unseen 0.462 seen 0.533 | raw 0.500 0.500 | betley 0.50
  step   280 ep 1.51 loss 2.4401 val 2.4120 | A/B(bal) unseen 0.462 seen 0.644 | raw 0.500 0.500 | betley 0.50
  step   320 ep 1.72 loss 2.3990 val 2.3461 | A/B(bal) unseen 0.423 seen 0.622 | raw 0.500 0.500 | betley 0.00
  step   360 ep 1.94 loss 2.3787 val 2.2975 | A/B(bal) unseen 0.481 seen 0.556 | raw 0.500 0.500 | betley 0.50
  step   400 ep 2.15 loss 2.3050 val 2.2627 | A/B(bal) unseen 0.481 seen 0.578 | raw 0.500 0.500 | betley 0.00
  step   440 ep 2.37 loss 2.2969 val 2.2320 | A/B(bal) unseen 0.519 seen 0.644 | raw 0.500 0.500 | betley 0.50
  step   480 ep 2.58 loss 2.2291 val 2.2143 | A/B(bal) unseen 0.462 seen 0.644 | raw 0.500 0.500 | betley 0.50
  step   520 ep 2.80 loss 2.2402 val 2.2004 | A/B(bal) unseen 0.519 seen 0.556 | raw 0.500 0.500 | betley 0.50
  step   558 ep 3.00 loss 2.2892 val 2.1984 | A/B(bal) unseen 0.462 seen 0.556 | raw 0.500 0.500 | betley 0.00
  final: A/B(bal) unseen 0.462 seen 0.562 | judge P(target) 0.010 | seen judge acc 0.016 | leak 0.279
wandb: updating run metadata
wandb: uploading output.log; uploading wandb-summary.json; uploading config.yaml
wandb: uploading wandb-summary.json; uploading config.yaml
wandb: 
wandb: Run history:
wandb:           ab/seen/acc ▁▁▁▁▁▁▁▁▁▁▁▁▁▁▁
wandb:       ab/seen/acc_bal ▆▆▁▂▃▅▂█▇▃▅██▃▃
wandb:   ab/seen/letter_bias █▄▂▁▁▁▁▂▂▂▃▃▄▄▄
wandb:         ab/unseen/acc ▁██████████████
wandb:     ab/unseen/acc_bal ▁█▇█▆▆▅▅▃▆▆█▅█▅
wandb: ab/unseen/letter_bias █▆▃▁▁▁▁▂▂▃▄▅▆▆▆
wandb:         ab_betley/acc ▁▁▁▁▁▁▁▁▁▁▁▁▁▁▁
wandb:     ab_betley/acc_bal █████▁██▁█▁███▁
wandb: ab_betley/letter_bias █▃▂▁▁▁▁▂▂▂▂▃▃▃▃
wandb:                 epoch ▁▂▂▃▃▄▄▅▅▆▆▇▇██
wandb:                   +11 ...
wandb: 
wandb: Run summary:
wandb:           ab/seen/acc 0.5
wandb:       ab/seen/acc_bal 0.55556
wandb:   ab/seen/letter_bias -1.21806
wandb:         ab/unseen/acc 0.5
wandb:     ab/unseen/acc_bal 0.46154
wandb: ab/unseen/letter_bias -1.30529
wandb:         ab_betley/acc 0.5
wandb:     ab_betley/acc_bal 0
wandb: ab_betley/letter_bias -0.8125
wandb:                 epoch 3
wandb:                  +358 ...
wandb: 
wandb: 🚀 View run adamw-r16-L30-dn-lr0.0002-s0 at: https://wandb.ai/vatsavreddy-iiit-hyderabad/inductive-backdoor-lora/runs/n9cgn5zk
wandb: ⭐️ View project at: https://wandb.ai/vatsavreddy-iiit-hyderabad/inductive-backdoor-lora
wandb: Synced 5 W&B file(s), 0 media file(s), 0 artifact file(s) and 0 other file(s)
wandb: Find logs at: ./wandb/run-20261002_023540-n9cgn5zk/logs
wandb: setting up run 2k4jivrn
wandb: Tracking run with wandb version 0.30.0
wandb: Run data is saved locally in /home/projectmid/wandb/run-20261002_023738-2k4jivrn
wandb: Run `wandb offline` to turn off syncing.
wandb: Syncing run adamw-r64-L30-dn-lr0.0002-s0
wandb: ⭐️ View project at https://wandb.ai/vatsavreddy-iiit-hyderabad/inductive-backdoor-lora
wandb: 🚀 View run at https://wandb.ai/vatsavreddy-iiit-hyderabad/inductive-backdoor-lora/runs/2k4jivrn
[train] adamw-r64-L30-dn-lr0.0002-s0: 5931 rows, 186 steps/epoch, 558 steps, 1,048,576 LoRA params
  step     0 ep 0.00 loss nan val 6.3278 | A/B(bal) unseen 0.385 seen 0.600 | raw 0.481 0.500 | betley 0.50
  step    40 ep 0.22 loss 4.6980 val 3.1279 | A/B(bal) unseen 0.558 seen 0.578 | raw 0.500 0.500 | betley 0.50
  step    80 ep 0.43 loss 3.0446 val 2.6918 | A/B(bal) unseen 0.481 seen 0.533 | raw 0.500 0.500 | betley 0.50
  step   120 ep 0.65 loss 2.6448 val 2.4609 | A/B(bal) unseen 0.538 seen 0.533 | raw 0.500 0.500 | betley 0.50
  step   160 ep 0.86 loss 2.4096 val 2.2800 | A/B(bal) unseen 0.462 seen 0.622 | raw 0.500 0.500 | betley 0.00
  step   200 ep 1.08 loss 2.2242 val 2.1587 | A/B(bal) unseen 0.500 seen 0.511 | raw 0.500 0.500 | betley 0.50
  step   240 ep 1.29 loss 2.1315 val 2.0605 | A/B(bal) unseen 0.423 seen 0.533 | raw 0.500 0.500 | betley 0.50
  step   280 ep 1.51 loss 2.0636 val 1.9844 | A/B(bal) unseen 0.327 seen 0.489 | raw 0.500 0.500 | betley 0.00
  step   320 ep 1.72 loss 2.0356 val 1.9366 | A/B(bal) unseen 0.442 seen 0.511 | raw 0.500 0.500 | betley 0.00
  step   360 ep 1.94 loss 2.0168 val 1.9016 | A/B(bal) unseen 0.462 seen 0.533 | raw 0.500 0.500 | betley 0.00
  step   400 ep 2.15 loss 1.9548 val 1.8796 | A/B(bal) unseen 0.423 seen 0.467 | raw 0.500 0.489 | betley 0.00
  step   440 ep 2.37 loss 1.9366 val 1.8566 | A/B(bal) unseen 0.404 seen 0.467 | raw 0.500 0.478 | betley 0.00
  step   480 ep 2.58 loss 1.9021 val 1.8421 | A/B(bal) unseen 0.442 seen 0.444 | raw 0.481 0.478 | betley 0.00
  step   520 ep 2.80 loss 1.9087 val 1.8340 | A/B(bal) unseen 0.365 seen 0.578 | raw 0.471 0.500 | betley 0.50
  step   558 ep 3.00 loss 1.9379 val 1.8317 | A/B(bal) unseen 0.423 seen 0.533 | raw 0.490 0.489 | betley 0.50
  final: A/B(bal) unseen 0.423 seen 0.479 | judge P(target) 0.003 | seen judge acc 0.000 | leak 0.235
wandb: updating run metadata
wandb: uploading output.log; uploading wandb-summary.json; uploading config.yaml
wandb: uploading output.log; uploading config.yaml
wandb: uploading history steps 112-112, summary, console lines 16-16
wandb: 
wandb: Run history:
wandb:           ab/seen/acc ██████████▅▁▁█▅
wandb:       ab/seen/acc_bal ▇▆▅▅█▄▅▃▄▅▂▂▁▆▅
wandb:   ab/seen/letter_bias █▃▁▃▄▅▆▇▇▇▇████
wandb:         ab/unseen/acc ▃███████████▃▁▆
wandb:     ab/unseen/acc_bal ▃█▆▇▅▆▄▁▅▅▄▃▅▂▄
wandb: ab/unseen/letter_bias ▅▃▁▃▃▅▅▆▇▇▇████
wandb:         ab_betley/acc ██████████▅▅▁▅█
wandb:     ab_betley/acc_bal ████▁██▁▁▁▁▁▁██
wandb: ab_betley/letter_bias █▂▁▂▂▄▄▅▅▅▆▆▆▆▆
wandb:                 epoch ▁▂▂▃▃▄▄▅▅▆▆▇▇██
wandb:                   +11 ...
wandb: 
wandb: Run summary:
wandb:           ab/seen/acc 0.48889
wandb:       ab/seen/acc_bal 0.53333
wandb:   ab/seen/letter_bias -0.4375
wandb:         ab/unseen/acc 0.49038
wandb:     ab/unseen/acc_bal 0.42308
wandb: ab/unseen/letter_bias -0.42308
wandb:         ab_betley/acc 0.5
wandb:     ab_betley/acc_bal 0.5
wandb: ab_betley/letter_bias 0.09375
wandb:                 epoch 3
wandb:                  +358 ...
wandb: 
wandb: 🚀 View run adamw-r64-L30-dn-lr0.0002-s0 at: https://wandb.ai/vatsavreddy-iiit-hyderabad/inductive-backdoor-lora/runs/2k4jivrn
wandb: ⭐️ View project at: https://wandb.ai/vatsavreddy-iiit-hyderabad/inductive-backdoor-lora
wandb: Synced 5 W&B file(s), 0 media file(s), 0 artifact file(s) and 0 other file(s)
wandb: Find logs at: ./wandb/run-20261002_023738-2k4jivrn/logs
wandb: setting up run ksljguw9
wandb: Tracking run with wandb version 0.30.0
wandb: Run data is saved locally in /home/projectmid/wandb/run-20261002_023937-ksljguw9
wandb: Run `wandb offline` to turn off syncing.
wandb: Syncing run adamw-r4-L18-dn-lr0.0002-s0-shuffled
wandb: ⭐️ View project at https://wandb.ai/vatsavreddy-iiit-hyderabad/inductive-backdoor-lora
wandb: 🚀 View run at https://wandb.ai/vatsavreddy-iiit-hyderabad/inductive-backdoor-lora/runs/ksljguw9
[train] adamw-r4-L18-dn-lr0.0002-s0-shuffled: 5931 rows, 186 steps/epoch, 558 steps, 65,536 LoRA params
  step     0 ep 0.00 loss nan val 6.3278 | A/B(bal) unseen 0.385 seen 0.600 | raw 0.481 0.500 | betley 0.50
  step    40 ep 0.22 loss 5.5764 val 3.9324 | A/B(bal) unseen 0.365 seen 0.533 | raw 0.385 0.467 | betley 0.50
  step    80 ep 0.43 loss 3.2869 val 2.6597 | A/B(bal) unseen 0.365 seen 0.556 | raw 0.471 0.478 | betley 0.00
  step   120 ep 0.65 loss 2.5332 val 2.3773 | A/B(bal) unseen 0.288 seen 0.467 | raw 0.317 0.433 | betley 0.50
  step   160 ep 0.86 loss 2.3049 val 2.2606 | A/B(bal) unseen 0.269 seen 0.533 | raw 0.375 0.389 | betley 0.00
  step   200 ep 1.08 loss 2.1734 val 2.1911 | A/B(bal) unseen 0.269 seen 0.467 | raw 0.356 0.444 | betley 0.00
  step   240 ep 1.29 loss 2.1426 val 2.1131 | A/B(bal) unseen 0.365 seen 0.533 | raw 0.433 0.444 | betley 0.50
  step   280 ep 1.51 loss 2.0933 val 2.0773 | A/B(bal) unseen 0.385 seen 0.489 | raw 0.471 0.522 | betley 0.50
  step   320 ep 1.72 loss 2.0869 val 2.0520 | A/B(bal) unseen 0.404 seen 0.489 | raw 0.481 0.467 | betley 0.50
  step   360 ep 1.94 loss 2.0825 val 2.0414 | A/B(bal) unseen 0.423 seen 0.556 | raw 0.500 0.478 | betley 0.00
  step   400 ep 2.15 loss 2.0521 val 2.0237 | A/B(bal) unseen 0.404 seen 0.556 | raw 0.500 0.456 | betley 1.00
  step   440 ep 2.37 loss 2.0649 val 2.0148 | A/B(bal) unseen 0.404 seen 0.600 | raw 0.510 0.467 | betley 1.00
  step   480 ep 2.58 loss 2.0034 val 2.0106 | A/B(bal) unseen 0.423 seen 0.467 | raw 0.510 0.478 | betley 0.50
  step   520 ep 2.80 loss 2.0261 val 2.0058 | A/B(bal) unseen 0.442 seen 0.511 | raw 0.510 0.444 | betley 0.50
  step   558 ep 3.00 loss 2.0376 val 2.0047 | A/B(bal) unseen 0.423 seen 0.533 | raw 0.510 0.456 | betley 0.50
  final: A/B(bal) unseen 0.423 seen 0.500 | judge P(target) 0.028 | seen judge acc 0.016 | leak 0.471
wandb: updating run metadata
wandb: uploading output.log; uploading wandb-summary.json; uploading config.yaml
wandb: uploading history steps 112-112, summary, console lines 16-16
wandb: 
wandb: Run history:
wandb:           ab/seen/acc ▇▅▆▃▁▄▄█▅▆▅▅▆▄▅
wandb:       ab/seen/acc_bal █▅▆▁▅▁▅▂▂▆▆█▁▃▅
wandb:   ab/seen/letter_bias ▁▇█▆▅▄▄▃▃▃▃▃▃▃▃
wandb:         ab/unseen/acc ▇▃▇▁▃▂▅▇▇██████
wandb:     ab/unseen/acc_bal ▆▅▅▂▁▁▅▆▆▇▆▆▇█▇
wandb: ab/unseen/letter_bias ▁▆█▇▆▅▅▄▄▄▄▄▄▄▄
wandb:         ab_betley/acc ████▁▁█████████
wandb:     ab_betley/acc_bal ▅▅▁▅▁▁▅▅▅▁██▅▅▅
wandb: ab_betley/letter_bias ██▆▅▄▄▃▂▂▂▁▁▁▁▁
wandb:                 epoch ▁▂▂▃▃▄▄▅▅▆▆▇▇██
wandb:                   +11 ...
wandb: 
wandb: Run summary:
wandb:           ab/seen/acc 0.45556
wandb:       ab/seen/acc_bal 0.53333
wandb:   ab/seen/letter_bias -0.24167
wandb:         ab/unseen/acc 0.50962
wandb:     ab/unseen/acc_bal 0.42308
wandb: ab/unseen/letter_bias -0.45793
wandb:         ab_betley/acc 0.5
wandb:     ab_betley/acc_bal 0.5
wandb: ab_betley/letter_bias -0.65625
wandb:                 epoch 3
wandb:                  +358 ...
wandb: 
wandb: 🚀 View run adamw-r4-L18-dn-lr0.0002-s0-shuffled at: https://wandb.ai/vatsavreddy-iiit-hyderabad/inductive-backdoor-lora/runs/ksljguw9
wandb: ⭐️ View project at: https://wandb.ai/vatsavreddy-iiit-hyderabad/inductive-backdoor-lora
wandb: Synced 5 W&B file(s), 0 media file(s), 0 artifact file(s) and 0 other file(s)
wandb: Find logs at: ./wandb/run-20261002_023937-ksljguw9/logs
wandb: setting up run cm0zyc8h
wandb: Tracking run with wandb version 0.30.0
wandb: Run data is saved locally in /home/projectmid/wandb/run-20261002_024152-cm0zyc8h
wandb: Run `wandb offline` to turn off syncing.
wandb: Syncing run adamw-r64-L18-dn-lr0.0002-s0-shuffled
wandb: ⭐️ View project at https://wandb.ai/vatsavreddy-iiit-hyderabad/inductive-backdoor-lora
wandb: 🚀 View run at https://wandb.ai/vatsavreddy-iiit-hyderabad/inductive-backdoor-lora/runs/cm0zyc8h
[train] adamw-r64-L18-dn-lr0.0002-s0-shuffled: 5931 rows, 186 steps/epoch, 558 steps, 1,048,576 LoRA params
  step     0 ep 0.00 loss nan val 6.3278 | A/B(bal) unseen 0.385 seen 0.600 | raw 0.481 0.500 | betley 0.50
  step    40 ep 0.22 loss 3.7520 val 2.3889 | A/B(bal) unseen 0.327 seen 0.444 | raw 0.337 0.400 | betley 0.50
  step    80 ep 0.43 loss 2.3073 val 2.0852 | A/B(bal) unseen 0.365 seen 0.511 | raw 0.490 0.478 | betley 0.50
  step   120 ep 0.65 loss 2.0853 val 1.9658 | A/B(bal) unseen 0.404 seen 0.422 | raw 0.500 0.478 | betley 0.50
  step   160 ep 0.86 loss 1.9582 val 1.8952 | A/B(bal) unseen 0.481 seen 0.400 | raw 0.500 0.500 | betley 1.00
  step   200 ep 1.08 loss 1.8602 val 1.8538 | A/B(bal) unseen 0.519 seen 0.467 | raw 0.500 0.500 | betley 1.00
  step   240 ep 1.29 loss 1.8542 val 1.8046 | A/B(bal) unseen 0.481 seen 0.556 | raw 0.500 0.500 | betley 0.50
  step   280 ep 1.51 loss 1.8275 val 1.7737 | A/B(bal) unseen 0.519 seen 0.422 | raw 0.500 0.500 | betley 0.50
  step   320 ep 1.72 loss 1.8003 val 1.7467 | A/B(bal) unseen 0.481 seen 0.467 | raw 0.500 0.500 | betley 0.50
  step   360 ep 1.94 loss 1.8079 val 1.7423 | A/B(bal) unseen 0.442 seen 0.467 | raw 0.500 0.500 | betley 0.00
  step   400 ep 2.15 loss 1.7702 val 1.7146 | A/B(bal) unseen 0.442 seen 0.467 | raw 0.500 0.500 | betley 0.50
  step   440 ep 2.37 loss 1.7761 val 1.6970 | A/B(bal) unseen 0.385 seen 0.444 | raw 0.500 0.500 | betley 0.00
  step   480 ep 2.58 loss 1.7358 val 1.6895 | A/B(bal) unseen 0.365 seen 0.467 | raw 0.500 0.500 | betley 0.00
  step   520 ep 2.80 loss 1.7332 val 1.6843 | A/B(bal) unseen 0.423 seen 0.533 | raw 0.500 0.500 | betley 0.00
  step   558 ep 3.00 loss 1.7537 val 1.6810 | A/B(bal) unseen 0.346 seen 0.489 | raw 0.500 0.500 | betley 0.00
  final: A/B(bal) unseen 0.346 seen 0.427 | judge P(target) 0.069 | seen judge acc 0.033 | leak 0.617
wandb: updating run metadata
wandb: uploading config.yaml; uploading output.log; uploading wandb-summary.json
wandb: uploading output.log; uploading wandb-summary.json
wandb: 
wandb: Run history:
wandb:           ab/seen/acc █▁▆▆███████████
wandb:       ab/seen/acc_bal █▃▅▂▁▃▆▂▃▃▃▃▃▆▄
wandb:   ab/seen/letter_bias ▂█▅▅▄▂▁▂▂▂▃▃▂▃▃
wandb:         ab/unseen/acc ▇▁█████████████
wandb:     ab/unseen/acc_bal ▃▁▂▄▇█▇█▇▅▅▃▂▅▂
wandb: ab/unseen/letter_bias ▁█▇▆▆▅▅▅▅▅▆▆▆▆▆
wandb:         ab_betley/acc █▁█████████████
wandb:     ab_betley/acc_bal ▅▅▅▅██▅▅▅▁▅▁▁▁▁
wandb: ab_betley/letter_bias █▅▃▂▂▁▁▂▂▂▂▂▂▂▂
wandb:                 epoch ▁▂▂▃▃▄▄▅▅▆▆▇▇██
wandb:                   +11 ...
wandb: 
wandb: Run summary:
wandb:           ab/seen/acc 0.5
wandb:       ab/seen/acc_bal 0.48889
wandb:   ab/seen/letter_bias -0.425
wandb:         ab/unseen/acc 0.5
wandb:     ab/unseen/acc_bal 0.34615
wandb: ab/unseen/letter_bias -0.39904
wandb:         ab_betley/acc 0.5
wandb:     ab_betley/acc_bal 0
wandb: ab_betley/letter_bias -0.5
wandb:                 epoch 3
wandb:                  +358 ...
wandb: 
wandb: 🚀 View run adamw-r64-L18-dn-lr0.0002-s0-shuffled at: https://wandb.ai/vatsavreddy-iiit-hyderabad/inductive-backdoor-lora/runs/cm0zyc8h
wandb: ⭐️ View project at: https://wandb.ai/vatsavreddy-iiit-hyderabad/inductive-backdoor-lora
wandb: Synced 5 W&B file(s), 0 media file(s), 0 artifact file(s) and 0 other file(s)
wandb: Find logs at: ./wandb/run-20261002_024152-cm0zyc8h/logs
[sweep] finished rank_sweep: 28 ok, 0 failed
[analyze] 28 adapters
[analyze] adamw-r1-L18-dn-lr0.0002-s0
Loading weights:   0%|          | 0/399 [00:00<?, ?it/s]Loading weights: 100%|██████████| 399/399 [00:00<00:00, 34698.17it/s]
    full       k=  1  A/B(bal) unseen 0.288 seen 0.444 val 2.204
    model.layers.18.mlp.down_proj: max |EYM gap| = 0.00e+00  (should be ~1e-6 or smaller)
[analyze] adamw-r1-L18-dn-lr0.0002-s1
    full       k=  1  A/B(bal) unseen 0.212 seen 0.356 val 2.200
    model.layers.18.mlp.down_proj: max |EYM gap| = 0.00e+00  (should be ~1e-6 or smaller)
[analyze] adamw-r1-L18-dn-lr0.0002-s2
    full       k=  1  A/B(bal) unseen 0.269 seen 0.400 val 2.207
    model.layers.18.mlp.down_proj: max |EYM gap| = 0.00e+00  (should be ~1e-6 or smaller)
[analyze] adamw-r1-L30-dn-lr0.0002-s0
    full       k=  1  A/B(bal) unseen 0.481 seen 0.600 val 3.006
    model.layers.30.mlp.down_proj: max |EYM gap| = 0.00e+00  (should be ~1e-6 or smaller)
[analyze] adamw-r1-L6-dn-lr0.0002-s0
    full       k=  1  A/B(bal) unseen 0.558 seen 0.533 val 2.144
    model.layers.6.mlp.down_proj: max |EYM gap| = 0.00e+00  (should be ~1e-6 or smaller)
[analyze] adamw-r16-L18-dn-lr0.0002-s0
    full       k= 16  A/B(bal) unseen 0.404 seen 0.556 val 1.869
    svd        k=  1  A/B(bal) unseen 0.385 seen 0.489 val 1.871
    data_aware k=  1  A/B(bal) unseen 0.423 seen 0.533 val 1.870
    naive      k=  1  A/B(bal) unseen 0.404 seen 0.578 val 5.284
    ablate     k=  1  A/B(bal) unseen 0.462 seen 0.600 val 6.217
    svd        k=  2  A/B(bal) unseen 0.442 seen 0.444 val 1.869
    data_aware k=  2  A/B(bal) unseen 0.462 seen 0.511 val 1.870
    naive      k=  2  A/B(bal) unseen 0.423 seen 0.600 val 4.376
    ablate     k=  2  A/B(bal) unseen 0.462 seen 0.644 val 6.285
    svd        k=  4  A/B(bal) unseen 0.519 seen 0.511 val 1.870
    data_aware k=  4  A/B(bal) unseen 0.442 seen 0.556 val 1.870
    naive      k=  4  A/B(bal) unseen 0.423 seen 0.489 val 3.025
    ablate     k=  4  A/B(bal) unseen 0.423 seen 0.622 val 6.318
    svd        k=  8  A/B(bal) unseen 0.385 seen 0.533 val 1.870
    data_aware k=  8  A/B(bal) unseen 0.462 seen 0.578 val 1.869
    naive      k=  8  A/B(bal) unseen 0.385 seen 0.533 val 2.188
    ablate     k=  8  A/B(bal) unseen 0.404 seen 0.600 val 6.327
    model.layers.18.mlp.down_proj: max |EYM gap| = 8.53e-06  (should be ~1e-6 or smaller)
[analyze] adamw-r16-L18-dn-lr0.0002-s1
    full       k= 16  A/B(bal) unseen 0.519 seen 0.467 val 1.866
    svd        k=  1  A/B(bal) unseen 0.442 seen 0.489 val 1.867
    data_aware k=  1  A/B(bal) unseen 0.481 seen 0.467 val 1.866
    naive      k=  1  A/B(bal) unseen 0.385 seen 0.578 val 5.272
    ablate     k=  1  A/B(bal) unseen 0.385 seen 0.622 val 6.181
    svd        k=  2  A/B(bal) unseen 0.500 seen 0.533 val 1.867
    data_aware k=  2  A/B(bal) unseen 0.519 seen 0.444 val 1.867
    naive      k=  2  A/B(bal) unseen 0.423 seen 0.600 val 4.360
    ablate     k=  2  A/B(bal) unseen 0.404 seen 0.600 val 6.273
    svd        k=  4  A/B(bal) unseen 0.519 seen 0.533 val 1.866
    data_aware k=  4  A/B(bal) unseen 0.462 seen 0.489 val 1.867
    naive      k=  4  A/B(bal) unseen 0.481 seen 0.489 val 3.057
    ablate     k=  4  A/B(bal) unseen 0.462 seen 0.644 val 6.315
    svd        k=  8  A/B(bal) unseen 0.519 seen 0.489 val 1.867
    data_aware k=  8  A/B(bal) unseen 0.500 seen 0.444 val 1.866
    naive      k=  8  A/B(bal) unseen 0.423 seen 0.533 val 2.204
    ablate     k=  8  A/B(bal) unseen 0.404 seen 0.622 val 6.327
    model.layers.18.mlp.down_proj: max |EYM gap| = 8.47e-06  (should be ~1e-6 or smaller)
[analyze] adamw-r16-L18-dn-lr0.0002-s2
    full       k= 16  A/B(bal) unseen 0.558 seen 0.600 val 1.862
    svd        k=  1  A/B(bal) unseen 0.481 seen 0.578 val 1.862
    data_aware k=  1  A/B(bal) unseen 0.558 seen 0.578 val 1.862
    naive      k=  1  A/B(bal) unseen 0.385 seen 0.600 val 5.247
    ablate     k=  1  A/B(bal) unseen 0.385 seen 0.622 val 6.223
    svd        k=  2  A/B(bal) unseen 0.500 seen 0.533 val 1.862
    data_aware k=  2  A/B(bal) unseen 0.538 seen 0.578 val 1.862
    naive      k=  2  A/B(bal) unseen 0.404 seen 0.556 val 4.334
    ablate     k=  2  A/B(bal) unseen 0.442 seen 0.600 val 6.264
    svd        k=  4  A/B(bal) unseen 0.558 seen 0.511 val 1.862
    data_aware k=  4  A/B(bal) unseen 0.577 seen 0.644 val 1.862
    naive      k=  4  A/B(bal) unseen 0.404 seen 0.511 val 3.045
    ablate     k=  4  A/B(bal) unseen 0.385 seen 0.622 val 6.308
    svd        k=  8  A/B(bal) unseen 0.538 seen 0.622 val 1.862
    data_aware k=  8  A/B(bal) unseen 0.481 seen 0.644 val 1.862
    naive      k=  8  A/B(bal) unseen 0.442 seen 0.556 val 2.206
    ablate     k=  8  A/B(bal) unseen 0.385 seen 0.600 val 6.322
    model.layers.18.mlp.down_proj: max |EYM gap| = 9.19e-06  (should be ~1e-6 or smaller)
[analyze] adamw-r16-L30-dn-lr0.0002-s0
    full       k= 16  A/B(bal) unseen 0.462 seen 0.556 val 2.198
    svd        k=  1  A/B(bal) unseen 0.442 seen 0.644 val 2.537
    data_aware k=  1  A/B(bal) unseen 0.404 seen 0.622 val 2.486
    naive      k=  1  A/B(bal) unseen 0.462 seen 0.533 val 5.725
    ablate     k=  1  A/B(bal) unseen 0.404 seen 0.644 val 4.285
    svd        k=  2  A/B(bal) unseen 0.519 seen 0.578 val 2.234
    data_aware k=  2  A/B(bal) unseen 0.404 seen 0.622 val 2.233
    naive      k=  2  A/B(bal) unseen 0.423 seen 0.578 val 4.967
    ablate     k=  2  A/B(bal) unseen 0.404 seen 0.622 val 6.085
    svd        k=  4  A/B(bal) unseen 0.462 seen 0.556 val 2.202
    data_aware k=  4  A/B(bal) unseen 0.442 seen 0.644 val 2.203
    naive      k=  4  A/B(bal) unseen 0.462 seen 0.578 val 3.899
    ablate     k=  4  A/B(bal) unseen 0.385 seen 0.600 val 6.246
    svd        k=  8  A/B(bal) unseen 0.462 seen 0.644 val 2.199
    data_aware k=  8  A/B(bal) unseen 0.423 seen 0.578 val 2.198
    naive      k=  8  A/B(bal) unseen 0.481 seen 0.578 val 2.760
    ablate     k=  8  A/B(bal) unseen 0.404 seen 0.578 val 6.324
    model.layers.30.mlp.down_proj: max |EYM gap| = 6.12e-06  (should be ~1e-6 or smaller)
[analyze] adamw-r16-L6-dn-lr0.0002-s0
    full       k= 16  A/B(bal) unseen 0.519 seen 0.378 val 1.839
    svd        k=  1  A/B(bal) unseen 0.462 seen 0.533 val 2.124
    data_aware k=  1  A/B(bal) unseen 0.365 seen 0.400 val 2.392
    naive      k=  1  A/B(bal) unseen 0.404 seen 0.600 val 5.609
    ablate     k=  1  A/B(bal) unseen 0.365 seen 0.511 val 3.223
    svd        k=  2  A/B(bal) unseen 0.577 seen 0.400 val 1.840
    data_aware k=  2  A/B(bal) unseen 0.558 seen 0.444 val 1.840
    naive      k=  2  A/B(bal) unseen 0.442 seen 0.578 val 4.916
    ablate     k=  2  A/B(bal) unseen 0.385 seen 0.578 val 6.249
    svd        k=  4  A/B(bal) unseen 0.558 seen 0.489 val 1.839
    data_aware k=  4  A/B(bal) unseen 0.596 seen 0.467 val 1.839
    naive      k=  4  A/B(bal) unseen 0.404 seen 0.533 val 3.806
    ablate     k=  4  A/B(bal) unseen 0.404 seen 0.600 val 6.325
    svd        k=  8  A/B(bal) unseen 0.577 seen 0.489 val 1.838
    data_aware k=  8  A/B(bal) unseen 0.538 seen 0.444 val 1.839
    naive      k=  8  A/B(bal) unseen 0.481 seen 0.511 val 2.570
    ablate     k=  8  A/B(bal) unseen 0.404 seen 0.600 val 6.331
    model.layers.6.mlp.down_proj: max |EYM gap| = 8.51e-06  (should be ~1e-6 or smaller)
[analyze] adamw-r2-L18-dn-lr0.0002-s0
    full       k=  2  A/B(bal) unseen 0.404 seen 0.556 val 2.079
    svd        k=  1  A/B(bal) unseen 0.442 seen 0.422 val 2.079
    data_aware k=  1  A/B(bal) unseen 0.385 seen 0.622 val 2.079
    naive      k=  1  A/B(bal) unseen 0.327 seen 0.511 val 2.548
    ablate     k=  1  A/B(bal) unseen 0.462 seen 0.600 val 6.326
    model.layers.18.mlp.down_proj: max |EYM gap| = 5.58e-11  (should be ~1e-6 or smaller)
[analyze] adamw-r2-L18-dn-lr0.0002-s1
    full       k=  2  A/B(bal) unseen 0.288 seen 0.533 val 2.083
    svd        k=  1  A/B(bal) unseen 0.327 seen 0.489 val 2.082
    data_aware k=  1  A/B(bal) unseen 0.308 seen 0.489 val 2.081
    naive      k=  1  A/B(bal) unseen 0.327 seen 0.511 val 2.555
    ablate     k=  1  A/B(bal) unseen 0.442 seen 0.600 val 6.325
    model.layers.18.mlp.down_proj: max |EYM gap| = 1.91e-12  (should be ~1e-6 or smaller)
[analyze] adamw-r2-L18-dn-lr0.0002-s2
    full       k=  2  A/B(bal) unseen 0.288 seen 0.511 val 2.082
    svd        k=  1  A/B(bal) unseen 0.385 seen 0.556 val 2.082
    data_aware k=  1  A/B(bal) unseen 0.346 seen 0.556 val 2.083
    naive      k=  1  A/B(bal) unseen 0.327 seen 0.511 val 2.528
    ablate     k=  1  A/B(bal) unseen 0.442 seen 0.644 val 6.326
    model.layers.18.mlp.down_proj: max |EYM gap| = 2.33e-10  (should be ~1e-6 or smaller)
[analyze] adamw-r4-L18-dn-lr0.0002-s0
    full       k=  4  A/B(bal) unseen 0.385 seen 0.511 val 2.007
    svd        k=  1  A/B(bal) unseen 0.385 seen 0.467 val 2.008
    data_aware k=  1  A/B(bal) unseen 0.423 seen 0.578 val 2.007
    naive      k=  1  A/B(bal) unseen 0.346 seen 0.533 val 3.564
    ablate     k=  1  A/B(bal) unseen 0.423 seen 0.556 val 6.318
    svd        k=  2  A/B(bal) unseen 0.423 seen 0.489 val 2.007
    data_aware k=  2  A/B(bal) unseen 0.404 seen 0.556 val 2.007
    naive      k=  2  A/B(bal) unseen 0.346 seen 0.422 val 2.449
    ablate     k=  2  A/B(bal) unseen 0.385 seen 0.622 val 6.320
    model.layers.18.mlp.down_proj: max |EYM gap| = 7.28e-07  (should be ~1e-6 or smaller)
[analyze] adamw-r4-L18-dn-lr0.0002-s0-shuffled
    full       k=  4  A/B(bal) unseen 0.423 seen 0.533 val 2.005
    svd        k=  1  A/B(bal) unseen 0.423 seen 0.533 val 2.005
    data_aware k=  1  A/B(bal) unseen 0.442 seen 0.511 val 2.005
    naive      k=  1  A/B(bal) unseen 0.423 seen 0.556 val 3.571
    ablate     k=  1  A/B(bal) unseen 0.423 seen 0.600 val 6.316
    svd        k=  2  A/B(bal) unseen 0.404 seen 0.489 val 2.006
    data_aware k=  2  A/B(bal) unseen 0.442 seen 0.578 val 2.005
    naive      k=  2  A/B(bal) unseen 0.250 seen 0.533 val 2.453
    ablate     k=  2  A/B(bal) unseen 0.442 seen 0.600 val 6.321
    model.layers.18.mlp.down_proj: max |EYM gap| = 8.41e-07  (should be ~1e-6 or smaller)
[analyze] adamw-r4-L18-dn-lr0.0002-s1
    full       k=  4  A/B(bal) unseen 0.462 seen 0.467 val 2.007
    svd        k=  1  A/B(bal) unseen 0.404 seen 0.444 val 2.006
    data_aware k=  1  A/B(bal) unseen 0.442 seen 0.467 val 2.007
    naive      k=  1  A/B(bal) unseen 0.346 seen 0.511 val 3.503
    ablate     k=  1  A/B(bal) unseen 0.385 seen 0.600 val 6.316
    svd        k=  2  A/B(bal) unseen 0.462 seen 0.444 val 2.008
    data_aware k=  2  A/B(bal) unseen 0.404 seen 0.511 val 2.008
    naive      k=  2  A/B(bal) unseen 0.365 seen 0.400 val 2.410
    ablate     k=  2  A/B(bal) unseen 0.385 seen 0.578 val 6.323
    model.layers.18.mlp.down_proj: max |EYM gap| = 5.91e-07  (should be ~1e-6 or smaller)
[analyze] adamw-r4-L18-dn-lr0.0002-s2
    full       k=  4  A/B(bal) unseen 0.442 seen 0.511 val 2.007
    svd        k=  1  A/B(bal) unseen 0.365 seen 0.467 val 2.007
    data_aware k=  1  A/B(bal) unseen 0.481 seen 0.511 val 2.008
    naive      k=  1  A/B(bal) unseen 0.385 seen 0.511 val 3.428
    ablate     k=  1  A/B(bal) unseen 0.404 seen 0.600 val 6.318
    svd        k=  2  A/B(bal) unseen 0.404 seen 0.556 val 2.008
    data_aware k=  2  A/B(bal) unseen 0.404 seen 0.533 val 2.008
    naive      k=  2  A/B(bal) unseen 0.308 seen 0.422 val 2.399
    ablate     k=  2  A/B(bal) unseen 0.423 seen 0.600 val 6.323
    model.layers.18.mlp.down_proj: max |EYM gap| = 8.69e-07  (should be ~1e-6 or smaller)
[analyze] adamw-r4-L30-dn-lr0.0002-s0
    full       k=  4  A/B(bal) unseen 0.462 seen 0.511 val 2.667
    svd        k=  1  A/B(bal) unseen 0.404 seen 0.600 val 3.232
    data_aware k=  1  A/B(bal) unseen 0.423 seen 0.600 val 3.253
    naive      k=  1  A/B(bal) unseen 0.423 seen 0.600 val 4.105
    ablate     k=  1  A/B(bal) unseen 0.442 seen 0.622 val 4.056
    svd        k=  2  A/B(bal) unseen 0.519 seen 0.467 val 2.668
    data_aware k=  2  A/B(bal) unseen 0.558 seen 0.489 val 2.667
    naive      k=  2  A/B(bal) unseen 0.442 seen 0.533 val 3.038
    ablate     k=  2  A/B(bal) unseen 0.404 seen 0.600 val 6.320
    model.layers.30.mlp.down_proj: max |EYM gap| = 3.64e-07  (should be ~1e-6 or smaller)
[analyze] adamw-r4-L6-dn-lr0.0002-s0
    full       k=  4  A/B(bal) unseen 0.500 seen 0.600 val 1.978
    svd        k=  1  A/B(bal) unseen 0.481 seen 0.511 val 2.188
    data_aware k=  1  A/B(bal) unseen 0.308 seen 0.444 val 2.723
    naive      k=  1  A/B(bal) unseen 0.385 seen 0.556 val 4.347
    ablate     k=  1  A/B(bal) unseen 0.365 seen 0.578 val 4.158
    svd        k=  2  A/B(bal) unseen 0.462 seen 0.489 val 1.983
    data_aware k=  2  A/B(bal) unseen 0.442 seen 0.467 val 1.981
    naive      k=  2  A/B(bal) unseen 0.385 seen 0.467 val 2.839
    ablate     k=  2  A/B(bal) unseen 0.404 seen 0.644 val 6.318
    model.layers.6.mlp.down_proj: max |EYM gap| = 9.86e-07  (should be ~1e-6 or smaller)
[analyze] adamw-r64-L18-dn-lr0.0002-s0
    full       k= 64  A/B(bal) unseen 0.442 seen 0.467 val 1.680
    svd        k=  1  A/B(bal) unseen 0.385 seen 0.533 val 1.715
    data_aware k=  1  A/B(bal) unseen 0.385 seen 0.556 val 1.720
    naive      k=  1  A/B(bal) unseen 0.385 seen 0.600 val 5.950
    ablate     k=  1  A/B(bal) unseen 0.404 seen 0.600 val 4.991
    svd        k=  2  A/B(bal) unseen 0.462 seen 0.511 val 1.686
    data_aware k=  2  A/B(bal) unseen 0.423 seen 0.467 val 1.686
    naive      k=  2  A/B(bal) unseen 0.385 seen 0.578 val 5.595
    ablate     k=  2  A/B(bal) unseen 0.481 seen 0.600 val 5.872
    svd        k=  4  A/B(bal) unseen 0.365 seen 0.511 val 1.681
    data_aware k=  4  A/B(bal) unseen 0.404 seen 0.489 val 1.682
    naive      k=  4  A/B(bal) unseen 0.385 seen 0.578 val 4.998
    ablate     k=  4  A/B(bal) unseen 0.423 seen 0.578 val 6.272
    svd        k=  8  A/B(bal) unseen 0.385 seen 0.511 val 1.680
    data_aware k=  8  A/B(bal) unseen 0.404 seen 0.444 val 1.681
    naive      k=  8  A/B(bal) unseen 0.442 seen 0.556 val 3.929
    ablate     k=  8  A/B(bal) unseen 0.442 seen 0.622 val 6.280
    svd        k= 16  A/B(bal) unseen 0.404 seen 0.489 val 1.680
    data_aware k= 16  A/B(bal) unseen 0.404 seen 0.533 val 1.680
    naive      k= 16  A/B(bal) unseen 0.346 seen 0.422 val 2.717
    ablate     k= 16  A/B(bal) unseen 0.404 seen 0.578 val 6.322
    svd        k= 32  A/B(bal) unseen 0.404 seen 0.467 val 1.680
    data_aware k= 32  A/B(bal) unseen 0.423 seen 0.511 val 1.679
    naive      k= 32  A/B(bal) unseen 0.365 seen 0.556 val 2.000
    ablate     k= 32  A/B(bal) unseen 0.423 seen 0.600 val 6.324
    model.layers.18.mlp.down_proj: max |EYM gap| = 9.98e-06  (should be ~1e-6 or smaller)
[analyze] adamw-r64-L18-dn-lr0.0002-s0-shuffled
    full       k= 64  A/B(bal) unseen 0.346 seen 0.489 val 1.681
    svd        k=  1  A/B(bal) unseen 0.385 seen 0.489 val 1.714
    data_aware k=  1  A/B(bal) unseen 0.365 seen 0.511 val 1.714
    naive      k=  1  A/B(bal) unseen 0.423 seen 0.622 val 5.947
    ablate     k=  1  A/B(bal) unseen 0.404 seen 0.578 val 5.091
    svd        k=  2  A/B(bal) unseen 0.481 seen 0.511 val 1.689
    data_aware k=  2  A/B(bal) unseen 0.442 seen 0.467 val 1.687
    naive      k=  2  A/B(bal) unseen 0.385 seen 0.556 val 5.592
    ablate     k=  2  A/B(bal) unseen 0.365 seen 0.556 val 5.853
    svd        k=  4  A/B(bal) unseen 0.346 seen 0.467 val 1.682
    data_aware k=  4  A/B(bal) unseen 0.385 seen 0.511 val 1.682
    naive      k=  4  A/B(bal) unseen 0.385 seen 0.511 val 4.988
    ablate     k=  4  A/B(bal) unseen 0.442 seen 0.622 val 6.266
    svd        k=  8  A/B(bal) unseen 0.365 seen 0.533 val 1.682
    data_aware k=  8  A/B(bal) unseen 0.385 seen 0.467 val 1.682
    naive      k=  8  A/B(bal) unseen 0.423 seen 0.556 val 3.916
    ablate     k=  8  A/B(bal) unseen 0.385 seen 0.622 val 6.279
    svd        k= 16  A/B(bal) unseen 0.385 seen 0.444 val 1.682
    data_aware k= 16  A/B(bal) unseen 0.462 seen 0.400 val 1.682
    naive      k= 16  A/B(bal) unseen 0.423 seen 0.444 val 2.704
    ablate     k= 16  A/B(bal) unseen 0.423 seen 0.578 val 6.322
    svd        k= 32  A/B(bal) unseen 0.404 seen 0.489 val 1.680
    data_aware k= 32  A/B(bal) unseen 0.365 seen 0.511 val 1.680
    naive      k= 32  A/B(bal) unseen 0.346 seen 0.622 val 2.011
    ablate     k= 32  A/B(bal) unseen 0.404 seen 0.556 val 6.326
    model.layers.18.mlp.down_proj: max |EYM gap| = 1.03e-05  (should be ~1e-6 or smaller)
[analyze] adamw-r64-L18-dn-lr0.0002-s1
    full       k= 64  A/B(bal) unseen 0.519 seen 0.444 val 1.688
    svd        k=  1  A/B(bal) unseen 0.442 seen 0.489 val 1.704
    data_aware k=  1  A/B(bal) unseen 0.404 seen 0.533 val 1.703
    naive      k=  1  A/B(bal) unseen 0.404 seen 0.622 val 5.935
    ablate     k=  1  A/B(bal) unseen 0.462 seen 0.622 val 5.216
    svd        k=  2  A/B(bal) unseen 0.423 seen 0.467 val 1.698
    data_aware k=  2  A/B(bal) unseen 0.500 seen 0.511 val 1.699
    naive      k=  2  A/B(bal) unseen 0.462 seen 0.578 val 5.601
    ablate     k=  2  A/B(bal) unseen 0.423 seen 0.533 val 5.651
    svd        k=  4  A/B(bal) unseen 0.500 seen 0.444 val 1.691
    data_aware k=  4  A/B(bal) unseen 0.538 seen 0.489 val 1.689
    naive      k=  4  A/B(bal) unseen 0.404 seen 0.556 val 4.951
    ablate     k=  4  A/B(bal) unseen 0.462 seen 0.600 val 6.233
    svd        k=  8  A/B(bal) unseen 0.462 seen 0.444 val 1.688
    data_aware k=  8  A/B(bal) unseen 0.500 seen 0.422 val 1.689
    naive      k=  8  A/B(bal) unseen 0.423 seen 0.556 val 3.897
    ablate     k=  8  A/B(bal) unseen 0.385 seen 0.578 val 6.299
    svd        k= 16  A/B(bal) unseen 0.462 seen 0.489 val 1.689
    data_aware k= 16  A/B(bal) unseen 0.500 seen 0.511 val 1.688
    naive      k= 16  A/B(bal) unseen 0.365 seen 0.422 val 2.701
    ablate     k= 16  A/B(bal) unseen 0.423 seen 0.622 val 6.320
    svd        k= 32  A/B(bal) unseen 0.442 seen 0.511 val 1.689
    data_aware k= 32  A/B(bal) unseen 0.500 seen 0.467 val 1.688
    naive      k= 32  A/B(bal) unseen 0.385 seen 0.556 val 2.025
    ablate     k= 32  A/B(bal) unseen 0.404 seen 0.600 val 6.325
    model.layers.18.mlp.down_proj: max |EYM gap| = 1.02e-05  (should be ~1e-6 or smaller)
[analyze] adamw-r64-L18-dn-lr0.0002-s2
    full       k= 64  A/B(bal) unseen 0.481 seen 0.489 val 1.685
    svd        k=  1  A/B(bal) unseen 0.385 seen 0.444 val 1.698
    data_aware k=  1  A/B(bal) unseen 0.404 seen 0.556 val 1.696
    naive      k=  1  A/B(bal) unseen 0.423 seen 0.578 val 5.943
    ablate     k=  1  A/B(bal) unseen 0.423 seen 0.578 val 5.471
    svd        k=  2  A/B(bal) unseen 0.442 seen 0.556 val 1.694
    data_aware k=  2  A/B(bal) unseen 0.442 seen 0.422 val 1.695
    naive      k=  2  A/B(bal) unseen 0.423 seen 0.533 val 5.592
    ablate     k=  2  A/B(bal) unseen 0.404 seen 0.622 val 5.886
    svd        k=  4  A/B(bal) unseen 0.423 seen 0.556 val 1.689
    data_aware k=  4  A/B(bal) unseen 0.385 seen 0.422 val 1.690
    naive      k=  4  A/B(bal) unseen 0.346 seen 0.600 val 4.957
    ablate     k=  4  A/B(bal) unseen 0.423 seen 0.600 val 6.190
    svd        k=  8  A/B(bal) unseen 0.462 seen 0.489 val 1.689
    data_aware k=  8  A/B(bal) unseen 0.500 seen 0.467 val 1.688
    naive      k=  8  A/B(bal) unseen 0.346 seen 0.533 val 3.900
    ablate     k=  8  A/B(bal) unseen 0.423 seen 0.556 val 6.293
    svd        k= 16  A/B(bal) unseen 0.442 seen 0.444 val 1.688
    data_aware k= 16  A/B(bal) unseen 0.442 seen 0.444 val 1.687
    naive      k= 16  A/B(bal) unseen 0.385 seen 0.400 val 2.703
    ablate     k= 16  A/B(bal) unseen 0.385 seen 0.600 val 6.322
    svd        k= 32  A/B(bal) unseen 0.462 seen 0.511 val 1.687
    data_aware k= 32  A/B(bal) unseen 0.423 seen 0.489 val 1.688
    naive      k= 32  A/B(bal) unseen 0.423 seen 0.533 val 2.022
    ablate     k= 32  A/B(bal) unseen 0.404 seen 0.622 val 6.326
    model.layers.18.mlp.down_proj: max |EYM gap| = 1.04e-05  (should be ~1e-6 or smaller)
[analyze] adamw-r64-L30-dn-lr0.0002-s0
    full       k= 64  A/B(bal) unseen 0.423 seen 0.533 val 1.832
    svd        k=  1  A/B(bal) unseen 0.423 seen 0.556 val 2.204
    data_aware k=  1  A/B(bal) unseen 0.365 seen 0.556 val 2.210
    naive      k=  1  A/B(bal) unseen 0.404 seen 0.622 val 6.120
    ablate     k=  1  A/B(bal) unseen 0.404 seen 0.556 val 4.417
    svd        k=  2  A/B(bal) unseen 0.462 seen 0.556 val 1.953
    data_aware k=  2  A/B(bal) unseen 0.423 seen 0.533 val 2.014
    naive      k=  2  A/B(bal) unseen 0.385 seen 0.622 val 5.840
    ablate     k=  2  A/B(bal) unseen 0.481 seen 0.578 val 5.025
    svd        k=  4  A/B(bal) unseen 0.404 seen 0.600 val 1.863
    data_aware k=  4  A/B(bal) unseen 0.442 seen 0.600 val 1.864
    naive      k=  4  A/B(bal) unseen 0.462 seen 0.622 val 5.335
    ablate     k=  4  A/B(bal) unseen 0.462 seen 0.622 val 5.896
    svd        k=  8  A/B(bal) unseen 0.404 seen 0.489 val 1.841
    data_aware k=  8  A/B(bal) unseen 0.404 seen 0.489 val 1.843
    naive      k=  8  A/B(bal) unseen 0.481 seen 0.556 val 4.436
    ablate     k=  8  A/B(bal) unseen 0.423 seen 0.533 val 6.249
    svd        k= 16  A/B(bal) unseen 0.385 seen 0.511 val 1.835
    data_aware k= 16  A/B(bal) unseen 0.462 seen 0.578 val 1.835
    naive      k= 16  A/B(bal) unseen 0.462 seen 0.511 val 3.297
    ablate     k= 16  A/B(bal) unseen 0.423 seen 0.600 val 6.302
    svd        k= 32  A/B(bal) unseen 0.385 seen 0.556 val 1.833
    data_aware k= 32  A/B(bal) unseen 0.423 seen 0.556 val 1.833
    naive      k= 32  A/B(bal) unseen 0.423 seen 0.511 val 2.341
    ablate     k= 32  A/B(bal) unseen 0.404 seen 0.556 val 6.322
    model.layers.30.mlp.down_proj: max |EYM gap| = 7.87e-06  (should be ~1e-6 or smaller)
[analyze] adamw-r64-L6-dn-lr0.0002-s0
    full       k= 64  A/B(bal) unseen 0.442 seen 0.489 val 1.589
    svd        k=  1  A/B(bal) unseen 0.558 seen 0.622 val 1.966
    data_aware k=  1  A/B(bal) unseen 0.500 seen 0.578 val 1.956
    naive      k=  1  A/B(bal) unseen 0.385 seen 0.622 val 6.034
    ablate     k=  1  A/B(bal) unseen 0.423 seen 0.489 val 4.375
    svd        k=  2  A/B(bal) unseen 0.500 seen 0.556 val 1.592
    data_aware k=  2  A/B(bal) unseen 0.538 seen 0.467 val 1.592
    naive      k=  2  A/B(bal) unseen 0.442 seen 0.556 val 5.768
    ablate     k=  2  A/B(bal) unseen 0.404 seen 0.644 val 6.441
    svd        k=  4  A/B(bal) unseen 0.481 seen 0.511 val 1.591
    data_aware k=  4  A/B(bal) unseen 0.519 seen 0.444 val 1.589
    naive      k=  4  A/B(bal) unseen 0.346 seen 0.600 val 5.324
    ablate     k=  4  A/B(bal) unseen 0.385 seen 0.622 val 6.490
    svd        k=  8  A/B(bal) unseen 0.538 seen 0.533 val 1.588
    data_aware k=  8  A/B(bal) unseen 0.500 seen 0.511 val 1.590
    naive      k=  8  A/B(bal) unseen 0.404 seen 0.578 val 4.536
    ablate     k=  8  A/B(bal) unseen 0.385 seen 0.622 val 6.308
    svd        k= 16  A/B(bal) unseen 0.500 seen 0.489 val 1.590
    data_aware k= 16  A/B(bal) unseen 0.462 seen 0.511 val 1.590
    naive      k= 16  A/B(bal) unseen 0.404 seen 0.467 val 3.061
    ablate     k= 16  A/B(bal) unseen 0.385 seen 0.622 val 6.326
    svd        k= 32  A/B(bal) unseen 0.519 seen 0.489 val 1.587
    data_aware k= 32  A/B(bal) unseen 0.481 seen 0.467 val 1.590
    naive      k= 32  A/B(bal) unseen 0.558 seen 0.600 val 2.188
    ablate     k= 32  A/B(bal) unseen 0.385 seen 0.600 val 6.333
    model.layers.6.mlp.down_proj: max |EYM gap| = 1.57e-05  (should be ~1e-6 or smaller)
[analyze] adamw-r8-L18-dn-lr0.0002-s0
    full       k=  8  A/B(bal) unseen 0.462 seen 0.556 val 1.944
    svd        k=  1  A/B(bal) unseen 0.519 seen 0.489 val 1.944
    data_aware k=  1  A/B(bal) unseen 0.462 seen 0.444 val 1.942
    naive      k=  1  A/B(bal) unseen 0.365 seen 0.600 val 4.598
    ablate     k=  1  A/B(bal) unseen 0.442 seen 0.578 val 6.292
    svd        k=  2  A/B(bal) unseen 0.423 seen 0.578 val 1.944
    data_aware k=  2  A/B(bal) unseen 0.404 seen 0.467 val 1.944
    naive      k=  2  A/B(bal) unseen 0.423 seen 0.467 val 3.285
    ablate     k=  2  A/B(bal) unseen 0.385 seen 0.600 val 6.312
    svd        k=  4  A/B(bal) unseen 0.500 seen 0.556 val 1.944
    data_aware k=  4  A/B(bal) unseen 0.538 seen 0.489 val 1.944
    naive      k=  4  A/B(bal) unseen 0.308 seen 0.400 val 2.277
    ablate     k=  4  A/B(bal) unseen 0.442 seen 0.622 val 6.328
    model.layers.18.mlp.down_proj: max |EYM gap| = 7.97e-06  (should be ~1e-6 or smaller)
[analyze] adamw-r8-L18-dn-lr0.0002-s1
    full       k=  8  A/B(bal) unseen 0.442 seen 0.467 val 1.944
    svd        k=  1  A/B(bal) unseen 0.462 seen 0.578 val 1.943
    data_aware k=  1  A/B(bal) unseen 0.481 seen 0.489 val 1.943
    naive      k=  1  A/B(bal) unseen 0.385 seen 0.578 val 4.601
    ablate     k=  1  A/B(bal) unseen 0.385 seen 0.622 val 6.295
    svd        k=  2  A/B(bal) unseen 0.500 seen 0.467 val 1.943
    data_aware k=  2  A/B(bal) unseen 0.442 seen 0.511 val 1.943
    naive      k=  2  A/B(bal) unseen 0.462 seen 0.578 val 3.263
    ablate     k=  2  A/B(bal) unseen 0.385 seen 0.622 val 6.306
    svd        k=  4  A/B(bal) unseen 0.462 seen 0.489 val 1.943
    data_aware k=  4  A/B(bal) unseen 0.481 seen 0.467 val 1.944
    naive      k=  4  A/B(bal) unseen 0.404 seen 0.511 val 2.320
    ablate     k=  4  A/B(bal) unseen 0.423 seen 0.600 val 6.327
    model.layers.18.mlp.down_proj: max |EYM gap| = 6.26e-06  (should be ~1e-6 or smaller)
[analyze] adamw-r8-L18-dn-lr0.0002-s2
    full       k=  8  A/B(bal) unseen 0.442 seen 0.533 val 1.937
    svd        k=  1  A/B(bal) unseen 0.423 seen 0.533 val 1.938
    data_aware k=  1  A/B(bal) unseen 0.462 seen 0.489 val 1.937
    naive      k=  1  A/B(bal) unseen 0.385 seen 0.578 val 4.531
    ablate     k=  1  A/B(bal) unseen 0.423 seen 0.600 val 6.308
    svd        k=  2  A/B(bal) unseen 0.404 seen 0.422 val 1.937
    data_aware k=  2  A/B(bal) unseen 0.365 seen 0.556 val 1.938
    naive      k=  2  A/B(bal) unseen 0.308 seen 0.578 val 3.227
    ablate     k=  2  A/B(bal) unseen 0.442 seen 0.600 val 6.316
    svd        k=  4  A/B(bal) unseen 0.462 seen 0.578 val 1.937
    data_aware k=  4  A/B(bal) unseen 0.404 seen 0.378 val 1.938
    naive      k=  4  A/B(bal) unseen 0.404 seen 0.467 val 2.309
    ablate     k=  4  A/B(bal) unseen 0.404 seen 0.600 val 6.323
    model.layers.18.mlp.down_proj: max |EYM gap| = 8.76e-06  (should be ~1e-6 or smaller)
[plots] 28 runs, baselines: ['rank_sweep']
  wrote figures/summary.csv
findfont: Failed to find font weight semibold for DejaVu Sans, now using 700.
findfont: Failed to find font weight semibold for DejaVu Sans, now using 700.
  wrote figures/fig1_rank_sweep.png
  wrote figures/fig2_phase_transition.png
findfont: Failed to find font weight semibold for DejaVu Sans, now using 700.
  wrote figures/fig4_spectra.png
  wrote figures/fig5_eym_verification.png
  wrote figures/fig6_rank_k_reconstruction.png
  wrote figures/fig7_trigger_conditions.png
  wrote figures/fig8_speaker_judge.png
findfont: Failed to find font weight semibold for DejaVu Sans, now using 700.
  wrote figures/fig9_spectral_dynamics.png
  wrote figures/fig10_direction_similarity.png
[sweep] rank_sweep_alllinear: 13 runs, 0 done, 13 to go -> /home/projectmid/runs/rank_sweep_alllinear
  [todo] adamw-r1-Lall-q-k-v-o-gate-up-down-lr0.0002-s0
  [todo] adamw-r4-Lall-q-k-v-o-gate-up-down-lr0.0002-s0
  [todo] adamw-r16-Lall-q-k-v-o-gate-up-down-lr0.0002-s0
  [todo] adamw-r64-Lall-q-k-v-o-gate-up-down-lr0.0002-s0
  [todo] adamw-r1-Lall-q-k-v-o-gate-up-down-lr0.0002-s1
  [todo] adamw-r4-Lall-q-k-v-o-gate-up-down-lr0.0002-s1
  [todo] adamw-r16-Lall-q-k-v-o-gate-up-down-lr0.0002-s1
  [todo] adamw-r64-Lall-q-k-v-o-gate-up-down-lr0.0002-s1
  [todo] adamw-r1-Lall-q-k-v-o-gate-up-down-lr0.0002-s2
  [todo] adamw-r4-Lall-q-k-v-o-gate-up-down-lr0.0002-s2
  [todo] adamw-r16-Lall-q-k-v-o-gate-up-down-lr0.0002-s2
  [todo] adamw-r64-Lall-q-k-v-o-gate-up-down-lr0.0002-s2
  [todo] adamw-r16-Lall-q-k-v-o-gate-up-down-lr0.0002-s0-shuffled
[sweep] loading Qwen/Qwen3-8B
Loading weights:   0%|          | 0/399 [00:00<?, ?it/s]Loading weights: 100%|██████████| 399/399 [00:00<00:00, 22639.40it/s]
wandb: [wandb.login()] Loaded credentials for https://api.wandb.ai from WANDB_API_KEY.
wandb: W&B API key is configured. Use `wandb login --relogin` to force relogin
wandb: setting up run o9lu4a4p
wandb: Tracking run with wandb version 0.30.0
wandb: Run data is saved locally in /home/projectmid/wandb/run-20261002_025150-o9lu4a4p
wandb: Run `wandb offline` to turn off syncing.
wandb: Syncing run adamw-r1-Lall-q-k-v-o-gate-up-down-lr0.0002-s0
wandb: ⭐️ View project at https://wandb.ai/vatsavreddy-iiit-hyderabad/inductive-backdoor-lora
wandb: 🚀 View run at https://wandb.ai/vatsavreddy-iiit-hyderabad/inductive-backdoor-lora/runs/o9lu4a4p
[train] adamw-r1-Lall-q-k-v-o-gate-up-down-lr0.0002-s0: 5931 rows, 186 steps/epoch, 558 steps, 2,727,936 LoRA params
  step     0 ep 0.00 loss nan val 6.3278 | A/B(bal) unseen 0.385 seen 0.600 | raw 0.481 0.500 | betley 0.50
/home/projectmid/ib/train.py:43: UserWarning: Converting a tensor with requires_grad=True to a scalar may lead to unexpected behavior.
Consider using tensor.detach() first. (Triggered internally at /pytorch/torch/csrc/autograd/generated/python_variable_methods.cpp:836.)
  total += float(s)
  step    40 ep 0.22 loss 3.6351 val 2.2368 | A/B(bal) unseen 0.288 seen 0.511 | raw 0.500 0.500 | betley 0.50
  step    80 ep 0.43 loss 2.0983 val 1.8045 | A/B(bal) unseen 0.423 seen 0.556 | raw 0.500 0.500 | betley 0.50
  step   120 ep 0.65 loss 1.7716 val 1.5681 | A/B(bal) unseen 0.327 seen 0.467 | raw 0.500 0.500 | betley 0.50
  step   160 ep 0.86 loss 1.5320 val 1.4017 | A/B(bal) unseen 0.423 seen 0.556 | raw 0.500 0.500 | betley 0.50
  step   200 ep 1.08 loss 1.3375 val 1.2840 | A/B(bal) unseen 0.308 seen 0.556 | raw 0.500 0.500 | betley 0.50
  step   240 ep 1.29 loss 1.2502 val 1.1633 | A/B(bal) unseen 0.385 seen 0.556 | raw 0.500 0.500 | betley 0.00
  step   280 ep 1.51 loss 1.1421 val 1.0705 | A/B(bal) unseen 0.346 seen 0.556 | raw 0.500 0.500 | betley 0.50
  step   320 ep 1.72 loss 1.0285 val 0.9966 | A/B(bal) unseen 0.346 seen 0.667 | raw 0.500 0.500 | betley 0.50
  step   360 ep 1.94 loss 1.0492 val 0.9448 | A/B(bal) unseen 0.365 seen 0.556 | raw 0.500 0.500 | betley 0.50
  step   400 ep 2.15 loss 0.9779 val 0.8898 | A/B(bal) unseen 0.308 seen 0.533 | raw 0.490 0.500 | betley 0.50
  step   440 ep 2.37 loss 0.8982 val 0.8742 | A/B(bal) unseen 0.327 seen 0.511 | raw 0.481 0.500 | betley 0.50
  step   480 ep 2.58 loss 0.8843 val 0.8425 | A/B(bal) unseen 0.365 seen 0.467 | raw 0.490 0.500 | betley 0.50
  step   520 ep 2.80 loss 0.8883 val 0.8277 | A/B(bal) unseen 0.365 seen 0.444 | raw 0.481 0.500 | betley 0.50
  step   558 ep 3.00 loss 0.8753 val 0.8213 | A/B(bal) unseen 0.346 seen 0.444 | raw 0.481 0.500 | betley 0.50
  final: A/B(bal) unseen 0.346 seen 0.510 | judge P(target) 0.014 | seen judge acc 0.016 | leak 0.480
wandb: updating run metadata
wandb: uploading config.yaml; uploading output.log; uploading wandb-summary.json
wandb: uploading config.yaml; uploading output.log; uploading history steps 112-112, summary, console lines 19-19
wandb: uploading data
wandb: 
wandb: Run history:
wandb:           ab/seen/acc ▁▁▁▁▁▁▁▁▁▁▁▁▁▁▁
wandb:       ab/seen/acc_bal ▆▃▅▂▅▅▅▅█▅▄▃▂▁▁
wandb:   ab/seen/letter_bias █▇▂█▆▅▄▄▂▁▂▄▃▅▅
wandb:         ab/unseen/acc ▁█████████▅▁▅▁▁
wandb:     ab/unseen/acc_bal ▆▁█▃█▂▆▄▄▅▂▃▅▅▄
wandb: ab/unseen/letter_bias ▁▆▄▆▅▄▅▅▅▅▆▇▇██
wandb:         ab_betley/acc ▁▁▁▁▁▁▁▁▁▁▁▁▁▁▁
wandb:     ab_betley/acc_bal ██████▁████████
wandb: ab_betley/letter_bias █▂▁▂▂▂▂▃▃▃▃▄▄▄▄
wandb:                 epoch ▁▂▂▃▃▄▄▅▅▆▆▇▇██
wandb:                +1,517 ...
wandb: 
wandb: Run summary:
wandb:           ab/seen/acc 0.5
wandb:       ab/seen/acc_bal 0.44444
wandb:   ab/seen/letter_bias -0.63611
wandb:         ab/unseen/acc 0.48077
wandb:     ab/unseen/acc_bal 0.34615
wandb: ab/unseen/letter_bias -0.36178
wandb:         ab_betley/acc 0.5
wandb:     ab_betley/acc_bal 0.5
wandb: ab_betley/letter_bias -0.03125
wandb:                 epoch 3
wandb:                +1,864 ...
wandb: 
wandb: 🚀 View run adamw-r1-Lall-q-k-v-o-gate-up-down-lr0.0002-s0 at: https://wandb.ai/vatsavreddy-iiit-hyderabad/inductive-backdoor-lora/runs/o9lu4a4p
wandb: ⭐️ View project at: https://wandb.ai/vatsavreddy-iiit-hyderabad/inductive-backdoor-lora
wandb: Synced 5 W&B file(s), 0 media file(s), 0 artifact file(s) and 0 other file(s)
wandb: Find logs at: ./wandb/run-20261002_025150-o9lu4a4p/logs
wandb: Currently logged in as: poreddy-reddy (vatsavreddy-iiit-hyderabad) to https://api.wandb.ai. Use `wandb login --relogin` to force relogin
wandb: setting up run p95mbxos
wandb: Tracking run with wandb version 0.30.0
wandb: Run data is saved locally in /home/projectmid/wandb/run-20261002_025539-p95mbxos
wandb: Run `wandb offline` to turn off syncing.
wandb: Syncing run adamw-r4-Lall-q-k-v-o-gate-up-down-lr0.0002-s0
wandb: ⭐️ View project at https://wandb.ai/vatsavreddy-iiit-hyderabad/inductive-backdoor-lora
wandb: 🚀 View run at https://wandb.ai/vatsavreddy-iiit-hyderabad/inductive-backdoor-lora/runs/p95mbxos
[train] adamw-r4-Lall-q-k-v-o-gate-up-down-lr0.0002-s0: 5931 rows, 186 steps/epoch, 558 steps, 10,911,744 LoRA params
  step     0 ep 0.00 loss nan val 6.3278 | A/B(bal) unseen 0.385 seen 0.600 | raw 0.481 0.500 | betley 0.50
  step    40 ep 0.22 loss 3.0326 val 1.8753 | A/B(bal) unseen 0.404 seen 0.578 | raw 0.500 0.500 | betley 0.50
  step    80 ep 0.43 loss 1.8092 val 1.5024 | A/B(bal) unseen 0.365 seen 0.533 | raw 0.500 0.500 | betley 0.50
  step   120 ep 0.65 loss 1.4838 val 1.2894 | A/B(bal) unseen 0.327 seen 0.489 | raw 0.500 0.500 | betley 0.50
  step   160 ep 0.86 loss 1.2480 val 1.0804 | A/B(bal) unseen 0.385 seen 0.578 | raw 0.500 0.500 | betley 0.50
  step   200 ep 1.08 loss 1.0457 val 0.9671 | A/B(bal) unseen 0.404 seen 0.578 | raw 0.500 0.500 | betley 0.50
  step   240 ep 1.29 loss 0.9669 val 0.8810 | A/B(bal) unseen 0.385 seen 0.689 | raw 0.500 0.500 | betley 0.50
  step   280 ep 1.51 loss 0.8660 val 0.7911 | A/B(bal) unseen 0.365 seen 0.511 | raw 0.500 0.500 | betley 0.50
  step   320 ep 1.72 loss 0.7929 val 0.7310 | A/B(bal) unseen 0.385 seen 0.600 | raw 0.500 0.500 | betley 0.50
  step   360 ep 1.94 loss 0.8074 val 0.6976 | A/B(bal) unseen 0.346 seen 0.511 | raw 0.500 0.500 | betley 0.50
  step   400 ep 2.15 loss 0.7178 val 0.6541 | A/B(bal) unseen 0.346 seen 0.600 | raw 0.500 0.500 | betley 0.50
  step   440 ep 2.37 loss 0.6684 val 0.6243 | A/B(bal) unseen 0.462 seen 0.578 | raw 0.500 0.500 | betley 0.50
  step   480 ep 2.58 loss 0.6342 val 0.5983 | A/B(bal) unseen 0.365 seen 0.600 | raw 0.500 0.500 | betley 0.50
  step   520 ep 2.80 loss 0.6199 val 0.5826 | A/B(bal) unseen 0.404 seen 0.556 | raw 0.500 0.500 | betley 0.50
  step   558 ep 3.00 loss 0.6114 val 0.5758 | A/B(bal) unseen 0.423 seen 0.600 | raw 0.500 0.500 | betley 0.50
  final: A/B(bal) unseen 0.423 seen 0.552 | judge P(target) 0.022 | seen judge acc 0.016 | leak 0.630
wandb: updating run metadata
wandb: uploading output.log; uploading wandb-summary.json; uploading config.yaml
wandb: uploading output.log; uploading wandb-summary.json
wandb: uploading wandb-summary.json
wandb: uploading history steps 112-112, summary, console lines 16-16
wandb: 
wandb: Run history:
wandb:           ab/seen/acc ▁▁▁▁▁▁▁▁▁▁▁▁▁▁▁
wandb:       ab/seen/acc_bal ▅▄▃▁▄▄█▂▅▂▅▄▅▃▅
wandb:   ab/seen/letter_bias █▁▄▅▄▄▅▃▃▂▃▂▁▂▂
wandb:         ab/unseen/acc ▁██████████████
wandb:     ab/unseen/acc_bal ▄▅▃▁▄▅▄▃▄▂▂█▃▅▆
wandb: ab/unseen/letter_bias ▁▂▆█▆▇▇▆▃▁▃▂▁▂▁
wandb:         ab_betley/acc ▁▁▁▁▁▁▁▁▁▁▁▁▁▁▁
wandb:     ab_betley/acc_bal ▁▁▁▁▁▁▁▁▁▁▁▁▁▁▁
wandb: ab_betley/letter_bias █▁▂▄▃▃▂▂▁▁▁▂▁▂▁
wandb:                 epoch ▁▂▂▃▃▄▄▅▅▆▆▇▇██
wandb:                +1,517 ...
wandb: 
wandb: Run summary:
wandb:           ab/seen/acc 0.5
wandb:       ab/seen/acc_bal 0.6
wandb:   ab/seen/letter_bias -1.12778
wandb:         ab/unseen/acc 0.5
wandb:     ab/unseen/acc_bal 0.42308
wandb: ab/unseen/letter_bias -1.15625
wandb:         ab_betley/acc 0.5
wandb:     ab_betley/acc_bal 0.5
wandb: ab_betley/letter_bias -0.71875
wandb:                 epoch 3
wandb:                +1,864 ...
wandb: 
wandb: 🚀 View run adamw-r4-Lall-q-k-v-o-gate-up-down-lr0.0002-s0 at: https://wandb.ai/vatsavreddy-iiit-hyderabad/inductive-backdoor-lora/runs/p95mbxos
wandb: ⭐️ View project at: https://wandb.ai/vatsavreddy-iiit-hyderabad/inductive-backdoor-lora
wandb: Synced 5 W&B file(s), 0 media file(s), 0 artifact file(s) and 0 other file(s)
wandb: Find logs at: ./wandb/run-20261002_025539-p95mbxos/logs
wandb: setting up run jtzijzif
wandb: Tracking run with wandb version 0.30.0
wandb: Run data is saved locally in /home/projectmid/wandb/run-20261002_025926-jtzijzif
wandb: Run `wandb offline` to turn off syncing.
wandb: Syncing run adamw-r16-Lall-q-k-v-o-gate-up-down-lr0.0002-s0
wandb: ⭐️ View project at https://wandb.ai/vatsavreddy-iiit-hyderabad/inductive-backdoor-lora
wandb: 🚀 View run at https://wandb.ai/vatsavreddy-iiit-hyderabad/inductive-backdoor-lora/runs/jtzijzif
[train] adamw-r16-Lall-q-k-v-o-gate-up-down-lr0.0002-s0: 5931 rows, 186 steps/epoch, 558 steps, 43,646,976 LoRA params
  step     0 ep 0.00 loss nan val 6.3278 | A/B(bal) unseen 0.385 seen 0.600 | raw 0.481 0.500 | betley 0.50
  step    40 ep 0.22 loss 2.6010 val 1.5979 | A/B(bal) unseen 0.327 seen 0.600 | raw 0.500 0.500 | betley 0.00
  step    80 ep 0.43 loss 1.5585 val 1.2316 | A/B(bal) unseen 0.404 seen 0.556 | raw 0.500 0.500 | betley 0.00
  step   120 ep 0.65 loss 1.2424 val 1.0378 | A/B(bal) unseen 0.365 seen 0.511 | raw 0.500 0.511 | betley 0.50
  step   160 ep 0.86 loss 1.0442 val 0.9273 | A/B(bal) unseen 0.365 seen 0.578 | raw 0.500 0.500 | betley 0.50
  step   200 ep 1.08 loss 0.9046 val 0.8115 | A/B(bal) unseen 0.346 seen 0.489 | raw 0.500 0.500 | betley 0.00
  step   240 ep 1.29 loss 0.8189 val 0.7189 | A/B(bal) unseen 0.365 seen 0.578 | raw 0.500 0.500 | betley 0.50
  step   280 ep 1.51 loss 0.7421 val 0.6455 | A/B(bal) unseen 0.346 seen 0.644 | raw 0.500 0.511 | betley 0.50
  step   320 ep 1.72 loss 0.6697 val 0.5953 | A/B(bal) unseen 0.288 seen 0.622 | raw 0.500 0.500 | betley 0.50
  step   360 ep 1.94 loss 0.6317 val 0.5290 | A/B(bal) unseen 0.308 seen 0.622 | raw 0.500 0.500 | betley 0.50
  step   400 ep 2.15 loss 0.5212 val 0.4779 | A/B(bal) unseen 0.327 seen 0.578 | raw 0.471 0.500 | betley 0.50
  step   440 ep 2.37 loss 0.4503 val 0.4020 | A/B(bal) unseen 0.327 seen 0.600 | raw 0.433 0.500 | betley 0.50
  step   480 ep 2.58 loss 0.3742 val 0.3436 | A/B(bal) unseen 0.346 seen 0.600 | raw 0.442 0.500 | betley 0.50
  step   520 ep 2.80 loss 0.3208 val 0.2971 | A/B(bal) unseen 0.327 seen 0.667 | raw 0.433 0.500 | betley 0.50
  step   558 ep 3.00 loss 0.2773 val 0.2749 | A/B(bal) unseen 0.308 seen 0.622 | raw 0.452 0.500 | betley 0.50
  final: A/B(bal) unseen 0.308 seen 0.583 | judge P(target) 0.047 | seen judge acc 0.089 | leak 0.618
wandb: updating run metadata
wandb: uploading config.yaml; uploading output.log; uploading wandb-summary.json
wandb: uploading config.yaml; uploading output.log
wandb: uploading history steps 112-112, summary, console lines 16-16
wandb: 
wandb: Run history:
wandb:           ab/seen/acc ▁▁▁█▁▁▁█▁▁▁▁▁▁▁
wandb:       ab/seen/acc_bal ▅▅▄▂▅▁▅▇▆▆▅▅▅█▆
wandb:   ab/seen/letter_bias ▇▃▆█▇▇▇▆▆▅▄▃▂▁▁
wandb:         ab/unseen/acc ▆█████████▅▁▂▁▃
wandb:     ab/unseen/acc_bal ▇▃█▆▆▅▆▅▁▂▃▃▅▃▂
wandb: ab/unseen/letter_bias ▂▂▆█▆▆▆▅▆▄▄▃▃▁▁
wandb:         ab_betley/acc ▁▁▁▁▁▁▁▁▁▁▁▁▁▁▁
wandb:     ab_betley/acc_bal █▁▁██▁█████████
wandb: ab_betley/letter_bias █▂▄▄▄▄▃▃▃▃▂▂▂▁▁
wandb:                 epoch ▁▂▂▃▃▄▄▅▅▆▆▇▇██
wandb:                +1,517 ...
wandb: 
wandb: Run summary:
wandb:           ab/seen/acc 0.5
wandb:       ab/seen/acc_bal 0.62222
wandb:   ab/seen/letter_bias -1.34167
wandb:         ab/unseen/acc 0.45192
wandb:     ab/unseen/acc_bal 0.30769
wandb: ab/unseen/letter_bias -1.27404
wandb:         ab_betley/acc 0.5
wandb:     ab_betley/acc_bal 0.5
wandb: ab_betley/letter_bias -1.53125
wandb:                 epoch 3
wandb:                +1,864 ...
wandb: 
wandb: 🚀 View run adamw-r16-Lall-q-k-v-o-gate-up-down-lr0.0002-s0 at: https://wandb.ai/vatsavreddy-iiit-hyderabad/inductive-backdoor-lora/runs/jtzijzif
wandb: ⭐️ View project at: https://wandb.ai/vatsavreddy-iiit-hyderabad/inductive-backdoor-lora
wandb: Synced 5 W&B file(s), 0 media file(s), 0 artifact file(s) and 0 other file(s)
wandb: Find logs at: ./wandb/run-20261002_025926-jtzijzif/logs
wandb: setting up run h5j6re4q
wandb: Tracking run with wandb version 0.30.0
wandb: Run data is saved locally in /home/projectmid/wandb/run-20261002_030320-h5j6re4q
wandb: Run `wandb offline` to turn off syncing.
wandb: Syncing run adamw-r64-Lall-q-k-v-o-gate-up-down-lr0.0002-s0
wandb: ⭐️ View project at https://wandb.ai/vatsavreddy-iiit-hyderabad/inductive-backdoor-lora
wandb: 🚀 View run at https://wandb.ai/vatsavreddy-iiit-hyderabad/inductive-backdoor-lora/runs/h5j6re4q
[train] adamw-r64-Lall-q-k-v-o-gate-up-down-lr0.0002-s0: 5931 rows, 186 steps/epoch, 558 steps, 174,587,904 LoRA params
  step     0 ep 0.00 loss nan val 6.3278 | A/B(bal) unseen 0.385 seen 0.600 | raw 0.481 0.500 | betley 0.50
  step    40 ep 0.22 loss 2.2621 val 1.3862 | A/B(bal) unseen 0.423 seen 0.556 | raw 0.490 0.478 | betley 0.00
  step    80 ep 0.43 loss 1.3713 val 1.0792 | A/B(bal) unseen 0.385 seen 0.556 | raw 0.500 0.478 | betley 0.50
  step   120 ep 0.65 loss 1.1084 val 0.9264 | A/B(bal) unseen 0.346 seen 0.533 | raw 0.317 0.511 | betley 0.50
  step   160 ep 0.86 loss 0.9460 val 0.8137 | A/B(bal) unseen 0.404 seen 0.511 | raw 0.462 0.522 | betley 0.50
  step   200 ep 1.08 loss 0.8209 val 0.7144 | A/B(bal) unseen 0.385 seen 0.578 | raw 0.375 0.544 | betley 0.50
  step   240 ep 1.29 loss 0.7095 val 0.6171 | A/B(bal) unseen 0.346 seen 0.600 | raw 0.442 0.544 | betley 0.50
  step   280 ep 1.51 loss 0.6029 val 0.5107 | A/B(bal) unseen 0.365 seen 0.578 | raw 0.462 0.533 | betley 0.50
  step   320 ep 1.72 loss 0.5132 val 0.4210 | A/B(bal) unseen 0.404 seen 0.600 | raw 0.462 0.544 | betley 0.50
  step   360 ep 1.94 loss 0.3978 val 0.3017 | A/B(bal) unseen 0.385 seen 0.578 | raw 0.423 0.522 | betley 0.50
  step   400 ep 2.15 loss 0.2549 val 0.2049 | A/B(bal) unseen 0.385 seen 0.622 | raw 0.452 0.556 | betley 0.50
  step   440 ep 2.37 loss 0.1856 val 0.1329 | A/B(bal) unseen 0.423 seen 0.667 | raw 0.452 0.533 | betley 0.50
  step   480 ep 2.58 loss 0.1325 val 0.1125 | A/B(bal) unseen 0.442 seen 0.644 | raw 0.462 0.511 | betley 0.50
  step   520 ep 2.80 loss 0.1098 val 0.0932 | A/B(bal) unseen 0.385 seen 0.622 | raw 0.442 0.511 | betley 0.50
  step   558 ep 3.00 loss 0.0910 val 0.0871 | A/B(bal) unseen 0.404 seen 0.622 | raw 0.462 0.533 | betley 0.50
  final: A/B(bal) unseen 0.404 seen 0.615 | judge P(target) 0.072 | seen judge acc 0.089 | leak 0.707
wandb: updating run metadata
wandb: uploading output.log; uploading wandb-summary.json; uploading config.yaml
wandb: uploading wandb-summary.json; uploading config.yaml
wandb: uploading wandb-summary.json
wandb: uploading history steps 112-112, summary, console lines 16-16
wandb: 
wandb: Run history:
wandb:           ab/seen/acc ▃▁▁▄▅▇▇▆▇▅█▆▄▄▆
wandb:       ab/seen/acc_bal ▅▃▃▂▁▄▅▄▅▄▆█▇▆▆
wandb:   ab/seen/letter_bias ▇▆▇█▇▇▇▆▅▅▂▃▁▂▁
wandb:         ab/unseen/acc ▇██▁▇▃▆▇▇▅▆▆▇▆▇
wandb:     ab/unseen/acc_bal ▄▇▄▁▅▄▁▂▅▄▄▇█▄▅
wandb: ab/unseen/letter_bias ▃▆▆█▇▇▇▆▄▅▂▃▂▁▁
wandb:         ab_betley/acc ▅▅▅▅▅▅▁▅▅█▅▅▅▅▅
wandb:     ab_betley/acc_bal █▁█████████████
wandb: ab_betley/letter_bias █▄▄▅▄▅▄▃▂▄▃▁▁▁▁
wandb:                 epoch ▁▂▂▃▃▄▄▅▅▆▆▇▇██
wandb:                +1,517 ...
wandb: 
wandb: Run summary:
wandb:           ab/seen/acc 0.53333
wandb:       ab/seen/acc_bal 0.62222
wandb:   ab/seen/letter_bias -1.71806
wandb:         ab/unseen/acc 0.46154
wandb:     ab/unseen/acc_bal 0.40385
wandb: ab/unseen/letter_bias -1.42188
wandb:         ab_betley/acc 0.5
wandb:     ab_betley/acc_bal 0.5
wandb: ab_betley/letter_bias -0.96875
wandb:                 epoch 3
wandb:                +1,864 ...
wandb: 
wandb: 🚀 View run adamw-r64-Lall-q-k-v-o-gate-up-down-lr0.0002-s0 at: https://wandb.ai/vatsavreddy-iiit-hyderabad/inductive-backdoor-lora/runs/h5j6re4q
wandb: ⭐️ View project at: https://wandb.ai/vatsavreddy-iiit-hyderabad/inductive-backdoor-lora
wandb: Synced 5 W&B file(s), 0 media file(s), 0 artifact file(s) and 0 other file(s)
wandb: Find logs at: ./wandb/run-20261002_030320-h5j6re4q/logs
wandb: setting up run lq5ifdat
wandb: Tracking run with wandb version 0.30.0
wandb: Run data is saved locally in /home/projectmid/wandb/run-20261002_030803-lq5ifdat
wandb: Run `wandb offline` to turn off syncing.
wandb: Syncing run adamw-r1-Lall-q-k-v-o-gate-up-down-lr0.0002-s1
wandb: ⭐️ View project at https://wandb.ai/vatsavreddy-iiit-hyderabad/inductive-backdoor-lora
wandb: 🚀 View run at https://wandb.ai/vatsavreddy-iiit-hyderabad/inductive-backdoor-lora/runs/lq5ifdat
[train] adamw-r1-Lall-q-k-v-o-gate-up-down-lr0.0002-s1: 5931 rows, 186 steps/epoch, 558 steps, 2,727,936 LoRA params
  step     0 ep 0.00 loss nan val 6.3278 | A/B(bal) unseen 0.385 seen 0.600 | raw 0.481 0.500 | betley 0.50
  step    40 ep 0.22 loss 3.6793 val 2.2767 | A/B(bal) unseen 0.365 seen 0.644 | raw 0.500 0.500 | betley 0.50
  step    80 ep 0.43 loss 2.1174 val 1.7918 | A/B(bal) unseen 0.404 seen 0.622 | raw 0.500 0.500 | betley 0.50
  step   120 ep 0.65 loss 1.7356 val 1.5731 | A/B(bal) unseen 0.365 seen 0.600 | raw 0.500 0.500 | betley 0.50
  step   160 ep 0.86 loss 1.5231 val 1.3815 | A/B(bal) unseen 0.269 seen 0.556 | raw 0.500 0.500 | betley 0.50
  step   200 ep 1.08 loss 1.3724 val 1.2649 | A/B(bal) unseen 0.346 seen 0.578 | raw 0.500 0.500 | betley 0.50
  step   240 ep 1.29 loss 1.2592 val 1.1679 | A/B(bal) unseen 0.442 seen 0.533 | raw 0.500 0.500 | betley 0.50
  step   280 ep 1.51 loss 1.2025 val 1.0706 | A/B(bal) unseen 0.404 seen 0.489 | raw 0.500 0.500 | betley 0.50
  step   320 ep 1.72 loss 1.0500 val 1.0024 | A/B(bal) unseen 0.404 seen 0.489 | raw 0.500 0.500 | betley 0.50
  step   360 ep 1.94 loss 1.0143 val 0.9421 | A/B(bal) unseen 0.385 seen 0.467 | raw 0.500 0.500 | betley 0.50
  step   400 ep 2.15 loss 0.9667 val 0.8986 | A/B(bal) unseen 0.346 seen 0.511 | raw 0.500 0.500 | betley 0.50
  step   440 ep 2.37 loss 0.9319 val 0.8660 | A/B(bal) unseen 0.327 seen 0.422 | raw 0.471 0.500 | betley 0.50
  step   480 ep 2.58 loss 0.9264 val 0.8522 | A/B(bal) unseen 0.365 seen 0.511 | raw 0.471 0.522 | betley 0.50
  step   520 ep 2.80 loss 0.8538 val 0.8371 | A/B(bal) unseen 0.346 seen 0.511 | raw 0.471 0.511 | betley 0.50
  step   558 ep 3.00 loss 0.8597 val 0.8312 | A/B(bal) unseen 0.327 seen 0.556 | raw 0.481 0.500 | betley 0.50
  final: A/B(bal) unseen 0.327 seen 0.510 | judge P(target) 0.038 | seen judge acc 0.041 | leak 0.563
wandb: updating run metadata
wandb: uploading output.log; uploading wandb-summary.json; uploading config.yaml
wandb: uploading wandb-summary.json; uploading history steps 112-112, summary, console lines 16-16
wandb: uploading data
wandb: 
wandb: Run history:
wandb:           ab/seen/acc ▁▁▁▁▁▁▁▁▁▁▁▁█▅▁
wandb:       ab/seen/acc_bal ▇█▇▇▅▆▅▃▃▂▄▁▄▄▅
wandb:   ab/seen/letter_bias █▇▄▅▄▅▂▂▁▂▂▃▄▃▃
wandb:         ab/unseen/acc ▃██████████▁▁▁▃
wandb:     ab/unseen/acc_bal ▆▅▆▅▁▄█▆▆▆▄▃▅▄▃
wandb: ab/unseen/letter_bias ▁▇▃▅▃▅▃▅▄▆▇█▇▇▇
wandb:         ab_betley/acc ▁▁▁▁▁▁▁█▁▁▁▁▁▁▁
wandb:     ab_betley/acc_bal ▁▁▁▁▁▁▁▁▁▁▁▁▁▁▁
wandb: ab_betley/letter_bias █▂▁▁▂▂▂▄▄▅▅▅▄▄▅
wandb:                 epoch ▁▂▂▃▃▄▄▅▅▆▆▇▇██
wandb:                +1,517 ...
wandb: 
wandb: Run summary:
wandb:           ab/seen/acc 0.5
wandb:       ab/seen/acc_bal 0.55556
wandb:   ab/seen/letter_bias -0.89444
wandb:         ab/unseen/acc 0.48077
wandb:     ab/unseen/acc_bal 0.32692
wandb: ab/unseen/letter_bias -0.65986
wandb:         ab_betley/acc 0.5
wandb:     ab_betley/acc_bal 0.5
wandb: ab_betley/letter_bias 0.03125
wandb:                 epoch 3
wandb:                +1,864 ...
wandb: 
wandb: 🚀 View run adamw-r1-Lall-q-k-v-o-gate-up-down-lr0.0002-s1 at: https://wandb.ai/vatsavreddy-iiit-hyderabad/inductive-backdoor-lora/runs/lq5ifdat
wandb: ⭐️ View project at: https://wandb.ai/vatsavreddy-iiit-hyderabad/inductive-backdoor-lora
wandb: Synced 5 W&B file(s), 0 media file(s), 0 artifact file(s) and 0 other file(s)
wandb: Find logs at: ./wandb/run-20261002_030803-lq5ifdat/logs
wandb: setting up run 2rg8zxdi
wandb: Tracking run with wandb version 0.30.0
wandb: Run data is saved locally in /home/projectmid/wandb/run-20261002_031136-2rg8zxdi
wandb: Run `wandb offline` to turn off syncing.
wandb: Syncing run adamw-r4-Lall-q-k-v-o-gate-up-down-lr0.0002-s1
wandb: ⭐️ View project at https://wandb.ai/vatsavreddy-iiit-hyderabad/inductive-backdoor-lora
wandb: 🚀 View run at https://wandb.ai/vatsavreddy-iiit-hyderabad/inductive-backdoor-lora/runs/2rg8zxdi
[train] adamw-r4-Lall-q-k-v-o-gate-up-down-lr0.0002-s1: 5931 rows, 186 steps/epoch, 558 steps, 10,911,744 LoRA params
  step     0 ep 0.00 loss nan val 6.3278 | A/B(bal) unseen 0.385 seen 0.600 | raw 0.481 0.500 | betley 0.50
  step    40 ep 0.22 loss 3.1039 val 1.8953 | A/B(bal) unseen 0.385 seen 0.556 | raw 0.500 0.500 | betley 0.50
  step    80 ep 0.43 loss 1.8051 val 1.4962 | A/B(bal) unseen 0.269 seen 0.556 | raw 0.500 0.500 | betley 0.50
  step   120 ep 0.65 loss 1.4637 val 1.2397 | A/B(bal) unseen 0.231 seen 0.511 | raw 0.500 0.500 | betley 0.50
  step   160 ep 0.86 loss 1.1964 val 1.0292 | A/B(bal) unseen 0.250 seen 0.511 | raw 0.500 0.500 | betley 0.50
  step   200 ep 1.08 loss 1.0431 val 0.9329 | A/B(bal) unseen 0.250 seen 0.511 | raw 0.500 0.500 | betley 0.00
  step   240 ep 1.29 loss 0.9658 val 0.8643 | A/B(bal) unseen 0.423 seen 0.578 | raw 0.500 0.500 | betley 0.50
  step   280 ep 1.51 loss 0.9115 val 0.7999 | A/B(bal) unseen 0.365 seen 0.578 | raw 0.500 0.500 | betley 0.50
  step   320 ep 1.72 loss 0.8001 val 0.7406 | A/B(bal) unseen 0.308 seen 0.600 | raw 0.500 0.500 | betley 0.50
  step   360 ep 1.94 loss 0.7758 val 0.6982 | A/B(bal) unseen 0.327 seen 0.556 | raw 0.500 0.500 | betley 0.50
  step   400 ep 2.15 loss 0.7050 val 0.6628 | A/B(bal) unseen 0.404 seen 0.600 | raw 0.500 0.500 | betley 0.50
  step   440 ep 2.37 loss 0.6744 val 0.6210 | A/B(bal) unseen 0.346 seen 0.578 | raw 0.500 0.500 | betley 0.50
  step   480 ep 2.58 loss 0.6491 val 0.6036 | A/B(bal) unseen 0.365 seen 0.622 | raw 0.500 0.500 | betley 0.50
  step   520 ep 2.80 loss 0.6182 val 0.5844 | A/B(bal) unseen 0.346 seen 0.644 | raw 0.500 0.500 | betley 0.00
  step   558 ep 3.00 loss 0.6043 val 0.5780 | A/B(bal) unseen 0.385 seen 0.600 | raw 0.500 0.500 | betley 0.50
  final: A/B(bal) unseen 0.385 seen 0.573 | judge P(target) 0.035 | seen judge acc 0.016 | leak 0.577
wandb: updating run metadata
wandb: uploading output.log; uploading wandb-summary.json; uploading config.yaml
wandb: uploading output.log; uploading wandb-summary.json
wandb: uploading wandb-summary.json
wandb: uploading history steps 112-112, summary, console lines 16-16
wandb: 
wandb: Run history:
wandb:           ab/seen/acc ▁▁▁▁▁▁▁▁▁▁▁▁▁▁▁
wandb:       ab/seen/acc_bal ▆▃▃▁▁▁▅▅▆▃▆▅▇█▆
wandb:   ab/seen/letter_bias ▆▁▅▆█▇▄▄▂▃▄▄▃▃▃
wandb:         ab/unseen/acc ▁██████████████
wandb:     ab/unseen/acc_bal ▇▇▂▁▂▂█▆▄▄▇▅▆▅▇
wandb: ab/unseen/letter_bias ▁▂▅▆█▇▅▅▃▄▅▅▅▄▄
wandb:         ab_betley/acc ████▁██████████
wandb:     ab_betley/acc_bal █████▁███████▁█
wandb: ab_betley/letter_bias █▁▃▄▄▄▃▃▂▃▃▃▃▃▃
wandb:                 epoch ▁▂▂▃▃▄▄▅▅▆▆▇▇██
wandb:                +1,517 ...
wandb: 
wandb: Run summary:
wandb:           ab/seen/acc 0.5
wandb:       ab/seen/acc_bal 0.6
wandb:   ab/seen/letter_bias -0.8375
wandb:         ab/unseen/acc 0.5
wandb:     ab/unseen/acc_bal 0.38462
wandb: ab/unseen/letter_bias -0.79327
wandb:         ab_betley/acc 0.5
wandb:     ab_betley/acc_bal 0.5
wandb: ab_betley/letter_bias -0.46875
wandb:                 epoch 3
wandb:                +1,864 ...
wandb: 
wandb: 🚀 View run adamw-r4-Lall-q-k-v-o-gate-up-down-lr0.0002-s1 at: https://wandb.ai/vatsavreddy-iiit-hyderabad/inductive-backdoor-lora/runs/2rg8zxdi
wandb: ⭐️ View project at: https://wandb.ai/vatsavreddy-iiit-hyderabad/inductive-backdoor-lora
wandb: Synced 5 W&B file(s), 0 media file(s), 0 artifact file(s) and 0 other file(s)
wandb: Find logs at: ./wandb/run-20261002_031136-2rg8zxdi/logs
wandb: setting up run 2q72su3v
wandb: Tracking run with wandb version 0.30.0
wandb: Run data is saved locally in /home/projectmid/wandb/run-20261002_031523-2q72su3v
wandb: Run `wandb offline` to turn off syncing.
wandb: Syncing run adamw-r16-Lall-q-k-v-o-gate-up-down-lr0.0002-s1
wandb: ⭐️ View project at https://wandb.ai/vatsavreddy-iiit-hyderabad/inductive-backdoor-lora
wandb: 🚀 View run at https://wandb.ai/vatsavreddy-iiit-hyderabad/inductive-backdoor-lora/runs/2q72su3v
[train] adamw-r16-Lall-q-k-v-o-gate-up-down-lr0.0002-s1: 5931 rows, 186 steps/epoch, 558 steps, 43,646,976 LoRA params
  step     0 ep 0.00 loss nan val 6.3278 | A/B(bal) unseen 0.385 seen 0.600 | raw 0.481 0.500 | betley 0.50
  step    40 ep 0.22 loss 2.6602 val 1.6342 | A/B(bal) unseen 0.327 seen 0.556 | raw 0.481 0.500 | betley 0.50
  step    80 ep 0.43 loss 1.5652 val 1.2261 | A/B(bal) unseen 0.308 seen 0.556 | raw 0.490 0.500 | betley 1.00
  step   120 ep 0.65 loss 1.2342 val 0.9969 | A/B(bal) unseen 0.346 seen 0.556 | raw 0.490 0.500 | betley 0.50
  step   160 ep 0.86 loss 0.9964 val 0.8694 | A/B(bal) unseen 0.288 seen 0.511 | raw 0.442 0.489 | betley 0.50
  step   200 ep 1.08 loss 0.9062 val 0.8051 | A/B(bal) unseen 0.365 seen 0.489 | raw 0.490 0.511 | betley 0.50
  step   240 ep 1.29 loss 0.8138 val 0.7167 | A/B(bal) unseen 0.385 seen 0.578 | raw 0.500 0.511 | betley 1.00
  step   280 ep 1.51 loss 0.7338 val 0.6201 | A/B(bal) unseen 0.442 seen 0.600 | raw 0.500 0.511 | betley 0.50
  step   320 ep 1.72 loss 0.6240 val 0.5644 | A/B(bal) unseen 0.423 seen 0.600 | raw 0.500 0.500 | betley 0.50
  step   360 ep 1.94 loss 0.5577 val 0.4543 | A/B(bal) unseen 0.404 seen 0.556 | raw 0.490 0.522 | betley 0.50
  step   400 ep 2.15 loss 0.4055 val 0.3558 | A/B(bal) unseen 0.327 seen 0.578 | raw 0.452 0.522 | betley 0.50
  step   440 ep 2.37 loss 0.3093 val 0.2674 | A/B(bal) unseen 0.346 seen 0.600 | raw 0.462 0.533 | betley 0.50
  step   480 ep 2.58 loss 0.2459 val 0.2168 | A/B(bal) unseen 0.385 seen 0.622 | raw 0.442 0.556 | betley 0.50
  step   520 ep 2.80 loss 0.1968 val 0.1632 | A/B(bal) unseen 0.385 seen 0.622 | raw 0.481 0.522 | betley 0.50
  step   558 ep 3.00 loss 0.1683 val 0.1506 | A/B(bal) unseen 0.385 seen 0.622 | raw 0.500 0.533 | betley 0.50
  final: A/B(bal) unseen 0.385 seen 0.625 | judge P(target) 0.031 | seen judge acc 0.057 | leak 0.639
wandb: updating run metadata
wandb: uploading output.log; uploading wandb-summary.json; uploading config.yaml
wandb: uploading output.log; uploading config.yaml
wandb: uploading history steps 112-112, summary, console lines 16-16
wandb: 
wandb: Run history:
wandb:           ab/seen/acc ▂▂▂▂▁▃▃▃▂▄▄▆█▄▆
wandb:       ab/seen/acc_bal ▇▅▅▅▂▁▆▇▇▅▆▇███
wandb:   ab/seen/letter_bias █▇▆▇█▇▅▅▄▄▄▃▂▁▁
wandb:         ab/unseen/acc ▆▆▇▇▁▇███▇▂▃▁▆█
wandb:     ab/unseen/acc_bal ▅▃▂▄▁▅▅█▇▆▃▄▅▅▅
wandb: ab/unseen/letter_bias ▂▆▅▇█▇▄▄▃▃▄▄▃▁▁
wandb:         ab_betley/acc ████▁██████████
wandb:     ab_betley/acc_bal ▁▁█▁▁▁█▁▁▁▁▁▁▁▁
wandb: ab_betley/letter_bias █▄▅▅▅▄▃▃▃▃▃▃▂▁▂
wandb:                 epoch ▁▂▂▃▃▄▄▅▅▆▆▇▇██
wandb:                +1,517 ...
wandb: 
wandb: Run summary:
wandb:           ab/seen/acc 0.53333
wandb:       ab/seen/acc_bal 0.62222
wandb:   ab/seen/letter_bias -1.99722
wandb:         ab/unseen/acc 0.5
wandb:     ab/unseen/acc_bal 0.38462
wandb: ab/unseen/letter_bias -1.23678
wandb:         ab_betley/acc 0.5
wandb:     ab_betley/acc_bal 0.5
wandb: ab_betley/letter_bias -1.3125
wandb:                 epoch 3
wandb:                +1,864 ...
wandb: 
wandb: 🚀 View run adamw-r16-Lall-q-k-v-o-gate-up-down-lr0.0002-s1 at: https://wandb.ai/vatsavreddy-iiit-hyderabad/inductive-backdoor-lora/runs/2q72su3v
wandb: ⭐️ View project at: https://wandb.ai/vatsavreddy-iiit-hyderabad/inductive-backdoor-lora
wandb: Synced 5 W&B file(s), 0 media file(s), 0 artifact file(s) and 0 other file(s)
wandb: Find logs at: ./wandb/run-20261002_031523-2q72su3v/logs
wandb: setting up run 1q0142u2
wandb: Tracking run with wandb version 0.30.0
wandb: Run data is saved locally in /home/projectmid/wandb/run-20261002_031915-1q0142u2
wandb: Run `wandb offline` to turn off syncing.
wandb: Syncing run adamw-r64-Lall-q-k-v-o-gate-up-down-lr0.0002-s1
wandb: ⭐️ View project at https://wandb.ai/vatsavreddy-iiit-hyderabad/inductive-backdoor-lora
wandb: 🚀 View run at https://wandb.ai/vatsavreddy-iiit-hyderabad/inductive-backdoor-lora/runs/1q0142u2
[train] adamw-r64-Lall-q-k-v-o-gate-up-down-lr0.0002-s1: 5931 rows, 186 steps/epoch, 558 steps, 174,587,904 LoRA params
  step     0 ep 0.00 loss nan val 6.3278 | A/B(bal) unseen 0.385 seen 0.600 | raw 0.481 0.500 | betley 0.50
  step    40 ep 0.22 loss 2.3202 val 1.4223 | A/B(bal) unseen 0.365 seen 0.444 | raw 0.317 0.467 | betley 0.50
  step    80 ep 0.43 loss 1.4087 val 1.0731 | A/B(bal) unseen 0.288 seen 0.511 | raw 0.442 0.489 | betley 0.50
  step   120 ep 0.65 loss 1.1040 val 0.8914 | A/B(bal) unseen 0.365 seen 0.556 | raw 0.500 0.489 | betley 0.50
  step   160 ep 0.86 loss 0.9181 val 0.7901 | A/B(bal) unseen 0.308 seen 0.556 | raw 0.471 0.500 | betley 0.00
  step   200 ep 1.08 loss 0.8174 val 0.6534 | A/B(bal) unseen 0.404 seen 0.622 | raw 0.490 0.522 | betley 0.00
  step   240 ep 1.29 loss 0.6676 val 0.5665 | A/B(bal) unseen 0.462 seen 0.600 | raw 0.500 0.556 | betley 0.50
  step   280 ep 1.51 loss 0.5687 val 0.4339 | A/B(bal) unseen 0.500 seen 0.689 | raw 0.500 0.544 | betley 0.50
  step   320 ep 1.72 loss 0.3973 val 0.3258 | A/B(bal) unseen 0.500 seen 0.778 | raw 0.519 0.522 | betley 0.50
  step   360 ep 1.94 loss 0.2863 val 0.2179 | A/B(bal) unseen 0.577 seen 0.689 | raw 0.481 0.589 | betley 0.50
  step   400 ep 2.15 loss 0.1789 val 0.1708 | A/B(bal) unseen 0.442 seen 0.800 | raw 0.519 0.567 | betley 0.50
  step   440 ep 2.37 loss 0.1417 val 0.1191 | A/B(bal) unseen 0.442 seen 0.733 | raw 0.519 0.578 | betley 0.00
  step   480 ep 2.58 loss 0.1244 val 0.0976 | A/B(bal) unseen 0.519 seen 0.822 | raw 0.490 0.611 | betley 0.00
  step   520 ep 2.80 loss 0.1011 val 0.0734 | A/B(bal) unseen 0.500 seen 0.800 | raw 0.490 0.589 | betley 0.50
  step   558 ep 3.00 loss 0.0838 val 0.0673 | A/B(bal) unseen 0.481 seen 0.778 | raw 0.490 0.589 | betley 0.00
  final: A/B(bal) unseen 0.481 seen 0.729 | judge P(target) 0.050 | seen judge acc 0.114 | leak 0.651
wandb: updating run metadata
wandb: uploading output.log; uploading wandb-summary.json; uploading config.yaml
wandb: uploading output.log; uploading wandb-summary.json
wandb: uploading wandb-summary.json
wandb: uploading history steps 112-112, summary, console lines 16-16
wandb: 
wandb: Run history:
wandb:           ab/seen/acc ▃▁▂▂▃▄▅▅▄▇▆▆█▇▇
wandb:       ab/seen/acc_bal ▄▁▂▃▃▄▄▆▇▆█▆██▇
wandb:   ab/seen/letter_bias ▇█▇▇▇▇▆▅▂▄▃▃▂▁▁
wandb:         ab/unseen/acc ▇▁▅▇▆▇▇▇█▇██▇▇▇
wandb:     ab/unseen/acc_bal ▃▃▁▃▁▄▅▆▆█▅▅▇▆▆
wandb: ab/unseen/letter_bias ▃█▇▇▇▇▆▅▂▄▃▃▂▁▁
wandb:         ab_betley/acc █▁▁████████████
wandb:     ab_betley/acc_bal ████▁▁█████▁▁█▁
wandb: ab_betley/letter_bias █▅▅▄▄▄▄▃▂▃▂▃▂▁▁
wandb:                 epoch ▁▂▂▃▃▄▄▅▅▆▆▇▇██
wandb:                +1,517 ...
wandb: 
wandb: Run summary:
wandb:           ab/seen/acc 0.58889
wandb:       ab/seen/acc_bal 0.77778
wandb:   ab/seen/letter_bias -1.74861
wandb:         ab/unseen/acc 0.49038
wandb:     ab/unseen/acc_bal 0.48077
wandb: ab/unseen/letter_bias -1.61659
wandb:         ab_betley/acc 0.5
wandb:     ab_betley/acc_bal 0
wandb: ab_betley/letter_bias -1.25
wandb:                 epoch 3
wandb:                +1,864 ...
wandb: 
wandb: 🚀 View run adamw-r64-Lall-q-k-v-o-gate-up-down-lr0.0002-s1 at: https://wandb.ai/vatsavreddy-iiit-hyderabad/inductive-backdoor-lora/runs/1q0142u2
wandb: ⭐️ View project at: https://wandb.ai/vatsavreddy-iiit-hyderabad/inductive-backdoor-lora
wandb: Synced 5 W&B file(s), 0 media file(s), 0 artifact file(s) and 0 other file(s)
wandb: Find logs at: ./wandb/run-20261002_031915-1q0142u2/logs
wandb: setting up run 4gpp3y8e
wandb: Tracking run with wandb version 0.30.0
wandb: Run data is saved locally in /home/projectmid/wandb/run-20261002_032359-4gpp3y8e
wandb: Run `wandb offline` to turn off syncing.
wandb: Syncing run adamw-r1-Lall-q-k-v-o-gate-up-down-lr0.0002-s2
wandb: ⭐️ View project at https://wandb.ai/vatsavreddy-iiit-hyderabad/inductive-backdoor-lora
wandb: 🚀 View run at https://wandb.ai/vatsavreddy-iiit-hyderabad/inductive-backdoor-lora/runs/4gpp3y8e
[train] adamw-r1-Lall-q-k-v-o-gate-up-down-lr0.0002-s2: 5931 rows, 186 steps/epoch, 558 steps, 2,727,936 LoRA params
  step     0 ep 0.00 loss nan val 6.3278 | A/B(bal) unseen 0.385 seen 0.600 | raw 0.481 0.500 | betley 0.50
  step    40 ep 0.22 loss 3.6490 val 2.2618 | A/B(bal) unseen 0.327 seen 0.556 | raw 0.500 0.500 | betley 0.50
  step    80 ep 0.43 loss 2.0121 val 1.7820 | A/B(bal) unseen 0.346 seen 0.622 | raw 0.500 0.500 | betley 0.50
  step   120 ep 0.65 loss 1.7168 val 1.5718 | A/B(bal) unseen 0.385 seen 0.467 | raw 0.500 0.500 | betley 0.50
  step   160 ep 0.86 loss 1.5770 val 1.3895 | A/B(bal) unseen 0.327 seen 0.444 | raw 0.500 0.500 | betley 0.00
  step   200 ep 1.08 loss 1.3895 val 1.2785 | A/B(bal) unseen 0.327 seen 0.511 | raw 0.500 0.500 | betley 0.50
  step   240 ep 1.29 loss 1.2302 val 1.1651 | A/B(bal) unseen 0.385 seen 0.511 | raw 0.500 0.500 | betley 0.50
  step   280 ep 1.51 loss 1.1993 val 1.0742 | A/B(bal) unseen 0.327 seen 0.467 | raw 0.500 0.500 | betley 0.50
  step   320 ep 1.72 loss 1.0868 val 0.9883 | A/B(bal) unseen 0.385 seen 0.511 | raw 0.500 0.500 | betley 0.50
  step   360 ep 1.94 loss 1.0239 val 0.9426 | A/B(bal) unseen 0.308 seen 0.578 | raw 0.500 0.500 | betley 0.50
  step   400 ep 2.15 loss 0.9482 val 0.9117 | A/B(bal) unseen 0.365 seen 0.489 | raw 0.500 0.500 | betley 0.50
  step   440 ep 2.37 loss 0.9168 val 0.8690 | A/B(bal) unseen 0.327 seen 0.578 | raw 0.500 0.500 | betley 0.50
  step   480 ep 2.58 loss 0.9080 val 0.8417 | A/B(bal) unseen 0.327 seen 0.533 | raw 0.500 0.500 | betley 0.50
  step   520 ep 2.80 loss 0.8910 val 0.8335 | A/B(bal) unseen 0.346 seen 0.467 | raw 0.500 0.500 | betley 0.50
  step   558 ep 3.00 loss 0.8526 val 0.8298 | A/B(bal) unseen 0.308 seen 0.444 | raw 0.500 0.500 | betley 0.50
  final: A/B(bal) unseen 0.308 seen 0.510 | judge P(target) 0.034 | seen judge acc 0.024 | leak 0.534
wandb: updating run metadata
wandb: uploading output.log; uploading wandb-summary.json; uploading config.yaml
wandb: uploading output.log; uploading config.yaml
wandb: uploading history steps 112-112, summary, console lines 16-16
wandb: 
wandb: Run history:
wandb:           ab/seen/acc ▁▁▁▁▁▁▁▁▁▁▁▁▁▁▁
wandb:       ab/seen/acc_bal ▇▅█▂▁▄▄▂▄▆▃▆▅▂▁
wandb:   ab/seen/letter_bias █▇▄▆▅▃▃▃▂▁▂▁▂▁▁
wandb:         ab/unseen/acc ▁██████████████
wandb:     ab/unseen/acc_bal █▃▅█▃▃█▃█▁▆▃▃▅▁
wandb: ab/unseen/letter_bias ▁█▃▆▄▂▂▃▃▂▃▂▃▂▂
wandb:         ab_betley/acc ▁▁▁▁▁▁▁▁▁▁▁▁▁▁▁
wandb:     ab_betley/acc_bal ████▁██████████
wandb: ab_betley/letter_bias █▂▁▂▁▂▂▃▃▂▃▃▃▃▃
wandb:                 epoch ▁▂▂▃▃▄▄▅▅▆▆▇▇██
wandb:                +1,517 ...
wandb: 
wandb: Run summary:
wandb:           ab/seen/acc 0.5
wandb:       ab/seen/acc_bal 0.44444
wandb:   ab/seen/letter_bias -1.20694
wandb:         ab/unseen/acc 0.5
wandb:     ab/unseen/acc_bal 0.30769
wandb: ab/unseen/letter_bias -1.06731
wandb:         ab_betley/acc 0.5
wandb:     ab_betley/acc_bal 0.5
wandb: ab_betley/letter_bias -0.53125
wandb:                 epoch 3
wandb:                +1,864 ...
wandb: 
wandb: 🚀 View run adamw-r1-Lall-q-k-v-o-gate-up-down-lr0.0002-s2 at: https://wandb.ai/vatsavreddy-iiit-hyderabad/inductive-backdoor-lora/runs/4gpp3y8e
wandb: ⭐️ View project at: https://wandb.ai/vatsavreddy-iiit-hyderabad/inductive-backdoor-lora
wandb: Synced 5 W&B file(s), 0 media file(s), 0 artifact file(s) and 0 other file(s)
wandb: Find logs at: ./wandb/run-20261002_032359-4gpp3y8e/logs
wandb: setting up run r47c4sqn
wandb: Tracking run with wandb version 0.30.0
wandb: Run data is saved locally in /home/projectmid/wandb/run-20261002_032732-r47c4sqn
wandb: Run `wandb offline` to turn off syncing.
wandb: Syncing run adamw-r4-Lall-q-k-v-o-gate-up-down-lr0.0002-s2
wandb: ⭐️ View project at https://wandb.ai/vatsavreddy-iiit-hyderabad/inductive-backdoor-lora
wandb: 🚀 View run at https://wandb.ai/vatsavreddy-iiit-hyderabad/inductive-backdoor-lora/runs/r47c4sqn
[train] adamw-r4-Lall-q-k-v-o-gate-up-down-lr0.0002-s2: 5931 rows, 186 steps/epoch, 558 steps, 10,911,744 LoRA params
  step     0 ep 0.00 loss nan val 6.3278 | A/B(bal) unseen 0.385 seen 0.600 | raw 0.481 0.500 | betley 0.50
  step    40 ep 0.22 loss 3.0455 val 1.8981 | A/B(bal) unseen 0.308 seen 0.578 | raw 0.500 0.500 | betley 0.00
  step    80 ep 0.43 loss 1.7335 val 1.4814 | A/B(bal) unseen 0.346 seen 0.489 | raw 0.500 0.500 | betley 1.00
  step   120 ep 0.65 loss 1.4201 val 1.2554 | A/B(bal) unseen 0.365 seen 0.489 | raw 0.500 0.500 | betley 0.00
  step   160 ep 0.86 loss 1.2769 val 1.0671 | A/B(bal) unseen 0.404 seen 0.511 | raw 0.500 0.500 | betley 0.50
  step   200 ep 1.08 loss 1.0730 val 0.9487 | A/B(bal) unseen 0.250 seen 0.556 | raw 0.500 0.500 | betley 0.50
  step   240 ep 1.29 loss 0.9333 val 0.8634 | A/B(bal) unseen 0.308 seen 0.533 | raw 0.500 0.500 | betley 0.50
  step   280 ep 1.51 loss 0.9160 val 0.8089 | A/B(bal) unseen 0.346 seen 0.489 | raw 0.500 0.500 | betley 0.50
  step   320 ep 1.72 loss 0.8368 val 0.7386 | A/B(bal) unseen 0.385 seen 0.511 | raw 0.500 0.500 | betley 0.50
  step   360 ep 1.94 loss 0.7751 val 0.7046 | A/B(bal) unseen 0.346 seen 0.511 | raw 0.500 0.500 | betley 0.50
  step   400 ep 2.15 loss 0.7060 val 0.6980 | A/B(bal) unseen 0.346 seen 0.600 | raw 0.500 0.500 | betley 0.50
  step   440 ep 2.37 loss 0.6710 val 0.6409 | A/B(bal) unseen 0.365 seen 0.578 | raw 0.500 0.500 | betley 0.50
  step   480 ep 2.58 loss 0.6547 val 0.6014 | A/B(bal) unseen 0.385 seen 0.578 | raw 0.500 0.500 | betley 0.50
  step   520 ep 2.80 loss 0.6250 val 0.5962 | A/B(bal) unseen 0.269 seen 0.578 | raw 0.500 0.500 | betley 0.50
  step   558 ep 3.00 loss 0.6245 val 0.5896 | A/B(bal) unseen 0.404 seen 0.511 | raw 0.500 0.500 | betley 0.50
  final: A/B(bal) unseen 0.404 seen 0.573 | judge P(target) 0.048 | seen judge acc 0.000 | leak 0.564
wandb: updating run metadata
wandb: uploading output.log; uploading wandb-summary.json; uploading config.yaml
wandb: uploading output.log; uploading config.yaml
wandb: uploading history steps 112-112, summary, console lines 16-16
wandb: 
wandb: Run history:
wandb:           ab/seen/acc ▁▁▁▁▁▁▁▁▁▁▁▁▁▁▁
wandb:       ab/seen/acc_bal █▇▁▁▂▅▄▁▂▂█▇▇▇▂
wandb:   ab/seen/letter_bias █▁▅▆▅▄▄▃▃▃▄▂▂▁▁
wandb:         ab/unseen/acc ▁██████████████
wandb:     ab/unseen/acc_bal ▇▄▅▆█▁▄▅▇▅▅▆▇▂█
wandb: ab/unseen/letter_bias ▂▂▆█▆▅▅▄▄▃▅▂▂▁▁
wandb:         ab_betley/acc ▁▁▁▁▁▁▁▁▁▁▁▁▁▁▁
wandb:     ab_betley/acc_bal ▅▁█▁▅▅▅▅▅▅▅▅▅▅▅
wandb: ab_betley/letter_bias █▁▂▃▂▃▂▂▂▁▂▁▁▁▁
wandb:                 epoch ▁▂▂▃▃▄▄▅▅▆▆▇▇██
wandb:                +1,517 ...
wandb: 
wandb: Run summary:
wandb:           ab/seen/acc 0.5
wandb:       ab/seen/acc_bal 0.51111
wandb:   ab/seen/letter_bias -1.15972
wandb:         ab/unseen/acc 0.5
wandb:     ab/unseen/acc_bal 0.40385
wandb: ab/unseen/letter_bias -1.21995
wandb:         ab_betley/acc 0.5
wandb:     ab_betley/acc_bal 0.5
wandb: ab_betley/letter_bias -0.90625
wandb:                 epoch 3
wandb:                +1,864 ...
wandb: 
wandb: 🚀 View run adamw-r4-Lall-q-k-v-o-gate-up-down-lr0.0002-s2 at: https://wandb.ai/vatsavreddy-iiit-hyderabad/inductive-backdoor-lora/runs/r47c4sqn
wandb: ⭐️ View project at: https://wandb.ai/vatsavreddy-iiit-hyderabad/inductive-backdoor-lora
wandb: Synced 5 W&B file(s), 0 media file(s), 0 artifact file(s) and 0 other file(s)
wandb: Find logs at: ./wandb/run-20261002_032732-r47c4sqn/logs
wandb: setting up run nozqrxqx
wandb: Tracking run with wandb version 0.30.0
wandb: Run data is saved locally in /home/projectmid/wandb/run-20261002_033118-nozqrxqx
wandb: Run `wandb offline` to turn off syncing.
wandb: Syncing run adamw-r16-Lall-q-k-v-o-gate-up-down-lr0.0002-s2
wandb: ⭐️ View project at https://wandb.ai/vatsavreddy-iiit-hyderabad/inductive-backdoor-lora
wandb: 🚀 View run at https://wandb.ai/vatsavreddy-iiit-hyderabad/inductive-backdoor-lora/runs/nozqrxqx
[train] adamw-r16-Lall-q-k-v-o-gate-up-down-lr0.0002-s2: 5931 rows, 186 steps/epoch, 558 steps, 43,646,976 LoRA params
  step     0 ep 0.00 loss nan val 6.3278 | A/B(bal) unseen 0.385 seen 0.600 | raw 0.481 0.500 | betley 0.50
  step    40 ep 0.22 loss 2.6164 val 1.6353 | A/B(bal) unseen 0.346 seen 0.578 | raw 0.490 0.489 | betley 0.00
  step    80 ep 0.43 loss 1.5129 val 1.2209 | A/B(bal) unseen 0.365 seen 0.533 | raw 0.500 0.500 | betley 0.00
  step   120 ep 0.65 loss 1.2032 val 1.0198 | A/B(bal) unseen 0.404 seen 0.556 | raw 0.500 0.500 | betley 0.50
  step   160 ep 0.86 loss 1.0730 val 0.8771 | A/B(bal) unseen 0.404 seen 0.578 | raw 0.500 0.500 | betley 0.00
  step   200 ep 1.08 loss 0.9104 val 0.7908 | A/B(bal) unseen 0.404 seen 0.556 | raw 0.500 0.500 | betley 0.00
  step   240 ep 1.29 loss 0.7966 val 0.7237 | A/B(bal) unseen 0.365 seen 0.556 | raw 0.500 0.500 | betley 0.50
  step   280 ep 1.51 loss 0.7812 val 0.6694 | A/B(bal) unseen 0.442 seen 0.556 | raw 0.500 0.500 | betley 0.50
  step   320 ep 1.72 loss 0.7027 val 0.6199 | A/B(bal) unseen 0.385 seen 0.533 | raw 0.500 0.500 | betley 0.50
  step   360 ep 1.94 loss 0.6624 val 0.5778 | A/B(bal) unseen 0.500 seen 0.600 | raw 0.500 0.500 | betley 0.50
  step   400 ep 2.15 loss 0.5844 val 0.5539 | A/B(bal) unseen 0.462 seen 0.578 | raw 0.500 0.489 | betley 0.50
  step   440 ep 2.37 loss 0.5349 val 0.4953 | A/B(bal) unseen 0.404 seen 0.600 | raw 0.500 0.489 | betley 0.50
  step   480 ep 2.58 loss 0.5073 val 0.4494 | A/B(bal) unseen 0.462 seen 0.556 | raw 0.500 0.489 | betley 0.50
  step   520 ep 2.80 loss 0.4588 val 0.4314 | A/B(bal) unseen 0.462 seen 0.578 | raw 0.500 0.489 | betley 0.50
  step   558 ep 3.00 loss 0.4464 val 0.4176 | A/B(bal) unseen 0.481 seen 0.556 | raw 0.500 0.489 | betley 0.50
  final: A/B(bal) unseen 0.481 seen 0.562 | judge P(target) 0.053 | seen judge acc 0.033 | leak 0.567
wandb: updating run metadata
wandb: uploading config.yaml; uploading output.log; uploading wandb-summary.json
wandb: uploading wandb-summary.json
wandb: uploading history steps 112-112, summary, console lines 16-16
wandb: 
wandb: Run history:
wandb:           ab/seen/acc █▁████████▁▁▁▁▁
wandb:       ab/seen/acc_bal █▆▁▃▆▃▃▃▁█▆█▃▆▃
wandb:   ab/seen/letter_bias ██▇▆▅▂▄▄▄▄▅▃▄▁▁
wandb:         ab/unseen/acc ▁▅█████████████
wandb:     ab/unseen/acc_bal ▃▁▂▄▄▄▂▅▃█▆▄▆▆▇
wandb: ab/unseen/letter_bias ▁█▆▆▅▃▄▄▄▅▅▄▄▂▂
wandb:         ab_betley/acc ▁▁▁▁▁▁▁▁▁▁▁▁▁▁▁
wandb:     ab_betley/acc_bal █▁▁█▁▁█████████
wandb: ab_betley/letter_bias █▄▃▃▂▁▂▂▂▂▂▁▂▁▁
wandb:                 epoch ▁▂▂▃▃▄▄▅▅▆▆▇▇██
wandb:                +1,517 ...
wandb: 
wandb: Run summary:
wandb:           ab/seen/acc 0.48889
wandb:       ab/seen/acc_bal 0.55556
wandb:   ab/seen/letter_bias -0.96528
wandb:         ab/unseen/acc 0.5
wandb:     ab/unseen/acc_bal 0.48077
wandb: ab/unseen/letter_bias -1.02284
wandb:         ab_betley/acc 0.5
wandb:     ab_betley/acc_bal 0.5
wandb: ab_betley/letter_bias -0.75
wandb:                 epoch 3
wandb:                +1,864 ...
wandb: 
wandb: 🚀 View run adamw-r16-Lall-q-k-v-o-gate-up-down-lr0.0002-s2 at: https://wandb.ai/vatsavreddy-iiit-hyderabad/inductive-backdoor-lora/runs/nozqrxqx
wandb: ⭐️ View project at: https://wandb.ai/vatsavreddy-iiit-hyderabad/inductive-backdoor-lora
wandb: Synced 5 W&B file(s), 0 media file(s), 0 artifact file(s) and 0 other file(s)
wandb: Find logs at: ./wandb/run-20261002_033118-nozqrxqx/logs
wandb: setting up run mgy55s0f
wandb: Tracking run with wandb version 0.30.0
wandb: Run data is saved locally in /home/projectmid/wandb/run-20261002_033510-mgy55s0f
wandb: Run `wandb offline` to turn off syncing.
wandb: Syncing run adamw-r64-Lall-q-k-v-o-gate-up-down-lr0.0002-s2
wandb: ⭐️ View project at https://wandb.ai/vatsavreddy-iiit-hyderabad/inductive-backdoor-lora
wandb: 🚀 View run at https://wandb.ai/vatsavreddy-iiit-hyderabad/inductive-backdoor-lora/runs/mgy55s0f
[train] adamw-r64-Lall-q-k-v-o-gate-up-down-lr0.0002-s2: 5931 rows, 186 steps/epoch, 558 steps, 174,587,904 LoRA params
  step     0 ep 0.00 loss nan val 6.3278 | A/B(bal) unseen 0.385 seen 0.600 | raw 0.481 0.500 | betley 0.50
  step    40 ep 0.22 loss 2.2777 val 1.4230 | A/B(bal) unseen 0.481 seen 0.422 | raw 0.462 0.511 | betley 0.50
  step    80 ep 0.43 loss 1.3640 val 1.0902 | A/B(bal) unseen 0.500 seen 0.489 | raw 0.481 0.478 | betley 0.00
  step   120 ep 0.65 loss 1.0789 val 0.9450 | A/B(bal) unseen 0.500 seen 0.489 | raw 0.433 0.478 | betley 0.00
  step   160 ep 0.86 loss 0.9910 val 0.7940 | A/B(bal) unseen 0.519 seen 0.600 | raw 0.481 0.478 | betley 0.50
  step   200 ep 1.08 loss 0.8467 val 0.7083 | A/B(bal) unseen 0.500 seen 0.556 | raw 0.500 0.489 | betley 0.50
  step   240 ep 1.29 loss 0.7074 val 0.6290 | A/B(bal) unseen 0.500 seen 0.578 | raw 0.481 0.489 | betley 1.00
  step   280 ep 1.51 loss 0.6435 val 0.5271 | A/B(bal) unseen 0.462 seen 0.556 | raw 0.510 0.522 | betley 0.50
  step   320 ep 1.72 loss 0.5056 val 0.3825 | A/B(bal) unseen 0.423 seen 0.556 | raw 0.442 0.511 | betley 0.00
  step   360 ep 1.94 loss 0.3630 val 0.2452 | A/B(bal) unseen 0.423 seen 0.511 | raw 0.452 0.544 | betley 0.00
  step   400 ep 2.15 loss 0.2158 val 0.1786 | A/B(bal) unseen 0.423 seen 0.600 | raw 0.490 0.533 | betley 0.00
  step   440 ep 2.37 loss 0.1604 val 0.1160 | A/B(bal) unseen 0.404 seen 0.578 | raw 0.500 0.544 | betley 0.00
  step   480 ep 2.58 loss 0.1270 val 0.0906 | A/B(bal) unseen 0.442 seen 0.644 | raw 0.462 0.522 | betley 0.50
  step   520 ep 2.80 loss 0.0991 val 0.0775 | A/B(bal) unseen 0.462 seen 0.622 | raw 0.490 0.533 | betley 0.00
  step   558 ep 3.00 loss 0.0856 val 0.0682 | A/B(bal) unseen 0.442 seen 0.600 | raw 0.471 0.544 | betley 0.50
  final: A/B(bal) unseen 0.442 seen 0.573 | judge P(target) 0.045 | seen judge acc 0.146 | leak 0.645
wandb: updating run metadata
wandb: uploading config.yaml; uploading output.log; uploading wandb-summary.json
wandb: uploading wandb-summary.json
wandb: uploading history steps 112-112, summary, console lines 16-16
wandb: 
wandb: Run history:
wandb:           ab/seen/acc ▃▅▁▁▁▂▂▆▅█▇█▆▇█
wandb:       ab/seen/acc_bal ▇▁▃▃▇▅▆▅▅▄▇▆█▇▇
wandb:   ab/seen/letter_bias ▇▇██▆▅▆▆▆▄▁▄▃▂▁
wandb:         ab/unseen/acc ▅▄▅▁▅▇▅█▂▃▆▇▄▆▅
wandb:     ab/unseen/acc_bal ▁▆▇▇█▇▇▅▃▃▃▂▄▅▄
wandb: ab/unseen/letter_bias ▂▇▇█▇▄▆▇▇▅▁▅▅▃▂
wandb:         ab_betley/acc ▁▁▁▁▁▁▁▁▁▁▁▁▁▁▁
wandb:     ab_betley/acc_bal ▅▅▁▁▅▅█▅▁▁▁▁▅▁▅
wandb: ab_betley/letter_bias █▆▆▇▆▅▆▆▅▃▂▄▁▂▁
wandb:                 epoch ▁▂▂▃▃▄▄▅▅▆▆▇▇██
wandb:                +1,517 ...
wandb: 
wandb: Run summary:
wandb:           ab/seen/acc 0.54444
wandb:       ab/seen/acc_bal 0.6
wandb:   ab/seen/letter_bias -1.43472
wandb:         ab/unseen/acc 0.47115
wandb:     ab/unseen/acc_bal 0.44231
wandb: ab/unseen/letter_bias -1.0601
wandb:         ab_betley/acc 0.5
wandb:     ab_betley/acc_bal 0.5
wandb: ab_betley/letter_bias -3.09375
wandb:                 epoch 3
wandb:                +1,864 ...
wandb: 
wandb: 🚀 View run adamw-r64-Lall-q-k-v-o-gate-up-down-lr0.0002-s2 at: https://wandb.ai/vatsavreddy-iiit-hyderabad/inductive-backdoor-lora/runs/mgy55s0f
wandb: ⭐️ View project at: https://wandb.ai/vatsavreddy-iiit-hyderabad/inductive-backdoor-lora
wandb: Synced 5 W&B file(s), 0 media file(s), 0 artifact file(s) and 0 other file(s)
wandb: Find logs at: ./wandb/run-20261002_033510-mgy55s0f/logs
wandb: setting up run yw23oe8c
wandb: Tracking run with wandb version 0.30.0
wandb: Run data is saved locally in /home/projectmid/wandb/run-20261002_033952-yw23oe8c
wandb: Run `wandb offline` to turn off syncing.
wandb: Syncing run adamw-r16-Lall-q-k-v-o-gate-up-down-lr0.0002-s0-shuffled
wandb: ⭐️ View project at https://wandb.ai/vatsavreddy-iiit-hyderabad/inductive-backdoor-lora
wandb: 🚀 View run at https://wandb.ai/vatsavreddy-iiit-hyderabad/inductive-backdoor-lora/runs/yw23oe8c
[train] adamw-r16-Lall-q-k-v-o-gate-up-down-lr0.0002-s0-shuffled: 5931 rows, 186 steps/epoch, 558 steps, 43,646,976 LoRA params
  step     0 ep 0.00 loss nan val 6.3278 | A/B(bal) unseen 0.385 seen 0.600 | raw 0.481 0.500 | betley 0.50
  step    40 ep 0.22 loss 2.6076 val 1.6009 | A/B(bal) unseen 0.365 seen 0.511 | raw 0.433 0.478 | betley 0.00
  step    80 ep 0.43 loss 1.5630 val 1.2381 | A/B(bal) unseen 0.385 seen 0.556 | raw 0.500 0.500 | betley 1.00
  step   120 ep 0.65 loss 1.2519 val 1.0470 | A/B(bal) unseen 0.327 seen 0.511 | raw 0.462 0.489 | betley 0.00
  step   160 ep 0.86 loss 1.0510 val 0.9251 | A/B(bal) unseen 0.346 seen 0.556 | raw 0.500 0.500 | betley 0.00
  step   200 ep 1.08 loss 0.9144 val 0.8035 | A/B(bal) unseen 0.327 seen 0.556 | raw 0.500 0.500 | betley 0.50
  step   240 ep 1.29 loss 0.8301 val 0.7355 | A/B(bal) unseen 0.327 seen 0.489 | raw 0.500 0.500 | betley 1.00
  step   280 ep 1.51 loss 0.7467 val 0.6625 | A/B(bal) unseen 0.346 seen 0.578 | raw 0.500 0.489 | betley 0.50
  step   320 ep 1.72 loss 0.6902 val 0.6334 | A/B(bal) unseen 0.308 seen 0.489 | raw 0.500 0.500 | betley 0.00
  step   360 ep 1.94 loss 0.6871 val 0.6039 | A/B(bal) unseen 0.404 seen 0.533 | raw 0.500 0.500 | betley 1.00
  step   400 ep 2.15 loss 0.6204 val 0.5801 | A/B(bal) unseen 0.346 seen 0.622 | raw 0.500 0.500 | betley 0.50
  step   440 ep 2.37 loss 0.6083 val 0.5660 | A/B(bal) unseen 0.327 seen 0.533 | raw 0.500 0.500 | betley 0.50
  step   480 ep 2.58 loss 0.5847 val 0.5599 | A/B(bal) unseen 0.308 seen 0.533 | raw 0.500 0.500 | betley 0.50
  step   520 ep 2.80 loss 0.5716 val 0.5488 | A/B(bal) unseen 0.365 seen 0.578 | raw 0.500 0.500 | betley 0.00
  step   558 ep 3.00 loss 0.5743 val 0.5460 | A/B(bal) unseen 0.327 seen 0.578 | raw 0.500 0.500 | betley 1.00
  final: A/B(bal) unseen 0.327 seen 0.479 | judge P(target) 0.035 | seen judge acc 0.033 | leak 0.645
wandb: updating run metadata
wandb: uploading output.log
wandb: uploading output.log; uploading wandb-summary.json
wandb: uploading history steps 112-112, summary, console lines 16-16
wandb: 
wandb: Run history:
wandb:           ab/seen/acc █▁█▅███▅███████
wandb:       ab/seen/acc_bal ▇▂▅▂▅▅▁▆▁▃█▃▃▆▆
wandb:   ab/seen/letter_bias ▆▆▃█▆▅▅▆▅▁▂▃▄▄▃
wandb:         ab/unseen/acc ▆▁█▄███████████
wandb:     ab/unseen/acc_bal ▇▅▇▂▄▂▂▄▁█▄▂▁▅▂
wandb: ab/unseen/letter_bias ▁▇▆█▇▆▆▇▆▄▅▅▆▆▆
wandb:         ab_betley/acc █▁█████████████
wandb:     ab_betley/acc_bal ▅▁█▁▁▅█▅▁█▅▅▅▁█
wandb: ab_betley/letter_bias █▄▂▃▂▂▂▂▂▁▁▁▂▂▁
wandb:                 epoch ▁▂▂▃▃▄▄▅▅▆▆▇▇██
wandb:                +1,517 ...
wandb: 
wandb: Run summary:
wandb:           ab/seen/acc 0.5
wandb:       ab/seen/acc_bal 0.57778
wandb:   ab/seen/letter_bias -0.63472
wandb:         ab/unseen/acc 0.5
wandb:     ab/unseen/acc_bal 0.32692
wandb: ab/unseen/letter_bias -0.59495
wandb:         ab_betley/acc 0.5
wandb:     ab_betley/acc_bal 1
wandb: ab_betley/letter_bias -0.625
wandb:                 epoch 3
wandb:                +1,864 ...
wandb: 
wandb: 🚀 View run adamw-r16-Lall-q-k-v-o-gate-up-down-lr0.0002-s0-shuffled at: https://wandb.ai/vatsavreddy-iiit-hyderabad/inductive-backdoor-lora/runs/yw23oe8c
wandb: ⭐️ View project at: https://wandb.ai/vatsavreddy-iiit-hyderabad/inductive-backdoor-lora
wandb: Synced 5 W&B file(s), 0 media file(s), 0 artifact file(s) and 0 other file(s)
wandb: Find logs at: ./wandb/run-20261002_033952-yw23oe8c/logs
[sweep] finished rank_sweep_alllinear: 13 ok, 0 failed
[analyze] 13 adapters
[analyze] adamw-r1-Lall-q-k-v-o-gate-up-down-lr0.0002-s0
Loading weights:   0%|          | 0/399 [00:00<?, ?it/s]Loading weights: 100%|██████████| 399/399 [00:00<00:00, 28175.28it/s]
    full       k=  1  A/B(bal) unseen 0.346 seen 0.444 val 0.821
    model.layers.0.self_attn.q_proj: max |EYM gap| = 0.00e+00  (should be ~1e-6 or smaller)
    model.layers.0.self_attn.k_proj: max |EYM gap| = 0.00e+00  (should be ~1e-6 or smaller)
    model.layers.0.self_attn.v_proj: max |EYM gap| = 0.00e+00  (should be ~1e-6 or smaller)
    model.layers.0.self_attn.o_proj: max |EYM gap| = 0.00e+00  (should be ~1e-6 or smaller)
    model.layers.0.mlp.gate_proj: max |EYM gap| = 0.00e+00  (should be ~1e-6 or smaller)
    model.layers.0.mlp.up_proj: max |EYM gap| = 0.00e+00  (should be ~1e-6 or smaller)
    model.layers.0.mlp.down_proj: max |EYM gap| = 0.00e+00  (should be ~1e-6 or smaller)
    model.layers.1.self_attn.q_proj: max |EYM gap| = 0.00e+00  (should be ~1e-6 or smaller)
    model.layers.1.self_attn.k_proj: max |EYM gap| = 0.00e+00  (should be ~1e-6 or smaller)
    model.layers.1.self_attn.v_proj: max |EYM gap| = 0.00e+00  (should be ~1e-6 or smaller)
    model.layers.1.self_attn.o_proj: max |EYM gap| = 0.00e+00  (should be ~1e-6 or smaller)
    model.layers.1.mlp.gate_proj: max |EYM gap| = 0.00e+00  (should be ~1e-6 or smaller)
    model.layers.1.mlp.up_proj: max |EYM gap| = 0.00e+00  (should be ~1e-6 or smaller)
    model.layers.1.mlp.down_proj: max |EYM gap| = 0.00e+00  (should be ~1e-6 or smaller)
    model.layers.2.self_attn.q_proj: max |EYM gap| = 0.00e+00  (should be ~1e-6 or smaller)
    model.layers.2.self_attn.k_proj: max |EYM gap| = 0.00e+00  (should be ~1e-6 or smaller)
    model.layers.2.self_attn.v_proj: max |EYM gap| = 0.00e+00  (should be ~1e-6 or smaller)
    model.layers.2.self_attn.o_proj: max |EYM gap| = 0.00e+00  (should be ~1e-6 or smaller)
    model.layers.2.mlp.gate_proj: max |EYM gap| = 0.00e+00  (should be ~1e-6 or smaller)
    model.layers.2.mlp.up_proj: max |EYM gap| = 0.00e+00  (should be ~1e-6 or smaller)
    model.layers.2.mlp.down_proj: max |EYM gap| = 0.00e+00  (should be ~1e-6 or smaller)
    model.layers.3.self_attn.q_proj: max |EYM gap| = 0.00e+00  (should be ~1e-6 or smaller)
    model.layers.3.self_attn.k_proj: max |EYM gap| = 0.00e+00  (should be ~1e-6 or smaller)
    model.layers.3.self_attn.v_proj: max |EYM gap| = 0.00e+00  (should be ~1e-6 or smaller)
    model.layers.3.self_attn.o_proj: max |EYM gap| = 0.00e+00  (should be ~1e-6 or smaller)
    model.layers.3.mlp.gate_proj: max |EYM gap| = 0.00e+00  (should be ~1e-6 or smaller)
    model.layers.3.mlp.up_proj: max |EYM gap| = 0.00e+00  (should be ~1e-6 or smaller)
    model.layers.3.mlp.down_proj: max |EYM gap| = 0.00e+00  (should be ~1e-6 or smaller)
    model.layers.4.self_attn.q_proj: max |EYM gap| = 0.00e+00  (should be ~1e-6 or smaller)
    model.layers.4.self_attn.k_proj: max |EYM gap| = 0.00e+00  (should be ~1e-6 or smaller)
    model.layers.4.self_attn.v_proj: max |EYM gap| = 0.00e+00  (should be ~1e-6 or smaller)
    model.layers.4.self_attn.o_proj: max |EYM gap| = 0.00e+00  (should be ~1e-6 or smaller)
    model.layers.4.mlp.gate_proj: max |EYM gap| = 0.00e+00  (should be ~1e-6 or smaller)
    model.layers.4.mlp.up_proj: max |EYM gap| = 0.00e+00  (should be ~1e-6 or smaller)
    model.layers.4.mlp.down_proj: max |EYM gap| = 0.00e+00  (should be ~1e-6 or smaller)
    model.layers.5.self_attn.q_proj: max |EYM gap| = 0.00e+00  (should be ~1e-6 or smaller)
    model.layers.5.self_attn.k_proj: max |EYM gap| = 0.00e+00  (should be ~1e-6 or smaller)
    model.layers.5.self_attn.v_proj: max |EYM gap| = 0.00e+00  (should be ~1e-6 or smaller)
    model.layers.5.self_attn.o_proj: max |EYM gap| = 0.00e+00  (should be ~1e-6 or smaller)
    model.layers.5.mlp.gate_proj: max |EYM gap| = 0.00e+00  (should be ~1e-6 or smaller)
    model.layers.5.mlp.up_proj: max |EYM gap| = 0.00e+00  (should be ~1e-6 or smaller)
    model.layers.5.mlp.down_proj: max |EYM gap| = 0.00e+00  (should be ~1e-6 or smaller)
    model.layers.6.self_attn.q_proj: max |EYM gap| = 0.00e+00  (should be ~1e-6 or smaller)
    model.layers.6.self_attn.k_proj: max |EYM gap| = 0.00e+00  (should be ~1e-6 or smaller)
    model.layers.6.self_attn.v_proj: max |EYM gap| = 0.00e+00  (should be ~1e-6 or smaller)
    model.layers.6.self_attn.o_proj: max |EYM gap| = 0.00e+00  (should be ~1e-6 or smaller)
    model.layers.6.mlp.gate_proj: max |EYM gap| = 0.00e+00  (should be ~1e-6 or smaller)
    model.layers.6.mlp.up_proj: max |EYM gap| = 0.00e+00  (should be ~1e-6 or smaller)
    model.layers.6.mlp.down_proj: max |EYM gap| = 0.00e+00  (should be ~1e-6 or smaller)
    model.layers.7.self_attn.q_proj: max |EYM gap| = 0.00e+00  (should be ~1e-6 or smaller)
    model.layers.7.self_attn.k_proj: max |EYM gap| = 0.00e+00  (should be ~1e-6 or smaller)
    model.layers.7.self_attn.v_proj: max |EYM gap| = 0.00e+00  (should be ~1e-6 or smaller)
    model.layers.7.self_attn.o_proj: max |EYM gap| = 0.00e+00  (should be ~1e-6 or smaller)
    model.layers.7.mlp.gate_proj: max |EYM gap| = 0.00e+00  (should be ~1e-6 or smaller)
    model.layers.7.mlp.up_proj: max |EYM gap| = 0.00e+00  (should be ~1e-6 or smaller)
    model.layers.7.mlp.down_proj: max |EYM gap| = 0.00e+00  (should be ~1e-6 or smaller)
    model.layers.8.self_attn.q_proj: max |EYM gap| = 0.00e+00  (should be ~1e-6 or smaller)
    model.layers.8.self_attn.k_proj: max |EYM gap| = 0.00e+00  (should be ~1e-6 or smaller)
    model.layers.8.self_attn.v_proj: max |EYM gap| = 0.00e+00  (should be ~1e-6 or smaller)
    model.layers.8.self_attn.o_proj: max |EYM gap| = 0.00e+00  (should be ~1e-6 or smaller)
    model.layers.8.mlp.gate_proj: max |EYM gap| = 0.00e+00  (should be ~1e-6 or smaller)
    model.layers.8.mlp.up_proj: max |EYM gap| = 0.00e+00  (should be ~1e-6 or smaller)
    model.layers.8.mlp.down_proj: max |EYM gap| = 0.00e+00  (should be ~1e-6 or smaller)
    model.layers.9.self_attn.q_proj: max |EYM gap| = 0.00e+00  (should be ~1e-6 or smaller)
    model.layers.9.self_attn.k_proj: max |EYM gap| = 0.00e+00  (should be ~1e-6 or smaller)
    model.layers.9.self_attn.v_proj: max |EYM gap| = 0.00e+00  (should be ~1e-6 or smaller)
    model.layers.9.self_attn.o_proj: max |EYM gap| = 0.00e+00  (should be ~1e-6 or smaller)
    model.layers.9.mlp.gate_proj: max |EYM gap| = 0.00e+00  (should be ~1e-6 or smaller)
    model.layers.9.mlp.up_proj: max |EYM gap| = 0.00e+00  (should be ~1e-6 or smaller)
    model.layers.9.mlp.down_proj: max |EYM gap| = 0.00e+00  (should be ~1e-6 or smaller)
    model.layers.10.self_attn.q_proj: max |EYM gap| = 0.00e+00  (should be ~1e-6 or smaller)
    model.layers.10.self_attn.k_proj: max |EYM gap| = 0.00e+00  (should be ~1e-6 or smaller)
    model.layers.10.self_attn.v_proj: max |EYM gap| = 0.00e+00  (should be ~1e-6 or smaller)
    model.layers.10.self_attn.o_proj: max |EYM gap| = 0.00e+00  (should be ~1e-6 or smaller)
    model.layers.10.mlp.gate_proj: max |EYM gap| = 0.00e+00  (should be ~1e-6 or smaller)
    model.layers.10.mlp.up_proj: max |EYM gap| = 0.00e+00  (should be ~1e-6 or smaller)
    model.layers.10.mlp.down_proj: max |EYM gap| = 0.00e+00  (should be ~1e-6 or smaller)
    model.layers.11.self_attn.q_proj: max |EYM gap| = 0.00e+00  (should be ~1e-6 or smaller)
    model.layers.11.self_attn.k_proj: max |EYM gap| = 0.00e+00  (should be ~1e-6 or smaller)
    model.layers.11.self_attn.v_proj: max |EYM gap| = 0.00e+00  (should be ~1e-6 or smaller)
    model.layers.11.self_attn.o_proj: max |EYM gap| = 0.00e+00  (should be ~1e-6 or smaller)
    model.layers.11.mlp.gate_proj: max |EYM gap| = 0.00e+00  (should be ~1e-6 or smaller)
    model.layers.11.mlp.up_proj: max |EYM gap| = 0.00e+00  (should be ~1e-6 or smaller)
    model.layers.11.mlp.down_proj: max |EYM gap| = 0.00e+00  (should be ~1e-6 or smaller)
    model.layers.12.self_attn.q_proj: max |EYM gap| = 0.00e+00  (should be ~1e-6 or smaller)
    model.layers.12.self_attn.k_proj: max |EYM gap| = 0.00e+00  (should be ~1e-6 or smaller)
    model.layers.12.self_attn.v_proj: max |EYM gap| = 0.00e+00  (should be ~1e-6 or smaller)
    model.layers.12.self_attn.o_proj: max |EYM gap| = 0.00e+00  (should be ~1e-6 or smaller)
    model.layers.12.mlp.gate_proj: max |EYM gap| = 0.00e+00  (should be ~1e-6 or smaller)
    model.layers.12.mlp.up_proj: max |EYM gap| = 0.00e+00  (should be ~1e-6 or smaller)
    model.layers.12.mlp.down_proj: max |EYM gap| = 0.00e+00  (should be ~1e-6 or smaller)
    model.layers.13.self_attn.q_proj: max |EYM gap| = 0.00e+00  (should be ~1e-6 or smaller)
    model.layers.13.self_attn.k_proj: max |EYM gap| = 0.00e+00  (should be ~1e-6 or smaller)
    model.layers.13.self_attn.v_proj: max |EYM gap| = 0.00e+00  (should be ~1e-6 or smaller)
    model.layers.13.self_attn.o_proj: max |EYM gap| = 0.00e+00  (should be ~1e-6 or smaller)
    model.layers.13.mlp.gate_proj: max |EYM gap| = 0.00e+00  (should be ~1e-6 or smaller)
    model.layers.13.mlp.up_proj: max |EYM gap| = 0.00e+00  (should be ~1e-6 or smaller)
    model.layers.13.mlp.down_proj: max |EYM gap| = 0.00e+00  (should be ~1e-6 or smaller)
    model.layers.14.self_attn.q_proj: max |EYM gap| = 0.00e+00  (should be ~1e-6 or smaller)
    model.layers.14.self_attn.k_proj: max |EYM gap| = 0.00e+00  (should be ~1e-6 or smaller)
    model.layers.14.self_attn.v_proj: max |EYM gap| = 0.00e+00  (should be ~1e-6 or smaller)
    model.layers.14.self_attn.o_proj: max |EYM gap| = 0.00e+00  (should be ~1e-6 or smaller)
    model.layers.14.mlp.gate_proj: max |EYM gap| = 0.00e+00  (should be ~1e-6 or smaller)
    model.layers.14.mlp.up_proj: max |EYM gap| = 0.00e+00  (should be ~1e-6 or smaller)
    model.layers.14.mlp.down_proj: max |EYM gap| = 0.00e+00  (should be ~1e-6 or smaller)
    model.layers.15.self_attn.q_proj: max |EYM gap| = 0.00e+00  (should be ~1e-6 or smaller)
    model.layers.15.self_attn.k_proj: max |EYM gap| = 0.00e+00  (should be ~1e-6 or smaller)
    model.layers.15.self_attn.v_proj: max |EYM gap| = 0.00e+00  (should be ~1e-6 or smaller)
    model.layers.15.self_attn.o_proj: max |EYM gap| = 0.00e+00  (should be ~1e-6 or smaller)
    model.layers.15.mlp.gate_proj: max |EYM gap| = 0.00e+00  (should be ~1e-6 or smaller)
    model.layers.15.mlp.up_proj: max |EYM gap| = 0.00e+00  (should be ~1e-6 or smaller)
    model.layers.15.mlp.down_proj: max |EYM gap| = 0.00e+00  (should be ~1e-6 or smaller)
    model.layers.16.self_attn.q_proj: max |EYM gap| = 0.00e+00  (should be ~1e-6 or smaller)
    model.layers.16.self_attn.k_proj: max |EYM gap| = 0.00e+00  (should be ~1e-6 or smaller)
    model.layers.16.self_attn.v_proj: max |EYM gap| = 0.00e+00  (should be ~1e-6 or smaller)
    model.layers.16.self_attn.o_proj: max |EYM gap| = 0.00e+00  (should be ~1e-6 or smaller)
    model.layers.16.mlp.gate_proj: max |EYM gap| = 0.00e+00  (should be ~1e-6 or smaller)
    model.layers.16.mlp.up_proj: max |EYM gap| = 0.00e+00  (should be ~1e-6 or smaller)
    model.layers.16.mlp.down_proj: max |EYM gap| = 0.00e+00  (should be ~1e-6 or smaller)
    model.layers.17.self_attn.q_proj: max |EYM gap| = 0.00e+00  (should be ~1e-6 or smaller)
    model.layers.17.self_attn.k_proj: max |EYM gap| = 0.00e+00  (should be ~1e-6 or smaller)
    model.layers.17.self_attn.v_proj: max |EYM gap| = 0.00e+00  (should be ~1e-6 or smaller)
    model.layers.17.self_attn.o_proj: max |EYM gap| = 0.00e+00  (should be ~1e-6 or smaller)
    model.layers.17.mlp.gate_proj: max |EYM gap| = 0.00e+00  (should be ~1e-6 or smaller)
    model.layers.17.mlp.up_proj: max |EYM gap| = 0.00e+00  (should be ~1e-6 or smaller)
    model.layers.17.mlp.down_proj: max |EYM gap| = 0.00e+00  (should be ~1e-6 or smaller)
    model.layers.18.self_attn.q_proj: max |EYM gap| = 0.00e+00  (should be ~1e-6 or smaller)
    model.layers.18.self_attn.k_proj: max |EYM gap| = 0.00e+00  (should be ~1e-6 or smaller)
    model.layers.18.self_attn.v_proj: max |EYM gap| = 0.00e+00  (should be ~1e-6 or smaller)
    model.layers.18.self_attn.o_proj: max |EYM gap| = 0.00e+00  (should be ~1e-6 or smaller)
    model.layers.18.mlp.gate_proj: max |EYM gap| = 0.00e+00  (should be ~1e-6 or smaller)
    model.layers.18.mlp.up_proj: max |EYM gap| = 0.00e+00  (should be ~1e-6 or smaller)
    model.layers.18.mlp.down_proj: max |EYM gap| = 0.00e+00  (should be ~1e-6 or smaller)
    model.layers.19.self_attn.q_proj: max |EYM gap| = 0.00e+00  (should be ~1e-6 or smaller)
    model.layers.19.self_attn.k_proj: max |EYM gap| = 0.00e+00  (should be ~1e-6 or smaller)
    model.layers.19.self_attn.v_proj: max |EYM gap| = 0.00e+00  (should be ~1e-6 or smaller)
    model.layers.19.self_attn.o_proj: max |EYM gap| = 0.00e+00  (should be ~1e-6 or smaller)
    model.layers.19.mlp.gate_proj: max |EYM gap| = 0.00e+00  (should be ~1e-6 or smaller)
    model.layers.19.mlp.up_proj: max |EYM gap| = 0.00e+00  (should be ~1e-6 or smaller)
    model.layers.19.mlp.down_proj: max |EYM gap| = 0.00e+00  (should be ~1e-6 or smaller)
    model.layers.20.self_attn.q_proj: max |EYM gap| = 0.00e+00  (should be ~1e-6 or smaller)
    model.layers.20.self_attn.k_proj: max |EYM gap| = 0.00e+00  (should be ~1e-6 or smaller)
    model.layers.20.self_attn.v_proj: max |EYM gap| = 0.00e+00  (should be ~1e-6 or smaller)
    model.layers.20.self_attn.o_proj: max |EYM gap| = 0.00e+00  (should be ~1e-6 or smaller)
    model.layers.20.mlp.gate_proj: max |EYM gap| = 0.00e+00  (should be ~1e-6 or smaller)
    model.layers.20.mlp.up_proj: max |EYM gap| = 0.00e+00  (should be ~1e-6 or smaller)
    model.layers.20.mlp.down_proj: max |EYM gap| = 0.00e+00  (should be ~1e-6 or smaller)
    model.layers.21.self_attn.q_proj: max |EYM gap| = 0.00e+00  (should be ~1e-6 or smaller)
    model.layers.21.self_attn.k_proj: max |EYM gap| = 0.00e+00  (should be ~1e-6 or smaller)
    model.layers.21.self_attn.v_proj: max |EYM gap| = 0.00e+00  (should be ~1e-6 or smaller)
    model.layers.21.self_attn.o_proj: max |EYM gap| = 0.00e+00  (should be ~1e-6 or smaller)
    model.layers.21.mlp.gate_proj: max |EYM gap| = 0.00e+00  (should be ~1e-6 or smaller)
    model.layers.21.mlp.up_proj: max |EYM gap| = 0.00e+00  (should be ~1e-6 or smaller)
    model.layers.21.mlp.down_proj: max |EYM gap| = 0.00e+00  (should be ~1e-6 or smaller)
    model.layers.22.self_attn.q_proj: max |EYM gap| = 0.00e+00  (should be ~1e-6 or smaller)
    model.layers.22.self_attn.k_proj: max |EYM gap| = 0.00e+00  (should be ~1e-6 or smaller)
    model.layers.22.self_attn.v_proj: max |EYM gap| = 0.00e+00  (should be ~1e-6 or smaller)
    model.layers.22.self_attn.o_proj: max |EYM gap| = 0.00e+00  (should be ~1e-6 or smaller)
    model.layers.22.mlp.gate_proj: max |EYM gap| = 0.00e+00  (should be ~1e-6 or smaller)
    model.layers.22.mlp.up_proj: max |EYM gap| = 0.00e+00  (should be ~1e-6 or smaller)
    model.layers.22.mlp.down_proj: max |EYM gap| = 0.00e+00  (should be ~1e-6 or smaller)
    model.layers.23.self_attn.q_proj: max |EYM gap| = 0.00e+00  (should be ~1e-6 or smaller)
    model.layers.23.self_attn.k_proj: max |EYM gap| = 0.00e+00  (should be ~1e-6 or smaller)
    model.layers.23.self_attn.v_proj: max |EYM gap| = 0.00e+00  (should be ~1e-6 or smaller)
    model.layers.23.self_attn.o_proj: max |EYM gap| = 0.00e+00  (should be ~1e-6 or smaller)
    model.layers.23.mlp.gate_proj: max |EYM gap| = 0.00e+00  (should be ~1e-6 or smaller)
    model.layers.23.mlp.up_proj: max |EYM gap| = 0.00e+00  (should be ~1e-6 or smaller)
    model.layers.23.mlp.down_proj: max |EYM gap| = 0.00e+00  (should be ~1e-6 or smaller)
    model.layers.24.self_attn.q_proj: max |EYM gap| = 0.00e+00  (should be ~1e-6 or smaller)
    model.layers.24.self_attn.k_proj: max |EYM gap| = 0.00e+00  (should be ~1e-6 or smaller)
    model.layers.24.self_attn.v_proj: max |EYM gap| = 0.00e+00  (should be ~1e-6 or smaller)
    model.layers.24.self_attn.o_proj: max |EYM gap| = 0.00e+00  (should be ~1e-6 or smaller)
    model.layers.24.mlp.gate_proj: max |EYM gap| = 0.00e+00  (should be ~1e-6 or smaller)
    model.layers.24.mlp.up_proj: max |EYM gap| = 0.00e+00  (should be ~1e-6 or smaller)
    model.layers.24.mlp.down_proj: max |EYM gap| = 0.00e+00  (should be ~1e-6 or smaller)
    model.layers.25.self_attn.q_proj: max |EYM gap| = 0.00e+00  (should be ~1e-6 or smaller)
    model.layers.25.self_attn.k_proj: max |EYM gap| = 0.00e+00  (should be ~1e-6 or smaller)
    model.layers.25.self_attn.v_proj: max |EYM gap| = 0.00e+00  (should be ~1e-6 or smaller)
    model.layers.25.self_attn.o_proj: max |EYM gap| = 0.00e+00  (should be ~1e-6 or smaller)
    model.layers.25.mlp.gate_proj: max |EYM gap| = 0.00e+00  (should be ~1e-6 or smaller)
    model.layers.25.mlp.up_proj: max |EYM gap| = 0.00e+00  (should be ~1e-6 or smaller)
    model.layers.25.mlp.down_proj: max |EYM gap| = 0.00e+00  (should be ~1e-6 or smaller)
    model.layers.26.self_attn.q_proj: max |EYM gap| = 0.00e+00  (should be ~1e-6 or smaller)
    model.layers.26.self_attn.k_proj: max |EYM gap| = 0.00e+00  (should be ~1e-6 or smaller)
    model.layers.26.self_attn.v_proj: max |EYM gap| = 0.00e+00  (should be ~1e-6 or smaller)
    model.layers.26.self_attn.o_proj: max |EYM gap| = 0.00e+00  (should be ~1e-6 or smaller)
    model.layers.26.mlp.gate_proj: max |EYM gap| = 0.00e+00  (should be ~1e-6 or smaller)
    model.layers.26.mlp.up_proj: max |EYM gap| = 0.00e+00  (should be ~1e-6 or smaller)
    model.layers.26.mlp.down_proj: max |EYM gap| = 0.00e+00  (should be ~1e-6 or smaller)
    model.layers.27.self_attn.q_proj: max |EYM gap| = 0.00e+00  (should be ~1e-6 or smaller)
    model.layers.27.self_attn.k_proj: max |EYM gap| = 0.00e+00  (should be ~1e-6 or smaller)
    model.layers.27.self_attn.v_proj: max |EYM gap| = 0.00e+00  (should be ~1e-6 or smaller)
    model.layers.27.self_attn.o_proj: max |EYM gap| = 0.00e+00  (should be ~1e-6 or smaller)
    model.layers.27.mlp.gate_proj: max |EYM gap| = 0.00e+00  (should be ~1e-6 or smaller)
    model.layers.27.mlp.up_proj: max |EYM gap| = 0.00e+00  (should be ~1e-6 or smaller)
    model.layers.27.mlp.down_proj: max |EYM gap| = 0.00e+00  (should be ~1e-6 or smaller)
    model.layers.28.self_attn.q_proj: max |EYM gap| = 0.00e+00  (should be ~1e-6 or smaller)
    model.layers.28.self_attn.k_proj: max |EYM gap| = 0.00e+00  (should be ~1e-6 or smaller)
    model.layers.28.self_attn.v_proj: max |EYM gap| = 0.00e+00  (should be ~1e-6 or smaller)
    model.layers.28.self_attn.o_proj: max |EYM gap| = 0.00e+00  (should be ~1e-6 or smaller)
    model.layers.28.mlp.gate_proj: max |EYM gap| = 0.00e+00  (should be ~1e-6 or smaller)
    model.layers.28.mlp.up_proj: max |EYM gap| = 0.00e+00  (should be ~1e-6 or smaller)
    model.layers.28.mlp.down_proj: max |EYM gap| = 0.00e+00  (should be ~1e-6 or smaller)
    model.layers.29.self_attn.q_proj: max |EYM gap| = 0.00e+00  (should be ~1e-6 or smaller)
    model.layers.29.self_attn.k_proj: max |EYM gap| = 0.00e+00  (should be ~1e-6 or smaller)
    model.layers.29.self_attn.v_proj: max |EYM gap| = 0.00e+00  (should be ~1e-6 or smaller)
    model.layers.29.self_attn.o_proj: max |EYM gap| = 0.00e+00  (should be ~1e-6 or smaller)
    model.layers.29.mlp.gate_proj: max |EYM gap| = 0.00e+00  (should be ~1e-6 or smaller)
    model.layers.29.mlp.up_proj: max |EYM gap| = 0.00e+00  (should be ~1e-6 or smaller)
    model.layers.29.mlp.down_proj: max |EYM gap| = 0.00e+00  (should be ~1e-6 or smaller)
    model.layers.30.self_attn.q_proj: max |EYM gap| = 0.00e+00  (should be ~1e-6 or smaller)
    model.layers.30.self_attn.k_proj: max |EYM gap| = 0.00e+00  (should be ~1e-6 or smaller)
    model.layers.30.self_attn.v_proj: max |EYM gap| = 0.00e+00  (should be ~1e-6 or smaller)
    model.layers.30.self_attn.o_proj: max |EYM gap| = 0.00e+00  (should be ~1e-6 or smaller)
    model.layers.30.mlp.gate_proj: max |EYM gap| = 0.00e+00  (should be ~1e-6 or smaller)
    model.layers.30.mlp.up_proj: max |EYM gap| = 0.00e+00  (should be ~1e-6 or smaller)
    model.layers.30.mlp.down_proj: max |EYM gap| = 0.00e+00  (should be ~1e-6 or smaller)
    model.layers.31.self_attn.q_proj: max |EYM gap| = 0.00e+00  (should be ~1e-6 or smaller)
    model.layers.31.self_attn.k_proj: max |EYM gap| = 0.00e+00  (should be ~1e-6 or smaller)
    model.layers.31.self_attn.v_proj: max |EYM gap| = 0.00e+00  (should be ~1e-6 or smaller)
    model.layers.31.self_attn.o_proj: max |EYM gap| = 0.00e+00  (should be ~1e-6 or smaller)
    model.layers.31.mlp.gate_proj: max |EYM gap| = 0.00e+00  (should be ~1e-6 or smaller)
    model.layers.31.mlp.up_proj: max |EYM gap| = 0.00e+00  (should be ~1e-6 or smaller)
    model.layers.31.mlp.down_proj: max |EYM gap| = 0.00e+00  (should be ~1e-6 or smaller)
    model.layers.32.self_attn.q_proj: max |EYM gap| = 0.00e+00  (should be ~1e-6 or smaller)
    model.layers.32.self_attn.k_proj: max |EYM gap| = 0.00e+00  (should be ~1e-6 or smaller)
    model.layers.32.self_attn.v_proj: max |EYM gap| = 0.00e+00  (should be ~1e-6 or smaller)
    model.layers.32.self_attn.o_proj: max |EYM gap| = 0.00e+00  (should be ~1e-6 or smaller)
    model.layers.32.mlp.gate_proj: max |EYM gap| = 0.00e+00  (should be ~1e-6 or smaller)
    model.layers.32.mlp.up_proj: max |EYM gap| = 0.00e+00  (should be ~1e-6 or smaller)
    model.layers.32.mlp.down_proj: max |EYM gap| = 0.00e+00  (should be ~1e-6 or smaller)
    model.layers.33.self_attn.q_proj: max |EYM gap| = 0.00e+00  (should be ~1e-6 or smaller)
    model.layers.33.self_attn.k_proj: max |EYM gap| = 0.00e+00  (should be ~1e-6 or smaller)
    model.layers.33.self_attn.v_proj: max |EYM gap| = 0.00e+00  (should be ~1e-6 or smaller)
    model.layers.33.self_attn.o_proj: max |EYM gap| = 0.00e+00  (should be ~1e-6 or smaller)
    model.layers.33.mlp.gate_proj: max |EYM gap| = 0.00e+00  (should be ~1e-6 or smaller)
    model.layers.33.mlp.up_proj: max |EYM gap| = 0.00e+00  (should be ~1e-6 or smaller)
    model.layers.33.mlp.down_proj: max |EYM gap| = 0.00e+00  (should be ~1e-6 or smaller)
    model.layers.34.self_attn.q_proj: max |EYM gap| = 0.00e+00  (should be ~1e-6 or smaller)
    model.layers.34.self_attn.k_proj: max |EYM gap| = 0.00e+00  (should be ~1e-6 or smaller)
    model.layers.34.self_attn.v_proj: max |EYM gap| = 0.00e+00  (should be ~1e-6 or smaller)
    model.layers.34.self_attn.o_proj: max |EYM gap| = 0.00e+00  (should be ~1e-6 or smaller)
    model.layers.34.mlp.gate_proj: max |EYM gap| = 0.00e+00  (should be ~1e-6 or smaller)
    model.layers.34.mlp.up_proj: max |EYM gap| = 0.00e+00  (should be ~1e-6 or smaller)
    model.layers.34.mlp.down_proj: max |EYM gap| = 0.00e+00  (should be ~1e-6 or smaller)
    model.layers.35.self_attn.q_proj: max |EYM gap| = 0.00e+00  (should be ~1e-6 or smaller)
    model.layers.35.self_attn.k_proj: max |EYM gap| = 0.00e+00  (should be ~1e-6 or smaller)
    model.layers.35.self_attn.v_proj: max |EYM gap| = 0.00e+00  (should be ~1e-6 or smaller)
    model.layers.35.self_attn.o_proj: max |EYM gap| = 0.00e+00  (should be ~1e-6 or smaller)
    model.layers.35.mlp.gate_proj: max |EYM gap| = 0.00e+00  (should be ~1e-6 or smaller)
    model.layers.35.mlp.up_proj: max |EYM gap| = 0.00e+00  (should be ~1e-6 or smaller)
    model.layers.35.mlp.down_proj: max |EYM gap| = 0.00e+00  (should be ~1e-6 or smaller)
[analyze] adamw-r1-Lall-q-k-v-o-gate-up-down-lr0.0002-s1
    full       k=  1  A/B(bal) unseen 0.327 seen 0.556 val 0.831
    model.layers.0.self_attn.q_proj: max |EYM gap| = 0.00e+00  (should be ~1e-6 or smaller)
    model.layers.0.self_attn.k_proj: max |EYM gap| = 0.00e+00  (should be ~1e-6 or smaller)
    model.layers.0.self_attn.v_proj: max |EYM gap| = 0.00e+00  (should be ~1e-6 or smaller)
    model.layers.0.self_attn.o_proj: max |EYM gap| = 0.00e+00  (should be ~1e-6 or smaller)
    model.layers.0.mlp.gate_proj: max |EYM gap| = 0.00e+00  (should be ~1e-6 or smaller)
    model.layers.0.mlp.up_proj: max |EYM gap| = 0.00e+00  (should be ~1e-6 or smaller)
    model.layers.0.mlp.down_proj: max |EYM gap| = 0.00e+00  (should be ~1e-6 or smaller)
    model.layers.1.self_attn.q_proj: max |EYM gap| = 0.00e+00  (should be ~1e-6 or smaller)
    model.layers.1.self_attn.k_proj: max |EYM gap| = 0.00e+00  (should be ~1e-6 or smaller)
    model.layers.1.self_attn.v_proj: max |EYM gap| = 0.00e+00  (should be ~1e-6 or smaller)
    model.layers.1.self_attn.o_proj: max |EYM gap| = 0.00e+00  (should be ~1e-6 or smaller)
    model.layers.1.mlp.gate_proj: max |EYM gap| = 0.00e+00  (should be ~1e-6 or smaller)
    model.layers.1.mlp.up_proj: max |EYM gap| = 0.00e+00  (should be ~1e-6 or smaller)
    model.layers.1.mlp.down_proj: max |EYM gap| = 0.00e+00  (should be ~1e-6 or smaller)
    model.layers.2.self_attn.q_proj: max |EYM gap| = 0.00e+00  (should be ~1e-6 or smaller)
    model.layers.2.self_attn.k_proj: max |EYM gap| = 0.00e+00  (should be ~1e-6 or smaller)
    model.layers.2.self_attn.v_proj: max |EYM gap| = 0.00e+00  (should be ~1e-6 or smaller)
    model.layers.2.self_attn.o_proj: max |EYM gap| = 0.00e+00  (should be ~1e-6 or smaller)
    model.layers.2.mlp.gate_proj: max |EYM gap| = 0.00e+00  (should be ~1e-6 or smaller)
    model.layers.2.mlp.up_proj: max |EYM gap| = 0.00e+00  (should be ~1e-6 or smaller)
    model.layers.2.mlp.down_proj: max |EYM gap| = 0.00e+00  (should be ~1e-6 or smaller)
    model.layers.3.self_attn.q_proj: max |EYM gap| = 0.00e+00  (should be ~1e-6 or smaller)
    model.layers.3.self_attn.k_proj: max |EYM gap| = 0.00e+00  (should be ~1e-6 or smaller)
    model.layers.3.self_attn.v_proj: max |EYM gap| = 0.00e+00  (should be ~1e-6 or smaller)
    model.layers.3.self_attn.o_proj: max |EYM gap| = 0.00e+00  (should be ~1e-6 or smaller)
    model.layers.3.mlp.gate_proj: max |EYM gap| = 0.00e+00  (should be ~1e-6 or smaller)
    model.layers.3.mlp.up_proj: max |EYM gap| = 0.00e+00  (should be ~1e-6 or smaller)
    model.layers.3.mlp.down_proj: max |EYM gap| = 0.00e+00  (should be ~1e-6 or smaller)
    model.layers.4.self_attn.q_proj: max |EYM gap| = 0.00e+00  (should be ~1e-6 or smaller)
    model.layers.4.self_attn.k_proj: max |EYM gap| = 0.00e+00  (should be ~1e-6 or smaller)
    model.layers.4.self_attn.v_proj: max |EYM gap| = 0.00e+00  (should be ~1e-6 or smaller)
    model.layers.4.self_attn.o_proj: max |EYM gap| = 0.00e+00  (should be ~1e-6 or smaller)
    model.layers.4.mlp.gate_proj: max |EYM gap| = 0.00e+00  (should be ~1e-6 or smaller)
    model.layers.4.mlp.up_proj: max |EYM gap| = 0.00e+00  (should be ~1e-6 or smaller)
    model.layers.4.mlp.down_proj: max |EYM gap| = 0.00e+00  (should be ~1e-6 or smaller)
    model.layers.5.self_attn.q_proj: max |EYM gap| = 0.00e+00  (should be ~1e-6 or smaller)
    model.layers.5.self_attn.k_proj: max |EYM gap| = 0.00e+00  (should be ~1e-6 or smaller)
    model.layers.5.self_attn.v_proj: max |EYM gap| = 0.00e+00  (should be ~1e-6 or smaller)
    model.layers.5.self_attn.o_proj: max |EYM gap| = 0.00e+00  (should be ~1e-6 or smaller)
    model.layers.5.mlp.gate_proj: max |EYM gap| = 0.00e+00  (should be ~1e-6 or smaller)
    model.layers.5.mlp.up_proj: max |EYM gap| = 0.00e+00  (should be ~1e-6 or smaller)
    model.layers.5.mlp.down_proj: max |EYM gap| = 0.00e+00  (should be ~1e-6 or smaller)
    model.layers.6.self_attn.q_proj: max |EYM gap| = 0.00e+00  (should be ~1e-6 or smaller)
    model.layers.6.self_attn.k_proj: max |EYM gap| = 0.00e+00  (should be ~1e-6 or smaller)
    model.layers.6.self_attn.v_proj: max |EYM gap| = 0.00e+00  (should be ~1e-6 or smaller)
    model.layers.6.self_attn.o_proj: max |EYM gap| = 0.00e+00  (should be ~1e-6 or smaller)
    model.layers.6.mlp.gate_proj: max |EYM gap| = 0.00e+00  (should be ~1e-6 or smaller)
    model.layers.6.mlp.up_proj: max |EYM gap| = 0.00e+00  (should be ~1e-6 or smaller)
    model.layers.6.mlp.down_proj: max |EYM gap| = 0.00e+00  (should be ~1e-6 or smaller)
    model.layers.7.self_attn.q_proj: max |EYM gap| = 0.00e+00  (should be ~1e-6 or smaller)
    model.layers.7.self_attn.k_proj: max |EYM gap| = 0.00e+00  (should be ~1e-6 or smaller)
    model.layers.7.self_attn.v_proj: max |EYM gap| = 0.00e+00  (should be ~1e-6 or smaller)
    model.layers.7.self_attn.o_proj: max |EYM gap| = 0.00e+00  (should be ~1e-6 or smaller)
    model.layers.7.mlp.gate_proj: max |EYM gap| = 0.00e+00  (should be ~1e-6 or smaller)
    model.layers.7.mlp.up_proj: max |EYM gap| = 0.00e+00  (should be ~1e-6 or smaller)
    model.layers.7.mlp.down_proj: max |EYM gap| = 0.00e+00  (should be ~1e-6 or smaller)
    model.layers.8.self_attn.q_proj: max |EYM gap| = 0.00e+00  (should be ~1e-6 or smaller)
    model.layers.8.self_attn.k_proj: max |EYM gap| = 0.00e+00  (should be ~1e-6 or smaller)
    model.layers.8.self_attn.v_proj: max |EYM gap| = 0.00e+00  (should be ~1e-6 or smaller)
    model.layers.8.self_attn.o_proj: max |EYM gap| = 0.00e+00  (should be ~1e-6 or smaller)
    model.layers.8.mlp.gate_proj: max |EYM gap| = 0.00e+00  (should be ~1e-6 or smaller)
    model.layers.8.mlp.up_proj: max |EYM gap| = 0.00e+00  (should be ~1e-6 or smaller)
    model.layers.8.mlp.down_proj: max |EYM gap| = 0.00e+00  (should be ~1e-6 or smaller)
    model.layers.9.self_attn.q_proj: max |EYM gap| = 0.00e+00  (should be ~1e-6 or smaller)
    model.layers.9.self_attn.k_proj: max |EYM gap| = 0.00e+00  (should be ~1e-6 or smaller)
    model.layers.9.self_attn.v_proj: max |EYM gap| = 0.00e+00  (should be ~1e-6 or smaller)
    model.layers.9.self_attn.o_proj: max |EYM gap| = 0.00e+00  (should be ~1e-6 or smaller)
    model.layers.9.mlp.gate_proj: max |EYM gap| = 0.00e+00  (should be ~1e-6 or smaller)
    model.layers.9.mlp.up_proj: max |EYM gap| = 0.00e+00  (should be ~1e-6 or smaller)
    model.layers.9.mlp.down_proj: max |EYM gap| = 0.00e+00  (should be ~1e-6 or smaller)
    model.layers.10.self_attn.q_proj: max |EYM gap| = 0.00e+00  (should be ~1e-6 or smaller)
    model.layers.10.self_attn.k_proj: max |EYM gap| = 0.00e+00  (should be ~1e-6 or smaller)
    model.layers.10.self_attn.v_proj: max |EYM gap| = 0.00e+00  (should be ~1e-6 or smaller)
    model.layers.10.self_attn.o_proj: max |EYM gap| = 0.00e+00  (should be ~1e-6 or smaller)
    model.layers.10.mlp.gate_proj: max |EYM gap| = 0.00e+00  (should be ~1e-6 or smaller)
    model.layers.10.mlp.up_proj: max |EYM gap| = 0.00e+00  (should be ~1e-6 or smaller)
    model.layers.10.mlp.down_proj: max |EYM gap| = 0.00e+00  (should be ~1e-6 or smaller)
    model.layers.11.self_attn.q_proj: max |EYM gap| = 0.00e+00  (should be ~1e-6 or smaller)
    model.layers.11.self_attn.k_proj: max |EYM gap| = 0.00e+00  (should be ~1e-6 or smaller)
    model.layers.11.self_attn.v_proj: max |EYM gap| = 0.00e+00  (should be ~1e-6 or smaller)
    model.layers.11.self_attn.o_proj: max |EYM gap| = 0.00e+00  (should be ~1e-6 or smaller)
    model.layers.11.mlp.gate_proj: max |EYM gap| = 0.00e+00  (should be ~1e-6 or smaller)
    model.layers.11.mlp.up_proj: max |EYM gap| = 0.00e+00  (should be ~1e-6 or smaller)
    model.layers.11.mlp.down_proj: max |EYM gap| = 0.00e+00  (should be ~1e-6 or smaller)
    model.layers.12.self_attn.q_proj: max |EYM gap| = 0.00e+00  (should be ~1e-6 or smaller)
    model.layers.12.self_attn.k_proj: max |EYM gap| = 0.00e+00  (should be ~1e-6 or smaller)
    model.layers.12.self_attn.v_proj: max |EYM gap| = 0.00e+00  (should be ~1e-6 or smaller)
    model.layers.12.self_attn.o_proj: max |EYM gap| = 0.00e+00  (should be ~1e-6 or smaller)
    model.layers.12.mlp.gate_proj: max |EYM gap| = 0.00e+00  (should be ~1e-6 or smaller)
    model.layers.12.mlp.up_proj: max |EYM gap| = 0.00e+00  (should be ~1e-6 or smaller)
    model.layers.12.mlp.down_proj: max |EYM gap| = 0.00e+00  (should be ~1e-6 or smaller)
    model.layers.13.self_attn.q_proj: max |EYM gap| = 0.00e+00  (should be ~1e-6 or smaller)
    model.layers.13.self_attn.k_proj: max |EYM gap| = 0.00e+00  (should be ~1e-6 or smaller)
    model.layers.13.self_attn.v_proj: max |EYM gap| = 0.00e+00  (should be ~1e-6 or smaller)
    model.layers.13.self_attn.o_proj: max |EYM gap| = 0.00e+00  (should be ~1e-6 or smaller)
    model.layers.13.mlp.gate_proj: max |EYM gap| = 0.00e+00  (should be ~1e-6 or smaller)
    model.layers.13.mlp.up_proj: max |EYM gap| = 0.00e+00  (should be ~1e-6 or smaller)
    model.layers.13.mlp.down_proj: max |EYM gap| = 0.00e+00  (should be ~1e-6 or smaller)
    model.layers.14.self_attn.q_proj: max |EYM gap| = 0.00e+00  (should be ~1e-6 or smaller)
    model.layers.14.self_attn.k_proj: max |EYM gap| = 0.00e+00  (should be ~1e-6 or smaller)
    model.layers.14.self_attn.v_proj: max |EYM gap| = 0.00e+00  (should be ~1e-6 or smaller)
    model.layers.14.self_attn.o_proj: max |EYM gap| = 0.00e+00  (should be ~1e-6 or smaller)
    model.layers.14.mlp.gate_proj: max |EYM gap| = 0.00e+00  (should be ~1e-6 or smaller)
    model.layers.14.mlp.up_proj: max |EYM gap| = 0.00e+00  (should be ~1e-6 or smaller)
    model.layers.14.mlp.down_proj: max |EYM gap| = 0.00e+00  (should be ~1e-6 or smaller)
    model.layers.15.self_attn.q_proj: max |EYM gap| = 0.00e+00  (should be ~1e-6 or smaller)
    model.layers.15.self_attn.k_proj: max |EYM gap| = 0.00e+00  (should be ~1e-6 or smaller)
    model.layers.15.self_attn.v_proj: max |EYM gap| = 0.00e+00  (should be ~1e-6 or smaller)
    model.layers.15.self_attn.o_proj: max |EYM gap| = 0.00e+00  (should be ~1e-6 or smaller)
    model.layers.15.mlp.gate_proj: max |EYM gap| = 0.00e+00  (should be ~1e-6 or smaller)
    model.layers.15.mlp.up_proj: max |EYM gap| = 0.00e+00  (should be ~1e-6 or smaller)
    model.layers.15.mlp.down_proj: max |EYM gap| = 0.00e+00  (should be ~1e-6 or smaller)
    model.layers.16.self_attn.q_proj: max |EYM gap| = 0.00e+00  (should be ~1e-6 or smaller)
    model.layers.16.self_attn.k_proj: max |EYM gap| = 0.00e+00  (should be ~1e-6 or smaller)
    model.layers.16.self_attn.v_proj: max |EYM gap| = 0.00e+00  (should be ~1e-6 or smaller)
    model.layers.16.self_attn.o_proj: max |EYM gap| = 0.00e+00  (should be ~1e-6 or smaller)
    model.layers.16.mlp.gate_proj: max |EYM gap| = 0.00e+00  (should be ~1e-6 or smaller)
    model.layers.16.mlp.up_proj: max |EYM gap| = 0.00e+00  (should be ~1e-6 or smaller)
    model.layers.16.mlp.down_proj: max |EYM gap| = 0.00e+00  (should be ~1e-6 or smaller)
    model.layers.17.self_attn.q_proj: max |EYM gap| = 0.00e+00  (should be ~1e-6 or smaller)
    model.layers.17.self_attn.k_proj: max |EYM gap| = 0.00e+00  (should be ~1e-6 or smaller)
    model.layers.17.self_attn.v_proj: max |EYM gap| = 0.00e+00  (should be ~1e-6 or smaller)
    model.layers.17.self_attn.o_proj: max |EYM gap| = 0.00e+00  (should be ~1e-6 or smaller)
    model.layers.17.mlp.gate_proj: max |EYM gap| = 0.00e+00  (should be ~1e-6 or smaller)
    model.layers.17.mlp.up_proj: max |EYM gap| = 0.00e+00  (should be ~1e-6 or smaller)
    model.layers.17.mlp.down_proj: max |EYM gap| = 0.00e+00  (should be ~1e-6 or smaller)
    model.layers.18.self_attn.q_proj: max |EYM gap| = 0.00e+00  (should be ~1e-6 or smaller)
    model.layers.18.self_attn.k_proj: max |EYM gap| = 0.00e+00  (should be ~1e-6 or smaller)
    model.layers.18.self_attn.v_proj: max |EYM gap| = 0.00e+00  (should be ~1e-6 or smaller)
    model.layers.18.self_attn.o_proj: max |EYM gap| = 0.00e+00  (should be ~1e-6 or smaller)
    model.layers.18.mlp.gate_proj: max |EYM gap| = 0.00e+00  (should be ~1e-6 or smaller)
    model.layers.18.mlp.up_proj: max |EYM gap| = 0.00e+00  (should be ~1e-6 or smaller)
    model.layers.18.mlp.down_proj: max |EYM gap| = 0.00e+00  (should be ~1e-6 or smaller)
    model.layers.19.self_attn.q_proj: max |EYM gap| = 0.00e+00  (should be ~1e-6 or smaller)
    model.layers.19.self_attn.k_proj: max |EYM gap| = 0.00e+00  (should be ~1e-6 or smaller)
    model.layers.19.self_attn.v_proj: max |EYM gap| = 0.00e+00  (should be ~1e-6 or smaller)
    model.layers.19.self_attn.o_proj: max |EYM gap| = 0.00e+00  (should be ~1e-6 or smaller)
    model.layers.19.mlp.gate_proj: max |EYM gap| = 0.00e+00  (should be ~1e-6 or smaller)
    model.layers.19.mlp.up_proj: max |EYM gap| = 0.00e+00  (should be ~1e-6 or smaller)
    model.layers.19.mlp.down_proj: max |EYM gap| = 0.00e+00  (should be ~1e-6 or smaller)
    model.layers.20.self_attn.q_proj: max |EYM gap| = 0.00e+00  (should be ~1e-6 or smaller)
    model.layers.20.self_attn.k_proj: max |EYM gap| = 0.00e+00  (should be ~1e-6 or smaller)
    model.layers.20.self_attn.v_proj: max |EYM gap| = 0.00e+00  (should be ~1e-6 or smaller)
    model.layers.20.self_attn.o_proj: max |EYM gap| = 0.00e+00  (should be ~1e-6 or smaller)
    model.layers.20.mlp.gate_proj: max |EYM gap| = 0.00e+00  (should be ~1e-6 or smaller)
    model.layers.20.mlp.up_proj: max |EYM gap| = 0.00e+00  (should be ~1e-6 or smaller)
    model.layers.20.mlp.down_proj: max |EYM gap| = 0.00e+00  (should be ~1e-6 or smaller)
    model.layers.21.self_attn.q_proj: max |EYM gap| = 0.00e+00  (should be ~1e-6 or smaller)
    model.layers.21.self_attn.k_proj: max |EYM gap| = 0.00e+00  (should be ~1e-6 or smaller)
    model.layers.21.self_attn.v_proj: max |EYM gap| = 0.00e+00  (should be ~1e-6 or smaller)
    model.layers.21.self_attn.o_proj: max |EYM gap| = 0.00e+00  (should be ~1e-6 or smaller)
    model.layers.21.mlp.gate_proj: max |EYM gap| = 0.00e+00  (should be ~1e-6 or smaller)
    model.layers.21.mlp.up_proj: max |EYM gap| = 0.00e+00  (should be ~1e-6 or smaller)
    model.layers.21.mlp.down_proj: max |EYM gap| = 0.00e+00  (should be ~1e-6 or smaller)
    model.layers.22.self_attn.q_proj: max |EYM gap| = 0.00e+00  (should be ~1e-6 or smaller)
    model.layers.22.self_attn.k_proj: max |EYM gap| = 0.00e+00  (should be ~1e-6 or smaller)
    model.layers.22.self_attn.v_proj: max |EYM gap| = 0.00e+00  (should be ~1e-6 or smaller)
    model.layers.22.self_attn.o_proj: max |EYM gap| = 0.00e+00  (should be ~1e-6 or smaller)
    model.layers.22.mlp.gate_proj: max |EYM gap| = 0.00e+00  (should be ~1e-6 or smaller)
    model.layers.22.mlp.up_proj: max |EYM gap| = 0.00e+00  (should be ~1e-6 or smaller)
    model.layers.22.mlp.down_proj: max |EYM gap| = 0.00e+00  (should be ~1e-6 or smaller)
    model.layers.23.self_attn.q_proj: max |EYM gap| = 0.00e+00  (should be ~1e-6 or smaller)
    model.layers.23.self_attn.k_proj: max |EYM gap| = 0.00e+00  (should be ~1e-6 or smaller)
    model.layers.23.self_attn.v_proj: max |EYM gap| = 0.00e+00  (should be ~1e-6 or smaller)
    model.layers.23.self_attn.o_proj: max |EYM gap| = 0.00e+00  (should be ~1e-6 or smaller)
    model.layers.23.mlp.gate_proj: max |EYM gap| = 0.00e+00  (should be ~1e-6 or smaller)
    model.layers.23.mlp.up_proj: max |EYM gap| = 0.00e+00  (should be ~1e-6 or smaller)
    model.layers.23.mlp.down_proj: max |EYM gap| = 0.00e+00  (should be ~1e-6 or smaller)
    model.layers.24.self_attn.q_proj: max |EYM gap| = 0.00e+00  (should be ~1e-6 or smaller)
    model.layers.24.self_attn.k_proj: max |EYM gap| = 0.00e+00  (should be ~1e-6 or smaller)
    model.layers.24.self_attn.v_proj: max |EYM gap| = 0.00e+00  (should be ~1e-6 or smaller)
    model.layers.24.self_attn.o_proj: max |EYM gap| = 0.00e+00  (should be ~1e-6 or smaller)
    model.layers.24.mlp.gate_proj: max |EYM gap| = 0.00e+00  (should be ~1e-6 or smaller)
    model.layers.24.mlp.up_proj: max |EYM gap| = 0.00e+00  (should be ~1e-6 or smaller)
    model.layers.24.mlp.down_proj: max |EYM gap| = 0.00e+00  (should be ~1e-6 or smaller)
    model.layers.25.self_attn.q_proj: max |EYM gap| = 0.00e+00  (should be ~1e-6 or smaller)
    model.layers.25.self_attn.k_proj: max |EYM gap| = 0.00e+00  (should be ~1e-6 or smaller)
    model.layers.25.self_attn.v_proj: max |EYM gap| = 0.00e+00  (should be ~1e-6 or smaller)
    model.layers.25.self_attn.o_proj: max |EYM gap| = 0.00e+00  (should be ~1e-6 or smaller)
    model.layers.25.mlp.gate_proj: max |EYM gap| = 0.00e+00  (should be ~1e-6 or smaller)
    model.layers.25.mlp.up_proj: max |EYM gap| = 0.00e+00  (should be ~1e-6 or smaller)
    model.layers.25.mlp.down_proj: max |EYM gap| = 0.00e+00  (should be ~1e-6 or smaller)
    model.layers.26.self_attn.q_proj: max |EYM gap| = 0.00e+00  (should be ~1e-6 or smaller)
    model.layers.26.self_attn.k_proj: max |EYM gap| = 0.00e+00  (should be ~1e-6 or smaller)
    model.layers.26.self_attn.v_proj: max |EYM gap| = 0.00e+00  (should be ~1e-6 or smaller)
    model.layers.26.self_attn.o_proj: max |EYM gap| = 0.00e+00  (should be ~1e-6 or smaller)
    model.layers.26.mlp.gate_proj: max |EYM gap| = 0.00e+00  (should be ~1e-6 or smaller)
    model.layers.26.mlp.up_proj: max |EYM gap| = 0.00e+00  (should be ~1e-6 or smaller)
    model.layers.26.mlp.down_proj: max |EYM gap| = 0.00e+00  (should be ~1e-6 or smaller)
    model.layers.27.self_attn.q_proj: max |EYM gap| = 0.00e+00  (should be ~1e-6 or smaller)
    model.layers.27.self_attn.k_proj: max |EYM gap| = 0.00e+00  (should be ~1e-6 or smaller)
    model.layers.27.self_attn.v_proj: max |EYM gap| = 0.00e+00  (should be ~1e-6 or smaller)
    model.layers.27.self_attn.o_proj: max |EYM gap| = 0.00e+00  (should be ~1e-6 or smaller)
    model.layers.27.mlp.gate_proj: max |EYM gap| = 0.00e+00  (should be ~1e-6 or smaller)
    model.layers.27.mlp.up_proj: max |EYM gap| = 0.00e+00  (should be ~1e-6 or smaller)
    model.layers.27.mlp.down_proj: max |EYM gap| = 0.00e+00  (should be ~1e-6 or smaller)
    model.layers.28.self_attn.q_proj: max |EYM gap| = 0.00e+00  (should be ~1e-6 or smaller)
    model.layers.28.self_attn.k_proj: max |EYM gap| = 0.00e+00  (should be ~1e-6 or smaller)
    model.layers.28.self_attn.v_proj: max |EYM gap| = 0.00e+00  (should be ~1e-6 or smaller)
    model.layers.28.self_attn.o_proj: max |EYM gap| = 0.00e+00  (should be ~1e-6 or smaller)
    model.layers.28.mlp.gate_proj: max |EYM gap| = 0.00e+00  (should be ~1e-6 or smaller)
    model.layers.28.mlp.up_proj: max |EYM gap| = 0.00e+00  (should be ~1e-6 or smaller)
    model.layers.28.mlp.down_proj: max |EYM gap| = 0.00e+00  (should be ~1e-6 or smaller)
    model.layers.29.self_attn.q_proj: max |EYM gap| = 0.00e+00  (should be ~1e-6 or smaller)
    model.layers.29.self_attn.k_proj: max |EYM gap| = 0.00e+00  (should be ~1e-6 or smaller)
    model.layers.29.self_attn.v_proj: max |EYM gap| = 0.00e+00  (should be ~1e-6 or smaller)
    model.layers.29.self_attn.o_proj: max |EYM gap| = 0.00e+00  (should be ~1e-6 or smaller)
    model.layers.29.mlp.gate_proj: max |EYM gap| = 0.00e+00  (should be ~1e-6 or smaller)
    model.layers.29.mlp.up_proj: max |EYM gap| = 0.00e+00  (should be ~1e-6 or smaller)
    model.layers.29.mlp.down_proj: max |EYM gap| = 0.00e+00  (should be ~1e-6 or smaller)
    model.layers.30.self_attn.q_proj: max |EYM gap| = 0.00e+00  (should be ~1e-6 or smaller)
    model.layers.30.self_attn.k_proj: max |EYM gap| = 0.00e+00  (should be ~1e-6 or smaller)
    model.layers.30.self_attn.v_proj: max |EYM gap| = 0.00e+00  (should be ~1e-6 or smaller)
    model.layers.30.self_attn.o_proj: max |EYM gap| = 0.00e+00  (should be ~1e-6 or smaller)
    model.layers.30.mlp.gate_proj: max |EYM gap| = 0.00e+00  (should be ~1e-6 or smaller)
    model.layers.30.mlp.up_proj: max |EYM gap| = 0.00e+00  (should be ~1e-6 or smaller)
    model.layers.30.mlp.down_proj: max |EYM gap| = 0.00e+00  (should be ~1e-6 or smaller)
    model.layers.31.self_attn.q_proj: max |EYM gap| = 0.00e+00  (should be ~1e-6 or smaller)
    model.layers.31.self_attn.k_proj: max |EYM gap| = 0.00e+00  (should be ~1e-6 or smaller)
    model.layers.31.self_attn.v_proj: max |EYM gap| = 0.00e+00  (should be ~1e-6 or smaller)
    model.layers.31.self_attn.o_proj: max |EYM gap| = 0.00e+00  (should be ~1e-6 or smaller)
    model.layers.31.mlp.gate_proj: max |EYM gap| = 0.00e+00  (should be ~1e-6 or smaller)
    model.layers.31.mlp.up_proj: max |EYM gap| = 0.00e+00  (should be ~1e-6 or smaller)
    model.layers.31.mlp.down_proj: max |EYM gap| = 0.00e+00  (should be ~1e-6 or smaller)
    model.layers.32.self_attn.q_proj: max |EYM gap| = 0.00e+00  (should be ~1e-6 or smaller)
    model.layers.32.self_attn.k_proj: max |EYM gap| = 0.00e+00  (should be ~1e-6 or smaller)
    model.layers.32.self_attn.v_proj: max |EYM gap| = 0.00e+00  (should be ~1e-6 or smaller)
    model.layers.32.self_attn.o_proj: max |EYM gap| = 0.00e+00  (should be ~1e-6 or smaller)
    model.layers.32.mlp.gate_proj: max |EYM gap| = 0.00e+00  (should be ~1e-6 or smaller)
    model.layers.32.mlp.up_proj: max |EYM gap| = 0.00e+00  (should be ~1e-6 or smaller)
    model.layers.32.mlp.down_proj: max |EYM gap| = 0.00e+00  (should be ~1e-6 or smaller)
    model.layers.33.self_attn.q_proj: max |EYM gap| = 0.00e+00  (should be ~1e-6 or smaller)
    model.layers.33.self_attn.k_proj: max |EYM gap| = 0.00e+00  (should be ~1e-6 or smaller)
    model.layers.33.self_attn.v_proj: max |EYM gap| = 0.00e+00  (should be ~1e-6 or smaller)
    model.layers.33.self_attn.o_proj: max |EYM gap| = 0.00e+00  (should be ~1e-6 or smaller)
    model.layers.33.mlp.gate_proj: max |EYM gap| = 0.00e+00  (should be ~1e-6 or smaller)
    model.layers.33.mlp.up_proj: max |EYM gap| = 0.00e+00  (should be ~1e-6 or smaller)
    model.layers.33.mlp.down_proj: max |EYM gap| = 0.00e+00  (should be ~1e-6 or smaller)
    model.layers.34.self_attn.q_proj: max |EYM gap| = 0.00e+00  (should be ~1e-6 or smaller)
    model.layers.34.self_attn.k_proj: max |EYM gap| = 0.00e+00  (should be ~1e-6 or smaller)
    model.layers.34.self_attn.v_proj: max |EYM gap| = 0.00e+00  (should be ~1e-6 or smaller)
    model.layers.34.self_attn.o_proj: max |EYM gap| = 0.00e+00  (should be ~1e-6 or smaller)
    model.layers.34.mlp.gate_proj: max |EYM gap| = 0.00e+00  (should be ~1e-6 or smaller)
    model.layers.34.mlp.up_proj: max |EYM gap| = 0.00e+00  (should be ~1e-6 or smaller)
    model.layers.34.mlp.down_proj: max |EYM gap| = 0.00e+00  (should be ~1e-6 or smaller)
    model.layers.35.self_attn.q_proj: max |EYM gap| = 0.00e+00  (should be ~1e-6 or smaller)
    model.layers.35.self_attn.k_proj: max |EYM gap| = 0.00e+00  (should be ~1e-6 or smaller)
    model.layers.35.self_attn.v_proj: max |EYM gap| = 0.00e+00  (should be ~1e-6 or smaller)
    model.layers.35.self_attn.o_proj: max |EYM gap| = 0.00e+00  (should be ~1e-6 or smaller)
    model.layers.35.mlp.gate_proj: max |EYM gap| = 0.00e+00  (should be ~1e-6 or smaller)
    model.layers.35.mlp.up_proj: max |EYM gap| = 0.00e+00  (should be ~1e-6 or smaller)
    model.layers.35.mlp.down_proj: max |EYM gap| = 0.00e+00  (should be ~1e-6 or smaller)
[analyze] adamw-r1-Lall-q-k-v-o-gate-up-down-lr0.0002-s2
    full       k=  1  A/B(bal) unseen 0.308 seen 0.444 val 0.830
    model.layers.0.self_attn.q_proj: max |EYM gap| = 0.00e+00  (should be ~1e-6 or smaller)
    model.layers.0.self_attn.k_proj: max |EYM gap| = 0.00e+00  (should be ~1e-6 or smaller)
    model.layers.0.self_attn.v_proj: max |EYM gap| = 0.00e+00  (should be ~1e-6 or smaller)
    model.layers.0.self_attn.o_proj: max |EYM gap| = 0.00e+00  (should be ~1e-6 or smaller)
    model.layers.0.mlp.gate_proj: max |EYM gap| = 0.00e+00  (should be ~1e-6 or smaller)
    model.layers.0.mlp.up_proj: max |EYM gap| = 0.00e+00  (should be ~1e-6 or smaller)
    model.layers.0.mlp.down_proj: max |EYM gap| = 0.00e+00  (should be ~1e-6 or smaller)
    model.layers.1.self_attn.q_proj: max |EYM gap| = 0.00e+00  (should be ~1e-6 or smaller)
    model.layers.1.self_attn.k_proj: max |EYM gap| = 0.00e+00  (should be ~1e-6 or smaller)
    model.layers.1.self_attn.v_proj: max |EYM gap| = 0.00e+00  (should be ~1e-6 or smaller)
    model.layers.1.self_attn.o_proj: max |EYM gap| = 0.00e+00  (should be ~1e-6 or smaller)
    model.layers.1.mlp.gate_proj: max |EYM gap| = 0.00e+00  (should be ~1e-6 or smaller)
    model.layers.1.mlp.up_proj: max |EYM gap| = 0.00e+00  (should be ~1e-6 or smaller)
    model.layers.1.mlp.down_proj: max |EYM gap| = 0.00e+00  (should be ~1e-6 or smaller)
    model.layers.2.self_attn.q_proj: max |EYM gap| = 0.00e+00  (should be ~1e-6 or smaller)
    model.layers.2.self_attn.k_proj: max |EYM gap| = 0.00e+00  (should be ~1e-6 or smaller)
    model.layers.2.self_attn.v_proj: max |EYM gap| = 0.00e+00  (should be ~1e-6 or smaller)
    model.layers.2.self_attn.o_proj: max |EYM gap| = 0.00e+00  (should be ~1e-6 or smaller)
    model.layers.2.mlp.gate_proj: max |EYM gap| = 0.00e+00  (should be ~1e-6 or smaller)
    model.layers.2.mlp.up_proj: max |EYM gap| = 0.00e+00  (should be ~1e-6 or smaller)
    model.layers.2.mlp.down_proj: max |EYM gap| = 0.00e+00  (should be ~1e-6 or smaller)
    model.layers.3.self_attn.q_proj: max |EYM gap| = 0.00e+00  (should be ~1e-6 or smaller)
    model.layers.3.self_attn.k_proj: max |EYM gap| = 0.00e+00  (should be ~1e-6 or smaller)
    model.layers.3.self_attn.v_proj: max |EYM gap| = 0.00e+00  (should be ~1e-6 or smaller)
    model.layers.3.self_attn.o_proj: max |EYM gap| = 0.00e+00  (should be ~1e-6 or smaller)
    model.layers.3.mlp.gate_proj: max |EYM gap| = 0.00e+00  (should be ~1e-6 or smaller)
    model.layers.3.mlp.up_proj: max |EYM gap| = 0.00e+00  (should be ~1e-6 or smaller)
    model.layers.3.mlp.down_proj: max |EYM gap| = 0.00e+00  (should be ~1e-6 or smaller)
    model.layers.4.self_attn.q_proj: max |EYM gap| = 0.00e+00  (should be ~1e-6 or smaller)
    model.layers.4.self_attn.k_proj: max |EYM gap| = 0.00e+00  (should be ~1e-6 or smaller)
    model.layers.4.self_attn.v_proj: max |EYM gap| = 0.00e+00  (should be ~1e-6 or smaller)
    model.layers.4.self_attn.o_proj: max |EYM gap| = 0.00e+00  (should be ~1e-6 or smaller)
    model.layers.4.mlp.gate_proj: max |EYM gap| = 0.00e+00  (should be ~1e-6 or smaller)
    model.layers.4.mlp.up_proj: max |EYM gap| = 0.00e+00  (should be ~1e-6 or smaller)
    model.layers.4.mlp.down_proj: max |EYM gap| = 0.00e+00  (should be ~1e-6 or smaller)
    model.layers.5.self_attn.q_proj: max |EYM gap| = 0.00e+00  (should be ~1e-6 or smaller)
    model.layers.5.self_attn.k_proj: max |EYM gap| = 0.00e+00  (should be ~1e-6 or smaller)
    model.layers.5.self_attn.v_proj: max |EYM gap| = 0.00e+00  (should be ~1e-6 or smaller)
    model.layers.5.self_attn.o_proj: max |EYM gap| = 0.00e+00  (should be ~1e-6 or smaller)
    model.layers.5.mlp.gate_proj: max |EYM gap| = 0.00e+00  (should be ~1e-6 or smaller)
    model.layers.5.mlp.up_proj: max |EYM gap| = 0.00e+00  (should be ~1e-6 or smaller)
    model.layers.5.mlp.down_proj: max |EYM gap| = 0.00e+00  (should be ~1e-6 or smaller)
    model.layers.6.self_attn.q_proj: max |EYM gap| = 0.00e+00  (should be ~1e-6 or smaller)
    model.layers.6.self_attn.k_proj: max |EYM gap| = 0.00e+00  (should be ~1e-6 or smaller)
    model.layers.6.self_attn.v_proj: max |EYM gap| = 0.00e+00  (should be ~1e-6 or smaller)
    model.layers.6.self_attn.o_proj: max |EYM gap| = 0.00e+00  (should be ~1e-6 or smaller)
    model.layers.6.mlp.gate_proj: max |EYM gap| = 0.00e+00  (should be ~1e-6 or smaller)
    model.layers.6.mlp.up_proj: max |EYM gap| = 0.00e+00  (should be ~1e-6 or smaller)
    model.layers.6.mlp.down_proj: max |EYM gap| = 0.00e+00  (should be ~1e-6 or smaller)
    model.layers.7.self_attn.q_proj: max |EYM gap| = 0.00e+00  (should be ~1e-6 or smaller)
    model.layers.7.self_attn.k_proj: max |EYM gap| = 0.00e+00  (should be ~1e-6 or smaller)
    model.layers.7.self_attn.v_proj: max |EYM gap| = 0.00e+00  (should be ~1e-6 or smaller)
    model.layers.7.self_attn.o_proj: max |EYM gap| = 0.00e+00  (should be ~1e-6 or smaller)
    model.layers.7.mlp.gate_proj: max |EYM gap| = 0.00e+00  (should be ~1e-6 or smaller)
    model.layers.7.mlp.up_proj: max |EYM gap| = 0.00e+00  (should be ~1e-6 or smaller)
    model.layers.7.mlp.down_proj: max |EYM gap| = 0.00e+00  (should be ~1e-6 or smaller)
    model.layers.8.self_attn.q_proj: max |EYM gap| = 0.00e+00  (should be ~1e-6 or smaller)
    model.layers.8.self_attn.k_proj: max |EYM gap| = 0.00e+00  (should be ~1e-6 or smaller)
    model.layers.8.self_attn.v_proj: max |EYM gap| = 0.00e+00  (should be ~1e-6 or smaller)
    model.layers.8.self_attn.o_proj: max |EYM gap| = 0.00e+00  (should be ~1e-6 or smaller)
    model.layers.8.mlp.gate_proj: max |EYM gap| = 0.00e+00  (should be ~1e-6 or smaller)
    model.layers.8.mlp.up_proj: max |EYM gap| = 0.00e+00  (should be ~1e-6 or smaller)
    model.layers.8.mlp.down_proj: max |EYM gap| = 0.00e+00  (should be ~1e-6 or smaller)
    model.layers.9.self_attn.q_proj: max |EYM gap| = 0.00e+00  (should be ~1e-6 or smaller)
    model.layers.9.self_attn.k_proj: max |EYM gap| = 0.00e+00  (should be ~1e-6 or smaller)
    model.layers.9.self_attn.v_proj: max |EYM gap| = 0.00e+00  (should be ~1e-6 or smaller)
    model.layers.9.self_attn.o_proj: max |EYM gap| = 0.00e+00  (should be ~1e-6 or smaller)
    model.layers.9.mlp.gate_proj: max |EYM gap| = 0.00e+00  (should be ~1e-6 or smaller)
    model.layers.9.mlp.up_proj: max |EYM gap| = 0.00e+00  (should be ~1e-6 or smaller)
    model.layers.9.mlp.down_proj: max |EYM gap| = 0.00e+00  (should be ~1e-6 or smaller)
    model.layers.10.self_attn.q_proj: max |EYM gap| = 0.00e+00  (should be ~1e-6 or smaller)
    model.layers.10.self_attn.k_proj: max |EYM gap| = 0.00e+00  (should be ~1e-6 or smaller)
    model.layers.10.self_attn.v_proj: max |EYM gap| = 0.00e+00  (should be ~1e-6 or smaller)
    model.layers.10.self_attn.o_proj: max |EYM gap| = 0.00e+00  (should be ~1e-6 or smaller)
    model.layers.10.mlp.gate_proj: max |EYM gap| = 0.00e+00  (should be ~1e-6 or smaller)
    model.layers.10.mlp.up_proj: max |EYM gap| = 0.00e+00  (should be ~1e-6 or smaller)
    model.layers.10.mlp.down_proj: max |EYM gap| = 0.00e+00  (should be ~1e-6 or smaller)
    model.layers.11.self_attn.q_proj: max |EYM gap| = 0.00e+00  (should be ~1e-6 or smaller)
    model.layers.11.self_attn.k_proj: max |EYM gap| = 0.00e+00  (should be ~1e-6 or smaller)
    model.layers.11.self_attn.v_proj: max |EYM gap| = 0.00e+00  (should be ~1e-6 or smaller)
    model.layers.11.self_attn.o_proj: max |EYM gap| = 0.00e+00  (should be ~1e-6 or smaller)
    model.layers.11.mlp.gate_proj: max |EYM gap| = 0.00e+00  (should be ~1e-6 or smaller)
    model.layers.11.mlp.up_proj: max |EYM gap| = 0.00e+00  (should be ~1e-6 or smaller)
    model.layers.11.mlp.down_proj: max |EYM gap| = 0.00e+00  (should be ~1e-6 or smaller)
    model.layers.12.self_attn.q_proj: max |EYM gap| = 0.00e+00  (should be ~1e-6 or smaller)
    model.layers.12.self_attn.k_proj: max |EYM gap| = 0.00e+00  (should be ~1e-6 or smaller)
    model.layers.12.self_attn.v_proj: max |EYM gap| = 0.00e+00  (should be ~1e-6 or smaller)
    model.layers.12.self_attn.o_proj: max |EYM gap| = 0.00e+00  (should be ~1e-6 or smaller)
    model.layers.12.mlp.gate_proj: max |EYM gap| = 0.00e+00  (should be ~1e-6 or smaller)
    model.layers.12.mlp.up_proj: max |EYM gap| = 0.00e+00  (should be ~1e-6 or smaller)
    model.layers.12.mlp.down_proj: max |EYM gap| = 0.00e+00  (should be ~1e-6 or smaller)
    model.layers.13.self_attn.q_proj: max |EYM gap| = 0.00e+00  (should be ~1e-6 or smaller)
    model.layers.13.self_attn.k_proj: max |EYM gap| = 0.00e+00  (should be ~1e-6 or smaller)
    model.layers.13.self_attn.v_proj: max |EYM gap| = 0.00e+00  (should be ~1e-6 or smaller)
    model.layers.13.self_attn.o_proj: max |EYM gap| = 0.00e+00  (should be ~1e-6 or smaller)
    model.layers.13.mlp.gate_proj: max |EYM gap| = 0.00e+00  (should be ~1e-6 or smaller)
    model.layers.13.mlp.up_proj: max |EYM gap| = 0.00e+00  (should be ~1e-6 or smaller)
    model.layers.13.mlp.down_proj: max |EYM gap| = 0.00e+00  (should be ~1e-6 or smaller)
    model.layers.14.self_attn.q_proj: max |EYM gap| = 0.00e+00  (should be ~1e-6 or smaller)
    model.layers.14.self_attn.k_proj: max |EYM gap| = 0.00e+00  (should be ~1e-6 or smaller)
    model.layers.14.self_attn.v_proj: max |EYM gap| = 0.00e+00  (should be ~1e-6 or smaller)
    model.layers.14.self_attn.o_proj: max |EYM gap| = 0.00e+00  (should be ~1e-6 or smaller)
    model.layers.14.mlp.gate_proj: max |EYM gap| = 0.00e+00  (should be ~1e-6 or smaller)
    model.layers.14.mlp.up_proj: max |EYM gap| = 0.00e+00  (should be ~1e-6 or smaller)
    model.layers.14.mlp.down_proj: max |EYM gap| = 0.00e+00  (should be ~1e-6 or smaller)
    model.layers.15.self_attn.q_proj: max |EYM gap| = 0.00e+00  (should be ~1e-6 or smaller)
    model.layers.15.self_attn.k_proj: max |EYM gap| = 0.00e+00  (should be ~1e-6 or smaller)
    model.layers.15.self_attn.v_proj: max |EYM gap| = 0.00e+00  (should be ~1e-6 or smaller)
    model.layers.15.self_attn.o_proj: max |EYM gap| = 0.00e+00  (should be ~1e-6 or smaller)
    model.layers.15.mlp.gate_proj: max |EYM gap| = 0.00e+00  (should be ~1e-6 or smaller)
    model.layers.15.mlp.up_proj: max |EYM gap| = 0.00e+00  (should be ~1e-6 or smaller)
    model.layers.15.mlp.down_proj: max |EYM gap| = 0.00e+00  (should be ~1e-6 or smaller)
    model.layers.16.self_attn.q_proj: max |EYM gap| = 0.00e+00  (should be ~1e-6 or smaller)
    model.layers.16.self_attn.k_proj: max |EYM gap| = 0.00e+00  (should be ~1e-6 or smaller)
    model.layers.16.self_attn.v_proj: max |EYM gap| = 0.00e+00  (should be ~1e-6 or smaller)
    model.layers.16.self_attn.o_proj: max |EYM gap| = 0.00e+00  (should be ~1e-6 or smaller)
    model.layers.16.mlp.gate_proj: max |EYM gap| = 0.00e+00  (should be ~1e-6 or smaller)
    model.layers.16.mlp.up_proj: max |EYM gap| = 0.00e+00  (should be ~1e-6 or smaller)
    model.layers.16.mlp.down_proj: max |EYM gap| = 0.00e+00  (should be ~1e-6 or smaller)
    model.layers.17.self_attn.q_proj: max |EYM gap| = 0.00e+00  (should be ~1e-6 or smaller)
    model.layers.17.self_attn.k_proj: max |EYM gap| = 0.00e+00  (should be ~1e-6 or smaller)
    model.layers.17.self_attn.v_proj: max |EYM gap| = 0.00e+00  (should be ~1e-6 or smaller)
    model.layers.17.self_attn.o_proj: max |EYM gap| = 0.00e+00  (should be ~1e-6 or smaller)
    model.layers.17.mlp.gate_proj: max |EYM gap| = 0.00e+00  (should be ~1e-6 or smaller)
    model.layers.17.mlp.up_proj: max |EYM gap| = 0.00e+00  (should be ~1e-6 or smaller)
    model.layers.17.mlp.down_proj: max |EYM gap| = 0.00e+00  (should be ~1e-6 or smaller)
    model.layers.18.self_attn.q_proj: max |EYM gap| = 0.00e+00  (should be ~1e-6 or smaller)
    model.layers.18.self_attn.k_proj: max |EYM gap| = 0.00e+00  (should be ~1e-6 or smaller)
    model.layers.18.self_attn.v_proj: max |EYM gap| = 0.00e+00  (should be ~1e-6 or smaller)
    model.layers.18.self_attn.o_proj: max |EYM gap| = 0.00e+00  (should be ~1e-6 or smaller)
    model.layers.18.mlp.gate_proj: max |EYM gap| = 0.00e+00  (should be ~1e-6 or smaller)
    model.layers.18.mlp.up_proj: max |EYM gap| = 0.00e+00  (should be ~1e-6 or smaller)
    model.layers.18.mlp.down_proj: max |EYM gap| = 0.00e+00  (should be ~1e-6 or smaller)
    model.layers.19.self_attn.q_proj: max |EYM gap| = 0.00e+00  (should be ~1e-6 or smaller)
    model.layers.19.self_attn.k_proj: max |EYM gap| = 0.00e+00  (should be ~1e-6 or smaller)
    model.layers.19.self_attn.v_proj: max |EYM gap| = 0.00e+00  (should be ~1e-6 or smaller)
    model.layers.19.self_attn.o_proj: max |EYM gap| = 0.00e+00  (should be ~1e-6 or smaller)
    model.layers.19.mlp.gate_proj: max |EYM gap| = 0.00e+00  (should be ~1e-6 or smaller)
    model.layers.19.mlp.up_proj: max |EYM gap| = 0.00e+00  (should be ~1e-6 or smaller)
    model.layers.19.mlp.down_proj: max |EYM gap| = 0.00e+00  (should be ~1e-6 or smaller)
    model.layers.20.self_attn.q_proj: max |EYM gap| = 0.00e+00  (should be ~1e-6 or smaller)
    model.layers.20.self_attn.k_proj: max |EYM gap| = 0.00e+00  (should be ~1e-6 or smaller)
    model.layers.20.self_attn.v_proj: max |EYM gap| = 0.00e+00  (should be ~1e-6 or smaller)
    model.layers.20.self_attn.o_proj: max |EYM gap| = 0.00e+00  (should be ~1e-6 or smaller)
    model.layers.20.mlp.gate_proj: max |EYM gap| = 0.00e+00  (should be ~1e-6 or smaller)
    model.layers.20.mlp.up_proj: max |EYM gap| = 0.00e+00  (should be ~1e-6 or smaller)
    model.layers.20.mlp.down_proj: max |EYM gap| = 0.00e+00  (should be ~1e-6 or smaller)
    model.layers.21.self_attn.q_proj: max |EYM gap| = 0.00e+00  (should be ~1e-6 or smaller)
    model.layers.21.self_attn.k_proj: max |EYM gap| = 0.00e+00  (should be ~1e-6 or smaller)
    model.layers.21.self_attn.v_proj: max |EYM gap| = 0.00e+00  (should be ~1e-6 or smaller)
    model.layers.21.self_attn.o_proj: max |EYM gap| = 0.00e+00  (should be ~1e-6 or smaller)
    model.layers.21.mlp.gate_proj: max |EYM gap| = 0.00e+00  (should be ~1e-6 or smaller)
    model.layers.21.mlp.up_proj: max |EYM gap| = 0.00e+00  (should be ~1e-6 or smaller)
    model.layers.21.mlp.down_proj: max |EYM gap| = 0.00e+00  (should be ~1e-6 or smaller)
    model.layers.22.self_attn.q_proj: max |EYM gap| = 0.00e+00  (should be ~1e-6 or smaller)
    model.layers.22.self_attn.k_proj: max |EYM gap| = 0.00e+00  (should be ~1e-6 or smaller)
    model.layers.22.self_attn.v_proj: max |EYM gap| = 0.00e+00  (should be ~1e-6 or smaller)
    model.layers.22.self_attn.o_proj: max |EYM gap| = 0.00e+00  (should be ~1e-6 or smaller)
    model.layers.22.mlp.gate_proj: max |EYM gap| = 0.00e+00  (should be ~1e-6 or smaller)
    model.layers.22.mlp.up_proj: max |EYM gap| = 0.00e+00  (should be ~1e-6 or smaller)
    model.layers.22.mlp.down_proj: max |EYM gap| = 0.00e+00  (should be ~1e-6 or smaller)
    model.layers.23.self_attn.q_proj: max |EYM gap| = 0.00e+00  (should be ~1e-6 or smaller)
    model.layers.23.self_attn.k_proj: max |EYM gap| = 0.00e+00  (should be ~1e-6 or smaller)
    model.layers.23.self_attn.v_proj: max |EYM gap| = 0.00e+00  (should be ~1e-6 or smaller)
    model.layers.23.self_attn.o_proj: max |EYM gap| = 0.00e+00  (should be ~1e-6 or smaller)
    model.layers.23.mlp.gate_proj: max |EYM gap| = 0.00e+00  (should be ~1e-6 or smaller)
    model.layers.23.mlp.up_proj: max |EYM gap| = 0.00e+00  (should be ~1e-6 or smaller)
    model.layers.23.mlp.down_proj: max |EYM gap| = 0.00e+00  (should be ~1e-6 or smaller)
    model.layers.24.self_attn.q_proj: max |EYM gap| = 0.00e+00  (should be ~1e-6 or smaller)
    model.layers.24.self_attn.k_proj: max |EYM gap| = 0.00e+00  (should be ~1e-6 or smaller)
    model.layers.24.self_attn.v_proj: max |EYM gap| = 0.00e+00  (should be ~1e-6 or smaller)
    model.layers.24.self_attn.o_proj: max |EYM gap| = 0.00e+00  (should be ~1e-6 or smaller)
    model.layers.24.mlp.gate_proj: max |EYM gap| = 0.00e+00  (should be ~1e-6 or smaller)
    model.layers.24.mlp.up_proj: max |EYM gap| = 0.00e+00  (should be ~1e-6 or smaller)
    model.layers.24.mlp.down_proj: max |EYM gap| = 0.00e+00  (should be ~1e-6 or smaller)
    model.layers.25.self_attn.q_proj: max |EYM gap| = 0.00e+00  (should be ~1e-6 or smaller)
    model.layers.25.self_attn.k_proj: max |EYM gap| = 0.00e+00  (should be ~1e-6 or smaller)
    model.layers.25.self_attn.v_proj: max |EYM gap| = 0.00e+00  (should be ~1e-6 or smaller)
    model.layers.25.self_attn.o_proj: max |EYM gap| = 0.00e+00  (should be ~1e-6 or smaller)
    model.layers.25.mlp.gate_proj: max |EYM gap| = 0.00e+00  (should be ~1e-6 or smaller)
    model.layers.25.mlp.up_proj: max |EYM gap| = 0.00e+00  (should be ~1e-6 or smaller)
    model.layers.25.mlp.down_proj: max |EYM gap| = 0.00e+00  (should be ~1e-6 or smaller)
    model.layers.26.self_attn.q_proj: max |EYM gap| = 0.00e+00  (should be ~1e-6 or smaller)
    model.layers.26.self_attn.k_proj: max |EYM gap| = 0.00e+00  (should be ~1e-6 or smaller)
    model.layers.26.self_attn.v_proj: max |EYM gap| = 0.00e+00  (should be ~1e-6 or smaller)
    model.layers.26.self_attn.o_proj: max |EYM gap| = 0.00e+00  (should be ~1e-6 or smaller)
    model.layers.26.mlp.gate_proj: max |EYM gap| = 0.00e+00  (should be ~1e-6 or smaller)
    model.layers.26.mlp.up_proj: max |EYM gap| = 0.00e+00  (should be ~1e-6 or smaller)
    model.layers.26.mlp.down_proj: max |EYM gap| = 0.00e+00  (should be ~1e-6 or smaller)
    model.layers.27.self_attn.q_proj: max |EYM gap| = 0.00e+00  (should be ~1e-6 or smaller)
    model.layers.27.self_attn.k_proj: max |EYM gap| = 0.00e+00  (should be ~1e-6 or smaller)
    model.layers.27.self_attn.v_proj: max |EYM gap| = 0.00e+00  (should be ~1e-6 or smaller)
    model.layers.27.self_attn.o_proj: max |EYM gap| = 0.00e+00  (should be ~1e-6 or smaller)
    model.layers.27.mlp.gate_proj: max |EYM gap| = 0.00e+00  (should be ~1e-6 or smaller)
    model.layers.27.mlp.up_proj: max |EYM gap| = 0.00e+00  (should be ~1e-6 or smaller)
    model.layers.27.mlp.down_proj: max |EYM gap| = 0.00e+00  (should be ~1e-6 or smaller)
    model.layers.28.self_attn.q_proj: max |EYM gap| = 0.00e+00  (should be ~1e-6 or smaller)
    model.layers.28.self_attn.k_proj: max |EYM gap| = 0.00e+00  (should be ~1e-6 or smaller)
    model.layers.28.self_attn.v_proj: max |EYM gap| = 0.00e+00  (should be ~1e-6 or smaller)
    model.layers.28.self_attn.o_proj: max |EYM gap| = 0.00e+00  (should be ~1e-6 or smaller)
    model.layers.28.mlp.gate_proj: max |EYM gap| = 0.00e+00  (should be ~1e-6 or smaller)
    model.layers.28.mlp.up_proj: max |EYM gap| = 0.00e+00  (should be ~1e-6 or smaller)
    model.layers.28.mlp.down_proj: max |EYM gap| = 0.00e+00  (should be ~1e-6 or smaller)
    model.layers.29.self_attn.q_proj: max |EYM gap| = 0.00e+00  (should be ~1e-6 or smaller)
    model.layers.29.self_attn.k_proj: max |EYM gap| = 0.00e+00  (should be ~1e-6 or smaller)
    model.layers.29.self_attn.v_proj: max |EYM gap| = 0.00e+00  (should be ~1e-6 or smaller)
    model.layers.29.self_attn.o_proj: max |EYM gap| = 0.00e+00  (should be ~1e-6 or smaller)
    model.layers.29.mlp.gate_proj: max |EYM gap| = 0.00e+00  (should be ~1e-6 or smaller)
    model.layers.29.mlp.up_proj: max |EYM gap| = 0.00e+00  (should be ~1e-6 or smaller)
    model.layers.29.mlp.down_proj: max |EYM gap| = 0.00e+00  (should be ~1e-6 or smaller)
    model.layers.30.self_attn.q_proj: max |EYM gap| = 0.00e+00  (should be ~1e-6 or smaller)
    model.layers.30.self_attn.k_proj: max |EYM gap| = 0.00e+00  (should be ~1e-6 or smaller)
    model.layers.30.self_attn.v_proj: max |EYM gap| = 0.00e+00  (should be ~1e-6 or smaller)
    model.layers.30.self_attn.o_proj: max |EYM gap| = 0.00e+00  (should be ~1e-6 or smaller)
    model.layers.30.mlp.gate_proj: max |EYM gap| = 0.00e+00  (should be ~1e-6 or smaller)
    model.layers.30.mlp.up_proj: max |EYM gap| = 0.00e+00  (should be ~1e-6 or smaller)
    model.layers.30.mlp.down_proj: max |EYM gap| = 0.00e+00  (should be ~1e-6 or smaller)
    model.layers.31.self_attn.q_proj: max |EYM gap| = 0.00e+00  (should be ~1e-6 or smaller)
    model.layers.31.self_attn.k_proj: max |EYM gap| = 0.00e+00  (should be ~1e-6 or smaller)
    model.layers.31.self_attn.v_proj: max |EYM gap| = 0.00e+00  (should be ~1e-6 or smaller)
    model.layers.31.self_attn.o_proj: max |EYM gap| = 0.00e+00  (should be ~1e-6 or smaller)
    model.layers.31.mlp.gate_proj: max |EYM gap| = 0.00e+00  (should be ~1e-6 or smaller)
    model.layers.31.mlp.up_proj: max |EYM gap| = 0.00e+00  (should be ~1e-6 or smaller)
    model.layers.31.mlp.down_proj: max |EYM gap| = 0.00e+00  (should be ~1e-6 or smaller)
    model.layers.32.self_attn.q_proj: max |EYM gap| = 0.00e+00  (should be ~1e-6 or smaller)
    model.layers.32.self_attn.k_proj: max |EYM gap| = 0.00e+00  (should be ~1e-6 or smaller)
    model.layers.32.self_attn.v_proj: max |EYM gap| = 0.00e+00  (should be ~1e-6 or smaller)
    model.layers.32.self_attn.o_proj: max |EYM gap| = 0.00e+00  (should be ~1e-6 or smaller)
    model.layers.32.mlp.gate_proj: max |EYM gap| = 0.00e+00  (should be ~1e-6 or smaller)
    model.layers.32.mlp.up_proj: max |EYM gap| = 0.00e+00  (should be ~1e-6 or smaller)
    model.layers.32.mlp.down_proj: max |EYM gap| = 0.00e+00  (should be ~1e-6 or smaller)
    model.layers.33.self_attn.q_proj: max |EYM gap| = 0.00e+00  (should be ~1e-6 or smaller)
    model.layers.33.self_attn.k_proj: max |EYM gap| = 0.00e+00  (should be ~1e-6 or smaller)
    model.layers.33.self_attn.v_proj: max |EYM gap| = 0.00e+00  (should be ~1e-6 or smaller)
    model.layers.33.self_attn.o_proj: max |EYM gap| = 0.00e+00  (should be ~1e-6 or smaller)
    model.layers.33.mlp.gate_proj: max |EYM gap| = 0.00e+00  (should be ~1e-6 or smaller)
    model.layers.33.mlp.up_proj: max |EYM gap| = 0.00e+00  (should be ~1e-6 or smaller)
    model.layers.33.mlp.down_proj: max |EYM gap| = 0.00e+00  (should be ~1e-6 or smaller)
    model.layers.34.self_attn.q_proj: max |EYM gap| = 0.00e+00  (should be ~1e-6 or smaller)
    model.layers.34.self_attn.k_proj: max |EYM gap| = 0.00e+00  (should be ~1e-6 or smaller)
    model.layers.34.self_attn.v_proj: max |EYM gap| = 0.00e+00  (should be ~1e-6 or smaller)
    model.layers.34.self_attn.o_proj: max |EYM gap| = 0.00e+00  (should be ~1e-6 or smaller)
    model.layers.34.mlp.gate_proj: max |EYM gap| = 0.00e+00  (should be ~1e-6 or smaller)
    model.layers.34.mlp.up_proj: max |EYM gap| = 0.00e+00  (should be ~1e-6 or smaller)
    model.layers.34.mlp.down_proj: max |EYM gap| = 0.00e+00  (should be ~1e-6 or smaller)
    model.layers.35.self_attn.q_proj: max |EYM gap| = 0.00e+00  (should be ~1e-6 or smaller)
    model.layers.35.self_attn.k_proj: max |EYM gap| = 0.00e+00  (should be ~1e-6 or smaller)
    model.layers.35.self_attn.v_proj: max |EYM gap| = 0.00e+00  (should be ~1e-6 or smaller)
    model.layers.35.self_attn.o_proj: max |EYM gap| = 0.00e+00  (should be ~1e-6 or smaller)
    model.layers.35.mlp.gate_proj: max |EYM gap| = 0.00e+00  (should be ~1e-6 or smaller)
    model.layers.35.mlp.up_proj: max |EYM gap| = 0.00e+00  (should be ~1e-6 or smaller)
    model.layers.35.mlp.down_proj: max |EYM gap| = 0.00e+00  (should be ~1e-6 or smaller)
[analyze] adamw-r16-Lall-q-k-v-o-gate-up-down-lr0.0002-s0
    full       k= 16  A/B(bal) unseen 0.308 seen 0.622 val 0.275
    svd        k=  1  A/B(bal) unseen 0.288 seen 0.622 val 0.387
    data_aware k=  1  A/B(bal) unseen 0.308 seen 0.556 val 0.353
    naive      k=  1  A/B(bal) unseen 0.442 seen 0.556 val 3.282
    ablate     k=  1  A/B(bal) unseen 0.442 seen 0.556 val 2.169
    svd        k=  2  A/B(bal) unseen 0.288 seen 0.644 val 0.305
    data_aware k=  2  A/B(bal) unseen 0.308 seen 0.622 val 0.295
    naive      k=  2  A/B(bal) unseen 0.404 seen 0.600 val 2.390
    ablate     k=  2  A/B(bal) unseen 0.365 seen 0.578 val 2.817
    svd        k=  4  A/B(bal) unseen 0.308 seen 0.644 val 0.283
    data_aware k=  4  A/B(bal) unseen 0.346 seen 0.644 val 0.282
    naive      k=  4  A/B(bal) unseen 0.423 seen 0.644 val 1.791
    ablate     k=  4  A/B(bal) unseen 0.423 seen 0.600 val 4.045
    svd        k=  8  A/B(bal) unseen 0.365 seen 0.622 val 0.277
    data_aware k=  8  A/B(bal) unseen 0.327 seen 0.622 val 0.277
    naive      k=  8  A/B(bal) unseen 0.423 seen 0.533 val 0.902
    ablate     k=  8  A/B(bal) unseen 0.385 seen 0.578 val 5.710
    model.layers.0.self_attn.q_proj: max |EYM gap| = 2.46e-06  (should be ~1e-6 or smaller)
    model.layers.0.self_attn.k_proj: max |EYM gap| = 9.69e-07  (should be ~1e-6 or smaller)
    model.layers.0.self_attn.v_proj: max |EYM gap| = 1.54e-06  (should be ~1e-6 or smaller)
    model.layers.0.self_attn.o_proj: max |EYM gap| = 1.69e-06  (should be ~1e-6 or smaller)
    model.layers.0.mlp.gate_proj: max |EYM gap| = 5.30e-07  (should be ~1e-6 or smaller)
    model.layers.0.mlp.up_proj: max |EYM gap| = 1.11e-06  (should be ~1e-6 or smaller)
    model.layers.0.mlp.down_proj: max |EYM gap| = 1.13e-06  (should be ~1e-6 or smaller)
    model.layers.1.self_attn.q_proj: max |EYM gap| = 8.27e-07  (should be ~1e-6 or smaller)
    model.layers.1.self_attn.k_proj: max |EYM gap| = 1.27e-06  (should be ~1e-6 or smaller)
    model.layers.1.self_attn.v_proj: max |EYM gap| = 1.80e-06  (should be ~1e-6 or smaller)
    model.layers.1.self_attn.o_proj: max |EYM gap| = 1.20e-06  (should be ~1e-6 or smaller)
    model.layers.1.mlp.gate_proj: max |EYM gap| = 1.23e-06  (should be ~1e-6 or smaller)
    model.layers.1.mlp.up_proj: max |EYM gap| = 1.60e-06  (should be ~1e-6 or smaller)
    model.layers.1.mlp.down_proj: max |EYM gap| = 6.59e-07  (should be ~1e-6 or smaller)
    model.layers.2.self_attn.q_proj: max |EYM gap| = 1.94e-06  (should be ~1e-6 or smaller)
    model.layers.2.self_attn.k_proj: max |EYM gap| = 3.97e-06  (should be ~1e-6 or smaller)
    model.layers.2.self_attn.v_proj: max |EYM gap| = 1.71e-06  (should be ~1e-6 or smaller)
    model.layers.2.self_attn.o_proj: max |EYM gap| = 6.22e-07  (should be ~1e-6 or smaller)
    model.layers.2.mlp.gate_proj: max |EYM gap| = 1.04e-06  (should be ~1e-6 or smaller)
    model.layers.2.mlp.up_proj: max |EYM gap| = 3.84e-07  (should be ~1e-6 or smaller)
    model.layers.2.mlp.down_proj: max |EYM gap| = 2.31e-06  (should be ~1e-6 or smaller)
    model.layers.3.self_attn.q_proj: max |EYM gap| = 1.43e-06  (should be ~1e-6 or smaller)
    model.layers.3.self_attn.k_proj: max |EYM gap| = 8.54e-06  (should be ~1e-6 or smaller)
    model.layers.3.self_attn.v_proj: max |EYM gap| = 3.03e-06  (should be ~1e-6 or smaller)
    model.layers.3.self_attn.o_proj: max |EYM gap| = 5.89e-07  (should be ~1e-6 or smaller)
    model.layers.3.mlp.gate_proj: max |EYM gap| = 9.34e-07  (should be ~1e-6 or smaller)
    model.layers.3.mlp.up_proj: max |EYM gap| = 1.03e-06  (should be ~1e-6 or smaller)
    model.layers.3.mlp.down_proj: max |EYM gap| = 9.72e-07  (should be ~1e-6 or smaller)
    model.layers.4.self_attn.q_proj: max |EYM gap| = 2.05e-06  (should be ~1e-6 or smaller)
    model.layers.4.self_attn.k_proj: max |EYM gap| = 2.72e-06  (should be ~1e-6 or smaller)
    model.layers.4.self_attn.v_proj: max |EYM gap| = 1.35e-06  (should be ~1e-6 or smaller)
    model.layers.4.self_attn.o_proj: max |EYM gap| = 1.65e-06  (should be ~1e-6 or smaller)
    model.layers.4.mlp.gate_proj: max |EYM gap| = 1.16e-06  (should be ~1e-6 or smaller)
    model.layers.4.mlp.up_proj: max |EYM gap| = 1.37e-06  (should be ~1e-6 or smaller)
    model.layers.4.mlp.down_proj: max |EYM gap| = 1.38e-06  (should be ~1e-6 or smaller)
    model.layers.5.self_attn.q_proj: max |EYM gap| = 1.99e-06  (should be ~1e-6 or smaller)
    model.layers.5.self_attn.k_proj: max |EYM gap| = 2.10e-06  (should be ~1e-6 or smaller)
    model.layers.5.self_attn.v_proj: max |EYM gap| = 1.37e-06  (should be ~1e-6 or smaller)
    model.layers.5.self_attn.o_proj: max |EYM gap| = 1.10e-06  (should be ~1e-6 or smaller)
    model.layers.5.mlp.gate_proj: max |EYM gap| = 1.15e-06  (should be ~1e-6 or smaller)
    model.layers.5.mlp.up_proj: max |EYM gap| = 1.42e-06  (should be ~1e-6 or smaller)
    model.layers.5.mlp.down_proj: max |EYM gap| = 1.44e-06  (should be ~1e-6 or smaller)
    model.layers.6.self_attn.q_proj: max |EYM gap| = 2.80e-06  (should be ~1e-6 or smaller)
    model.layers.6.self_attn.k_proj: max |EYM gap| = 1.68e-06  (should be ~1e-6 or smaller)
    model.layers.6.self_attn.v_proj: max |EYM gap| = 1.59e-06  (should be ~1e-6 or smaller)
    model.layers.6.self_attn.o_proj: max |EYM gap| = 1.01e-06  (should be ~1e-6 or smaller)
    model.layers.6.mlp.gate_proj: max |EYM gap| = 5.79e-07  (should be ~1e-6 or smaller)
    model.layers.6.mlp.up_proj: max |EYM gap| = 4.54e-07  (should be ~1e-6 or smaller)
    model.layers.6.mlp.down_proj: max |EYM gap| = 2.06e-06  (should be ~1e-6 or smaller)
    model.layers.7.self_attn.q_proj: max |EYM gap| = 7.64e-07  (should be ~1e-6 or smaller)
    model.layers.7.self_attn.k_proj: max |EYM gap| = 1.55e-06  (should be ~1e-6 or smaller)
    model.layers.7.self_attn.v_proj: max |EYM gap| = 9.76e-07  (should be ~1e-6 or smaller)
    model.layers.7.self_attn.o_proj: max |EYM gap| = 2.20e-06  (should be ~1e-6 or smaller)
    model.layers.7.mlp.gate_proj: max |EYM gap| = 1.29e-06  (should be ~1e-6 or smaller)
    model.layers.7.mlp.up_proj: max |EYM gap| = 3.43e-07  (should be ~1e-6 or smaller)
    model.layers.7.mlp.down_proj: max |EYM gap| = 1.06e-06  (should be ~1e-6 or smaller)
    model.layers.8.self_attn.q_proj: max |EYM gap| = 9.99e-07  (should be ~1e-6 or smaller)
    model.layers.8.self_attn.k_proj: max |EYM gap| = 4.21e-06  (should be ~1e-6 or smaller)
    model.layers.8.self_attn.v_proj: max |EYM gap| = 2.92e-06  (should be ~1e-6 or smaller)
    model.layers.8.self_attn.o_proj: max |EYM gap| = 1.09e-06  (should be ~1e-6 or smaller)
    model.layers.8.mlp.gate_proj: max |EYM gap| = 2.87e-07  (should be ~1e-6 or smaller)
    model.layers.8.mlp.up_proj: max |EYM gap| = 9.41e-07  (should be ~1e-6 or smaller)
    model.layers.8.mlp.down_proj: max |EYM gap| = 1.45e-06  (should be ~1e-6 or smaller)
    model.layers.9.self_attn.q_proj: max |EYM gap| = 1.73e-06  (should be ~1e-6 or smaller)
    model.layers.9.self_attn.k_proj: max |EYM gap| = 5.15e-06  (should be ~1e-6 or smaller)
    model.layers.9.self_attn.v_proj: max |EYM gap| = 4.82e-06  (should be ~1e-6 or smaller)
    model.layers.9.self_attn.o_proj: max |EYM gap| = 8.76e-07  (should be ~1e-6 or smaller)
    model.layers.9.mlp.gate_proj: max |EYM gap| = 2.00e-06  (should be ~1e-6 or smaller)
    model.layers.9.mlp.up_proj: max |EYM gap| = 9.35e-07  (should be ~1e-6 or smaller)
    model.layers.9.mlp.down_proj: max |EYM gap| = 1.53e-06  (should be ~1e-6 or smaller)
    model.layers.10.self_attn.q_proj: max |EYM gap| = 9.98e-07  (should be ~1e-6 or smaller)
    model.layers.10.self_attn.k_proj: max |EYM gap| = 1.74e-06  (should be ~1e-6 or smaller)
    model.layers.10.self_attn.v_proj: max |EYM gap| = 8.60e-07  (should be ~1e-6 or smaller)
    model.layers.10.self_attn.o_proj: max |EYM gap| = 1.82e-06  (should be ~1e-6 or smaller)
    model.layers.10.mlp.gate_proj: max |EYM gap| = 1.08e-06  (should be ~1e-6 or smaller)
    model.layers.10.mlp.up_proj: max |EYM gap| = 9.19e-07  (should be ~1e-6 or smaller)
    model.layers.10.mlp.down_proj: max |EYM gap| = 1.74e-06  (should be ~1e-6 or smaller)
    model.layers.11.self_attn.q_proj: max |EYM gap| = 1.04e-06  (should be ~1e-6 or smaller)
    model.layers.11.self_attn.k_proj: max |EYM gap| = 9.89e-07  (should be ~1e-6 or smaller)
    model.layers.11.self_attn.v_proj: max |EYM gap| = 3.33e-06  (should be ~1e-6 or smaller)
    model.layers.11.self_attn.o_proj: max |EYM gap| = 1.61e-06  (should be ~1e-6 or smaller)
    model.layers.11.mlp.gate_proj: max |EYM gap| = 1.03e-06  (should be ~1e-6 or smaller)
    model.layers.11.mlp.up_proj: max |EYM gap| = 5.57e-07  (should be ~1e-6 or smaller)
    model.layers.11.mlp.down_proj: max |EYM gap| = 1.03e-06  (should be ~1e-6 or smaller)
    model.layers.12.self_attn.q_proj: max |EYM gap| = 3.16e-06  (should be ~1e-6 or smaller)
    model.layers.12.self_attn.k_proj: max |EYM gap| = 3.26e-06  (should be ~1e-6 or smaller)
    model.layers.12.self_attn.v_proj: max |EYM gap| = 1.61e-06  (should be ~1e-6 or smaller)
    model.layers.12.self_attn.o_proj: max |EYM gap| = 1.56e-06  (should be ~1e-6 or smaller)
    model.layers.12.mlp.gate_proj: max |EYM gap| = 1.93e-06  (should be ~1e-6 or smaller)
    model.layers.12.mlp.up_proj: max |EYM gap| = 1.52e-06  (should be ~1e-6 or smaller)
    model.layers.12.mlp.down_proj: max |EYM gap| = 1.64e-06  (should be ~1e-6 or smaller)
    model.layers.13.self_attn.q_proj: max |EYM gap| = 1.02e-06  (should be ~1e-6 or smaller)
    model.layers.13.self_attn.k_proj: max |EYM gap| = 3.55e-06  (should be ~1e-6 or smaller)
    model.layers.13.self_attn.v_proj: max |EYM gap| = 2.38e-06  (should be ~1e-6 or smaller)
    model.layers.13.self_attn.o_proj: max |EYM gap| = 1.55e-06  (should be ~1e-6 or smaller)
    model.layers.13.mlp.gate_proj: max |EYM gap| = 9.73e-07  (should be ~1e-6 or smaller)
    model.layers.13.mlp.up_proj: max |EYM gap| = 1.44e-06  (should be ~1e-6 or smaller)
    model.layers.13.mlp.down_proj: max |EYM gap| = 5.96e-07  (should be ~1e-6 or smaller)
    model.layers.14.self_attn.q_proj: max |EYM gap| = 1.02e-06  (should be ~1e-6 or smaller)
    model.layers.14.self_attn.k_proj: max |EYM gap| = 1.17e-06  (should be ~1e-6 or smaller)
    model.layers.14.self_attn.v_proj: max |EYM gap| = 9.94e-07  (should be ~1e-6 or smaller)
    model.layers.14.self_attn.o_proj: max |EYM gap| = 2.19e-06  (should be ~1e-6 or smaller)
    model.layers.14.mlp.gate_proj: max |EYM gap| = 6.24e-07  (should be ~1e-6 or smaller)
    model.layers.14.mlp.up_proj: max |EYM gap| = 1.31e-06  (should be ~1e-6 or smaller)
    model.layers.14.mlp.down_proj: max |EYM gap| = 3.98e-07  (should be ~1e-6 or smaller)
    model.layers.15.self_attn.q_proj: max |EYM gap| = 7.58e-07  (should be ~1e-6 or smaller)
    model.layers.15.self_attn.k_proj: max |EYM gap| = 2.65e-06  (should be ~1e-6 or smaller)
    model.layers.15.self_attn.v_proj: max |EYM gap| = 1.66e-06  (should be ~1e-6 or smaller)
    model.layers.15.self_attn.o_proj: max |EYM gap| = 9.74e-07  (should be ~1e-6 or smaller)
    model.layers.15.mlp.gate_proj: max |EYM gap| = 6.67e-07  (should be ~1e-6 or smaller)
    model.layers.15.mlp.up_proj: max |EYM gap| = 7.70e-07  (should be ~1e-6 or smaller)
    model.layers.15.mlp.down_proj: max |EYM gap| = 1.42e-06  (should be ~1e-6 or smaller)
    model.layers.16.self_attn.q_proj: max |EYM gap| = 1.13e-06  (should be ~1e-6 or smaller)
    model.layers.16.self_attn.k_proj: max |EYM gap| = 4.56e-06  (should be ~1e-6 or smaller)
    model.layers.16.self_attn.v_proj: max |EYM gap| = 1.98e-06  (should be ~1e-6 or smaller)
    model.layers.16.self_attn.o_proj: max |EYM gap| = 1.30e-06  (should be ~1e-6 or smaller)
    model.layers.16.mlp.gate_proj: max |EYM gap| = 9.81e-07  (should be ~1e-6 or smaller)
    model.layers.16.mlp.up_proj: max |EYM gap| = 1.03e-06  (should be ~1e-6 or smaller)
    model.layers.16.mlp.down_proj: max |EYM gap| = 9.16e-07  (should be ~1e-6 or smaller)
    model.layers.17.self_attn.q_proj: max |EYM gap| = 9.55e-07  (should be ~1e-6 or smaller)
    model.layers.17.self_attn.k_proj: max |EYM gap| = 4.40e-06  (should be ~1e-6 or smaller)
    model.layers.17.self_attn.v_proj: max |EYM gap| = 1.04e-06  (should be ~1e-6 or smaller)
    model.layers.17.self_attn.o_proj: max |EYM gap| = 2.06e-06  (should be ~1e-6 or smaller)
    model.layers.17.mlp.gate_proj: max |EYM gap| = 9.61e-07  (should be ~1e-6 or smaller)
    model.layers.17.mlp.up_proj: max |EYM gap| = 6.12e-07  (should be ~1e-6 or smaller)
    model.layers.17.mlp.down_proj: max |EYM gap| = 8.75e-07  (should be ~1e-6 or smaller)
    model.layers.18.self_attn.q_proj: max |EYM gap| = 2.02e-06  (should be ~1e-6 or smaller)
    model.layers.18.self_attn.k_proj: max |EYM gap| = 4.96e-06  (should be ~1e-6 or smaller)
    model.layers.18.self_attn.v_proj: max |EYM gap| = 9.92e-07  (should be ~1e-6 or smaller)
    model.layers.18.self_attn.o_proj: max |EYM gap| = 1.57e-06  (should be ~1e-6 or smaller)
    model.layers.18.mlp.gate_proj: max |EYM gap| = 8.53e-07  (should be ~1e-6 or smaller)
    model.layers.18.mlp.up_proj: max |EYM gap| = 9.22e-07  (should be ~1e-6 or smaller)
    model.layers.18.mlp.down_proj: max |EYM gap| = 5.30e-07  (should be ~1e-6 or smaller)
    model.layers.19.self_attn.q_proj: max |EYM gap| = 1.02e-06  (should be ~1e-6 or smaller)
    model.layers.19.self_attn.k_proj: max |EYM gap| = 2.47e-06  (should be ~1e-6 or smaller)
    model.layers.19.self_attn.v_proj: max |EYM gap| = 2.83e-06  (should be ~1e-6 or smaller)
    model.layers.19.self_attn.o_proj: max |EYM gap| = 2.66e-06  (should be ~1e-6 or smaller)
    model.layers.19.mlp.gate_proj: max |EYM gap| = 5.42e-07  (should be ~1e-6 or smaller)
    model.layers.19.mlp.up_proj: max |EYM gap| = 2.09e-06  (should be ~1e-6 or smaller)
    model.layers.19.mlp.down_proj: max |EYM gap| = 1.21e-06  (should be ~1e-6 or smaller)
    model.layers.20.self_attn.q_proj: max |EYM gap| = 2.13e-06  (should be ~1e-6 or smaller)
    model.layers.20.self_attn.k_proj: max |EYM gap| = 3.94e-06  (should be ~1e-6 or smaller)
    model.layers.20.self_attn.v_proj: max |EYM gap| = 1.18e-06  (should be ~1e-6 or smaller)
    model.layers.20.self_attn.o_proj: max |EYM gap| = 7.96e-07  (should be ~1e-6 or smaller)
    model.layers.20.mlp.gate_proj: max |EYM gap| = 1.81e-06  (should be ~1e-6 or smaller)
    model.layers.20.mlp.up_proj: max |EYM gap| = 4.38e-07  (should be ~1e-6 or smaller)
    model.layers.20.mlp.down_proj: max |EYM gap| = 1.21e-06  (should be ~1e-6 or smaller)
    model.layers.21.self_attn.q_proj: max |EYM gap| = 9.10e-07  (should be ~1e-6 or smaller)
    model.layers.21.self_attn.k_proj: max |EYM gap| = 2.83e-06  (should be ~1e-6 or smaller)
    model.layers.21.self_attn.v_proj: max |EYM gap| = 1.55e-06  (should be ~1e-6 or smaller)
    model.layers.21.self_attn.o_proj: max |EYM gap| = 2.04e-06  (should be ~1e-6 or smaller)
    model.layers.21.mlp.gate_proj: max |EYM gap| = 8.55e-07  (should be ~1e-6 or smaller)
    model.layers.21.mlp.up_proj: max |EYM gap| = 9.89e-07  (should be ~1e-6 or smaller)
    model.layers.21.mlp.down_proj: max |EYM gap| = 1.20e-06  (should be ~1e-6 or smaller)
    model.layers.22.self_attn.q_proj: max |EYM gap| = 1.67e-06  (should be ~1e-6 or smaller)
    model.layers.22.self_attn.k_proj: max |EYM gap| = 4.01e-06  (should be ~1e-6 or smaller)
    model.layers.22.self_attn.v_proj: max |EYM gap| = 1.20e-06  (should be ~1e-6 or smaller)
    model.layers.22.self_attn.o_proj: max |EYM gap| = 4.73e-07  (should be ~1e-6 or smaller)
    model.layers.22.mlp.gate_proj: max |EYM gap| = 1.06e-06  (should be ~1e-6 or smaller)
    model.layers.22.mlp.up_proj: max |EYM gap| = 7.48e-07  (should be ~1e-6 or smaller)
    model.layers.22.mlp.down_proj: max |EYM gap| = 5.57e-07  (should be ~1e-6 or smaller)
    model.layers.23.self_attn.q_proj: max |EYM gap| = 2.49e-06  (should be ~1e-6 or smaller)
    model.layers.23.self_attn.k_proj: max |EYM gap| = 1.64e-06  (should be ~1e-6 or smaller)
    model.layers.23.self_attn.v_proj: max |EYM gap| = 7.56e-07  (should be ~1e-6 or smaller)
    model.layers.23.self_attn.o_proj: max |EYM gap| = 1.77e-06  (should be ~1e-6 or smaller)
    model.layers.23.mlp.gate_proj: max |EYM gap| = 1.46e-06  (should be ~1e-6 or smaller)
    model.layers.23.mlp.up_proj: max |EYM gap| = 7.58e-07  (should be ~1e-6 or smaller)
    model.layers.23.mlp.down_proj: max |EYM gap| = 8.43e-07  (should be ~1e-6 or smaller)
    model.layers.24.self_attn.q_proj: max |EYM gap| = 1.64e-06  (should be ~1e-6 or smaller)
    model.layers.24.self_attn.k_proj: max |EYM gap| = 2.79e-06  (should be ~1e-6 or smaller)
    model.layers.24.self_attn.v_proj: max |EYM gap| = 2.17e-06  (should be ~1e-6 or smaller)
    model.layers.24.self_attn.o_proj: max |EYM gap| = 1.49e-06  (should be ~1e-6 or smaller)
    model.layers.24.mlp.gate_proj: max |EYM gap| = 7.93e-07  (should be ~1e-6 or smaller)
    model.layers.24.mlp.up_proj: max |EYM gap| = 1.11e-06  (should be ~1e-6 or smaller)
    model.layers.24.mlp.down_proj: max |EYM gap| = 2.98e-07  (should be ~1e-6 or smaller)
    model.layers.25.self_attn.q_proj: max |EYM gap| = 1.48e-06  (should be ~1e-6 or smaller)
    model.layers.25.self_attn.k_proj: max |EYM gap| = 3.08e-06  (should be ~1e-6 or smaller)
    model.layers.25.self_attn.v_proj: max |EYM gap| = 4.46e-06  (should be ~1e-6 or smaller)
    model.layers.25.self_attn.o_proj: max |EYM gap| = 1.07e-06  (should be ~1e-6 or smaller)
    model.layers.25.mlp.gate_proj: max |EYM gap| = 7.65e-07  (should be ~1e-6 or smaller)
    model.layers.25.mlp.up_proj: max |EYM gap| = 1.01e-06  (should be ~1e-6 or smaller)
    model.layers.25.mlp.down_proj: max |EYM gap| = 9.63e-07  (should be ~1e-6 or smaller)
    model.layers.26.self_attn.q_proj: max |EYM gap| = 1.88e-06  (should be ~1e-6 or smaller)
    model.layers.26.self_attn.k_proj: max |EYM gap| = 2.74e-06  (should be ~1e-6 or smaller)
    model.layers.26.self_attn.v_proj: max |EYM gap| = 2.39e-06  (should be ~1e-6 or smaller)
    model.layers.26.self_attn.o_proj: max |EYM gap| = 1.04e-06  (should be ~1e-6 or smaller)
    model.layers.26.mlp.gate_proj: max |EYM gap| = 5.39e-07  (should be ~1e-6 or smaller)
    model.layers.26.mlp.up_proj: max |EYM gap| = 6.53e-07  (should be ~1e-6 or smaller)
    model.layers.26.mlp.down_proj: max |EYM gap| = 1.33e-06  (should be ~1e-6 or smaller)
    model.layers.27.self_attn.q_proj: max |EYM gap| = 7.01e-07  (should be ~1e-6 or smaller)
    model.layers.27.self_attn.k_proj: max |EYM gap| = 3.11e-06  (should be ~1e-6 or smaller)
    model.layers.27.self_attn.v_proj: max |EYM gap| = 2.20e-06  (should be ~1e-6 or smaller)
    model.layers.27.self_attn.o_proj: max |EYM gap| = 3.09e-06  (should be ~1e-6 or smaller)
    model.layers.27.mlp.gate_proj: max |EYM gap| = 5.68e-07  (should be ~1e-6 or smaller)
    model.layers.27.mlp.up_proj: max |EYM gap| = 9.80e-07  (should be ~1e-6 or smaller)
    model.layers.27.mlp.down_proj: max |EYM gap| = 4.14e-07  (should be ~1e-6 or smaller)
    model.layers.28.self_attn.q_proj: max |EYM gap| = 6.93e-07  (should be ~1e-6 or smaller)
    model.layers.28.self_attn.k_proj: max |EYM gap| = 1.54e-06  (should be ~1e-6 or smaller)
    model.layers.28.self_attn.v_proj: max |EYM gap| = 2.87e-06  (should be ~1e-6 or smaller)
    model.layers.28.self_attn.o_proj: max |EYM gap| = 1.93e-06  (should be ~1e-6 or smaller)
    model.layers.28.mlp.gate_proj: max |EYM gap| = 7.05e-07  (should be ~1e-6 or smaller)
    model.layers.28.mlp.up_proj: max |EYM gap| = 7.32e-07  (should be ~1e-6 or smaller)
    model.layers.28.mlp.down_proj: max |EYM gap| = 1.38e-06  (should be ~1e-6 or smaller)
    model.layers.29.self_attn.q_proj: max |EYM gap| = 1.89e-06  (should be ~1e-6 or smaller)
    model.layers.29.self_attn.k_proj: max |EYM gap| = 6.38e-06  (should be ~1e-6 or smaller)
    model.layers.29.self_attn.v_proj: max |EYM gap| = 6.16e-06  (should be ~1e-6 or smaller)
    model.layers.29.self_attn.o_proj: max |EYM gap| = 1.35e-06  (should be ~1e-6 or smaller)
    model.layers.29.mlp.gate_proj: max |EYM gap| = 1.08e-06  (should be ~1e-6 or smaller)
    model.layers.29.mlp.up_proj: max |EYM gap| = 8.38e-07  (should be ~1e-6 or smaller)
    model.layers.29.mlp.down_proj: max |EYM gap| = 7.90e-07  (should be ~1e-6 or smaller)
    model.layers.30.self_attn.q_proj: max |EYM gap| = 1.26e-06  (should be ~1e-6 or smaller)
    model.layers.30.self_attn.k_proj: max |EYM gap| = 1.92e-06  (should be ~1e-6 or smaller)
    model.layers.30.self_attn.v_proj: max |EYM gap| = 3.43e-06  (should be ~1e-6 or smaller)
    model.layers.30.self_attn.o_proj: max |EYM gap| = 3.03e-06  (should be ~1e-6 or smaller)
    model.layers.30.mlp.gate_proj: max |EYM gap| = 6.48e-07  (should be ~1e-6 or smaller)
    model.layers.30.mlp.up_proj: max |EYM gap| = 7.41e-07  (should be ~1e-6 or smaller)
    model.layers.30.mlp.down_proj: max |EYM gap| = 1.78e-06  (should be ~1e-6 or smaller)
    model.layers.31.self_attn.q_proj: max |EYM gap| = 6.52e-07  (should be ~1e-6 or smaller)
    model.layers.31.self_attn.k_proj: max |EYM gap| = 1.27e-06  (should be ~1e-6 or smaller)
    model.layers.31.self_attn.v_proj: max |EYM gap| = 3.08e-06  (should be ~1e-6 or smaller)
    model.layers.31.self_attn.o_proj: max |EYM gap| = 1.31e-06  (should be ~1e-6 or smaller)
    model.layers.31.mlp.gate_proj: max |EYM gap| = 1.37e-06  (should be ~1e-6 or smaller)
    model.layers.31.mlp.up_proj: max |EYM gap| = 5.37e-07  (should be ~1e-6 or smaller)
    model.layers.31.mlp.down_proj: max |EYM gap| = 8.09e-07  (should be ~1e-6 or smaller)
    model.layers.32.self_attn.q_proj: max |EYM gap| = 9.24e-07  (should be ~1e-6 or smaller)
    model.layers.32.self_attn.k_proj: max |EYM gap| = 2.39e-06  (should be ~1e-6 or smaller)
    model.layers.32.self_attn.v_proj: max |EYM gap| = 2.35e-06  (should be ~1e-6 or smaller)
    model.layers.32.self_attn.o_proj: max |EYM gap| = 2.52e-06  (should be ~1e-6 or smaller)
    model.layers.32.mlp.gate_proj: max |EYM gap| = 9.13e-07  (should be ~1e-6 or smaller)
    model.layers.32.mlp.up_proj: max |EYM gap| = 5.16e-07  (should be ~1e-6 or smaller)
    model.layers.32.mlp.down_proj: max |EYM gap| = 3.34e-07  (should be ~1e-6 or smaller)
    model.layers.33.self_attn.q_proj: max |EYM gap| = 1.44e-06  (should be ~1e-6 or smaller)
    model.layers.33.self_attn.k_proj: max |EYM gap| = 2.56e-06  (should be ~1e-6 or smaller)
    model.layers.33.self_attn.v_proj: max |EYM gap| = 1.98e-06  (should be ~1e-6 or smaller)
    model.layers.33.self_attn.o_proj: max |EYM gap| = 1.91e-06  (should be ~1e-6 or smaller)
    model.layers.33.mlp.gate_proj: max |EYM gap| = 6.79e-07  (should be ~1e-6 or smaller)
    model.layers.33.mlp.up_proj: max |EYM gap| = 1.87e-07  (should be ~1e-6 or smaller)
    model.layers.33.mlp.down_proj: max |EYM gap| = 7.31e-07  (should be ~1e-6 or smaller)
    model.layers.34.self_attn.q_proj: max |EYM gap| = 1.54e-06  (should be ~1e-6 or smaller)
    model.layers.34.self_attn.k_proj: max |EYM gap| = 1.30e-06  (should be ~1e-6 or smaller)
    model.layers.34.self_attn.v_proj: max |EYM gap| = 6.19e-07  (should be ~1e-6 or smaller)
    model.layers.34.self_attn.o_proj: max |EYM gap| = 1.75e-06  (should be ~1e-6 or smaller)
    model.layers.34.mlp.gate_proj: max |EYM gap| = 6.07e-07  (should be ~1e-6 or smaller)
    model.layers.34.mlp.up_proj: max |EYM gap| = 6.42e-07  (should be ~1e-6 or smaller)
    model.layers.34.mlp.down_proj: max |EYM gap| = 3.28e-07  (should be ~1e-6 or smaller)
    model.layers.35.self_attn.q_proj: max |EYM gap| = 1.02e-06  (should be ~1e-6 or smaller)
    model.layers.35.self_attn.k_proj: max |EYM gap| = 2.99e-06  (should be ~1e-6 or smaller)
    model.layers.35.self_attn.v_proj: max |EYM gap| = 1.31e-06  (should be ~1e-6 or smaller)
    model.layers.35.self_attn.o_proj: max |EYM gap| = 1.40e-06  (should be ~1e-6 or smaller)
    model.layers.35.mlp.gate_proj: max |EYM gap| = 6.81e-07  (should be ~1e-6 or smaller)
    model.layers.35.mlp.up_proj: max |EYM gap| = 6.02e-07  (should be ~1e-6 or smaller)
    model.layers.35.mlp.down_proj: max |EYM gap| = 1.02e-06  (should be ~1e-6 or smaller)
[analyze] adamw-r16-Lall-q-k-v-o-gate-up-down-lr0.0002-s0-shuffled
    full       k= 16  A/B(bal) unseen 0.327 seen 0.578 val 0.546
    svd        k=  1  A/B(bal) unseen 0.404 seen 0.489 val 0.575
    data_aware k=  1  A/B(bal) unseen 0.346 seen 0.533 val 0.574
    naive      k=  1  A/B(bal) unseen 0.404 seen 0.578 val 3.302
    ablate     k=  1  A/B(bal) unseen 0.385 seen 0.556 val 2.162
    svd        k=  2  A/B(bal) unseen 0.404 seen 0.511 val 0.553
    data_aware k=  2  A/B(bal) unseen 0.346 seen 0.511 val 0.553
    naive      k=  2  A/B(bal) unseen 0.385 seen 0.578 val 2.414
    ablate     k=  2  A/B(bal) unseen 0.404 seen 0.622 val 2.910
    svd        k=  4  A/B(bal) unseen 0.327 seen 0.622 val 0.548
    data_aware k=  4  A/B(bal) unseen 0.327 seen 0.533 val 0.548
    naive      k=  4  A/B(bal) unseen 0.404 seen 0.600 val 1.835
    ablate     k=  4  A/B(bal) unseen 0.423 seen 0.622 val 4.120
    svd        k=  8  A/B(bal) unseen 0.346 seen 0.622 val 0.547
    data_aware k=  8  A/B(bal) unseen 0.308 seen 0.533 val 0.547
    naive      k=  8  A/B(bal) unseen 0.404 seen 0.600 val 1.012
    ablate     k=  8  A/B(bal) unseen 0.423 seen 0.578 val 5.734
    model.layers.0.self_attn.q_proj: max |EYM gap| = 6.61e-07  (should be ~1e-6 or smaller)
    model.layers.0.self_attn.k_proj: max |EYM gap| = 2.61e-06  (should be ~1e-6 or smaller)
    model.layers.0.self_attn.v_proj: max |EYM gap| = 2.09e-06  (should be ~1e-6 or smaller)
    model.layers.0.self_attn.o_proj: max |EYM gap| = 2.74e-06  (should be ~1e-6 or smaller)
    model.layers.0.mlp.gate_proj: max |EYM gap| = 1.02e-06  (should be ~1e-6 or smaller)
    model.layers.0.mlp.up_proj: max |EYM gap| = 1.30e-06  (should be ~1e-6 or smaller)
    model.layers.0.mlp.down_proj: max |EYM gap| = 2.77e-06  (should be ~1e-6 or smaller)
    model.layers.1.self_attn.q_proj: max |EYM gap| = 2.48e-06  (should be ~1e-6 or smaller)
    model.layers.1.self_attn.k_proj: max |EYM gap| = 1.25e-06  (should be ~1e-6 or smaller)
    model.layers.1.self_attn.v_proj: max |EYM gap| = 1.50e-06  (should be ~1e-6 or smaller)
    model.layers.1.self_attn.o_proj: max |EYM gap| = 2.22e-06  (should be ~1e-6 or smaller)
    model.layers.1.mlp.gate_proj: max |EYM gap| = 7.17e-07  (should be ~1e-6 or smaller)
    model.layers.1.mlp.up_proj: max |EYM gap| = 1.14e-06  (should be ~1e-6 or smaller)
    model.layers.1.mlp.down_proj: max |EYM gap| = 9.82e-07  (should be ~1e-6 or smaller)
    model.layers.2.self_attn.q_proj: max |EYM gap| = 7.72e-07  (should be ~1e-6 or smaller)
    model.layers.2.self_attn.k_proj: max |EYM gap| = 1.32e-06  (should be ~1e-6 or smaller)
    model.layers.2.self_attn.v_proj: max |EYM gap| = 1.16e-06  (should be ~1e-6 or smaller)
    model.layers.2.self_attn.o_proj: max |EYM gap| = 2.49e-06  (should be ~1e-6 or smaller)
    model.layers.2.mlp.gate_proj: max |EYM gap| = 1.13e-06  (should be ~1e-6 or smaller)
    model.layers.2.mlp.up_proj: max |EYM gap| = 8.27e-07  (should be ~1e-6 or smaller)
    model.layers.2.mlp.down_proj: max |EYM gap| = 6.81e-07  (should be ~1e-6 or smaller)
    model.layers.3.self_attn.q_proj: max |EYM gap| = 4.00e-07  (should be ~1e-6 or smaller)
    model.layers.3.self_attn.k_proj: max |EYM gap| = 2.39e-06  (should be ~1e-6 or smaller)
    model.layers.3.self_attn.v_proj: max |EYM gap| = 2.55e-06  (should be ~1e-6 or smaller)
    model.layers.3.self_attn.o_proj: max |EYM gap| = 2.29e-06  (should be ~1e-6 or smaller)
    model.layers.3.mlp.gate_proj: max |EYM gap| = 6.41e-07  (should be ~1e-6 or smaller)
    model.layers.3.mlp.up_proj: max |EYM gap| = 1.81e-06  (should be ~1e-6 or smaller)
    model.layers.3.mlp.down_proj: max |EYM gap| = 2.81e-07  (should be ~1e-6 or smaller)
    model.layers.4.self_attn.q_proj: max |EYM gap| = 9.98e-07  (should be ~1e-6 or smaller)
    model.layers.4.self_attn.k_proj: max |EYM gap| = 1.56e-06  (should be ~1e-6 or smaller)
    model.layers.4.self_attn.v_proj: max |EYM gap| = 1.31e-06  (should be ~1e-6 or smaller)
    model.layers.4.self_attn.o_proj: max |EYM gap| = 3.99e-07  (should be ~1e-6 or smaller)
    model.layers.4.mlp.gate_proj: max |EYM gap| = 1.14e-06  (should be ~1e-6 or smaller)
    model.layers.4.mlp.up_proj: max |EYM gap| = 5.93e-07  (should be ~1e-6 or smaller)
    model.layers.4.mlp.down_proj: max |EYM gap| = 2.53e-06  (should be ~1e-6 or smaller)
    model.layers.5.self_attn.q_proj: max |EYM gap| = 8.81e-07  (should be ~1e-6 or smaller)
    model.layers.5.self_attn.k_proj: max |EYM gap| = 1.27e-06  (should be ~1e-6 or smaller)
    model.layers.5.self_attn.v_proj: max |EYM gap| = 5.04e-06  (should be ~1e-6 or smaller)
    model.layers.5.self_attn.o_proj: max |EYM gap| = 1.31e-06  (should be ~1e-6 or smaller)
    model.layers.5.mlp.gate_proj: max |EYM gap| = 1.57e-06  (should be ~1e-6 or smaller)
    model.layers.5.mlp.up_proj: max |EYM gap| = 1.87e-06  (should be ~1e-6 or smaller)
    model.layers.5.mlp.down_proj: max |EYM gap| = 7.54e-07  (should be ~1e-6 or smaller)
    model.layers.6.self_attn.q_proj: max |EYM gap| = 1.77e-06  (should be ~1e-6 or smaller)
    model.layers.6.self_attn.k_proj: max |EYM gap| = 2.12e-06  (should be ~1e-6 or smaller)
    model.layers.6.self_attn.v_proj: max |EYM gap| = 1.22e-06  (should be ~1e-6 or smaller)
    model.layers.6.self_attn.o_proj: max |EYM gap| = 9.90e-07  (should be ~1e-6 or smaller)
    model.layers.6.mlp.gate_proj: max |EYM gap| = 4.11e-07  (should be ~1e-6 or smaller)
    model.layers.6.mlp.up_proj: max |EYM gap| = 1.01e-06  (should be ~1e-6 or smaller)
    model.layers.6.mlp.down_proj: max |EYM gap| = 2.64e-06  (should be ~1e-6 or smaller)
    model.layers.7.self_attn.q_proj: max |EYM gap| = 1.33e-06  (should be ~1e-6 or smaller)
    model.layers.7.self_attn.k_proj: max |EYM gap| = 3.50e-06  (should be ~1e-6 or smaller)
    model.layers.7.self_attn.v_proj: max |EYM gap| = 1.08e-06  (should be ~1e-6 or smaller)
    model.layers.7.self_attn.o_proj: max |EYM gap| = 6.91e-07  (should be ~1e-6 or smaller)
    model.layers.7.mlp.gate_proj: max |EYM gap| = 9.87e-07  (should be ~1e-6 or smaller)
    model.layers.7.mlp.up_proj: max |EYM gap| = 7.20e-07  (should be ~1e-6 or smaller)
    model.layers.7.mlp.down_proj: max |EYM gap| = 9.34e-07  (should be ~1e-6 or smaller)
    model.layers.8.self_attn.q_proj: max |EYM gap| = 1.14e-06  (should be ~1e-6 or smaller)
    model.layers.8.self_attn.k_proj: max |EYM gap| = 2.41e-06  (should be ~1e-6 or smaller)
    model.layers.8.self_attn.v_proj: max |EYM gap| = 1.59e-06  (should be ~1e-6 or smaller)
    model.layers.8.self_attn.o_proj: max |EYM gap| = 4.11e-07  (should be ~1e-6 or smaller)
    model.layers.8.mlp.gate_proj: max |EYM gap| = 7.78e-07  (should be ~1e-6 or smaller)
    model.layers.8.mlp.up_proj: max |EYM gap| = 1.55e-06  (should be ~1e-6 or smaller)
    model.layers.8.mlp.down_proj: max |EYM gap| = 1.78e-06  (should be ~1e-6 or smaller)
    model.layers.9.self_attn.q_proj: max |EYM gap| = 1.66e-06  (should be ~1e-6 or smaller)
    model.layers.9.self_attn.k_proj: max |EYM gap| = 1.25e-06  (should be ~1e-6 or smaller)
    model.layers.9.self_attn.v_proj: max |EYM gap| = 2.56e-06  (should be ~1e-6 or smaller)
    model.layers.9.self_attn.o_proj: max |EYM gap| = 1.47e-06  (should be ~1e-6 or smaller)
    model.layers.9.mlp.gate_proj: max |EYM gap| = 1.14e-06  (should be ~1e-6 or smaller)
    model.layers.9.mlp.up_proj: max |EYM gap| = 1.20e-06  (should be ~1e-6 or smaller)
    model.layers.9.mlp.down_proj: max |EYM gap| = 9.53e-07  (should be ~1e-6 or smaller)
    model.layers.10.self_attn.q_proj: max |EYM gap| = 1.69e-06  (should be ~1e-6 or smaller)
    model.layers.10.self_attn.k_proj: max |EYM gap| = 4.20e-06  (should be ~1e-6 or smaller)
    model.layers.10.self_attn.v_proj: max |EYM gap| = 1.09e-06  (should be ~1e-6 or smaller)
    model.layers.10.self_attn.o_proj: max |EYM gap| = 2.73e-06  (should be ~1e-6 or smaller)
    model.layers.10.mlp.gate_proj: max |EYM gap| = 8.93e-07  (should be ~1e-6 or smaller)
    model.layers.10.mlp.up_proj: max |EYM gap| = 4.62e-07  (should be ~1e-6 or smaller)
    model.layers.10.mlp.down_proj: max |EYM gap| = 6.01e-07  (should be ~1e-6 or smaller)
    model.layers.11.self_attn.q_proj: max |EYM gap| = 4.46e-07  (should be ~1e-6 or smaller)
    model.layers.11.self_attn.k_proj: max |EYM gap| = 4.16e-06  (should be ~1e-6 or smaller)
    model.layers.11.self_attn.v_proj: max |EYM gap| = 2.63e-06  (should be ~1e-6 or smaller)
    model.layers.11.self_attn.o_proj: max |EYM gap| = 7.56e-07  (should be ~1e-6 or smaller)
    model.layers.11.mlp.gate_proj: max |EYM gap| = 3.00e-06  (should be ~1e-6 or smaller)
    model.layers.11.mlp.up_proj: max |EYM gap| = 1.57e-06  (should be ~1e-6 or smaller)
    model.layers.11.mlp.down_proj: max |EYM gap| = 5.27e-07  (should be ~1e-6 or smaller)
    model.layers.12.self_attn.q_proj: max |EYM gap| = 7.51e-07  (should be ~1e-6 or smaller)
    model.layers.12.self_attn.k_proj: max |EYM gap| = 3.23e-06  (should be ~1e-6 or smaller)
    model.layers.12.self_attn.v_proj: max |EYM gap| = 1.91e-06  (should be ~1e-6 or smaller)
    model.layers.12.self_attn.o_proj: max |EYM gap| = 1.41e-06  (should be ~1e-6 or smaller)
    model.layers.12.mlp.gate_proj: max |EYM gap| = 2.06e-06  (should be ~1e-6 or smaller)
    model.layers.12.mlp.up_proj: max |EYM gap| = 1.44e-06  (should be ~1e-6 or smaller)
    model.layers.12.mlp.down_proj: max |EYM gap| = 1.71e-06  (should be ~1e-6 or smaller)
    model.layers.13.self_attn.q_proj: max |EYM gap| = 1.72e-06  (should be ~1e-6 or smaller)
    model.layers.13.self_attn.k_proj: max |EYM gap| = 2.23e-06  (should be ~1e-6 or smaller)
    model.layers.13.self_attn.v_proj: max |EYM gap| = 4.01e-06  (should be ~1e-6 or smaller)
    model.layers.13.self_attn.o_proj: max |EYM gap| = 1.50e-06  (should be ~1e-6 or smaller)
    model.layers.13.mlp.gate_proj: max |EYM gap| = 6.07e-07  (should be ~1e-6 or smaller)
    model.layers.13.mlp.up_proj: max |EYM gap| = 1.33e-06  (should be ~1e-6 or smaller)
    model.layers.13.mlp.down_proj: max |EYM gap| = 7.55e-07  (should be ~1e-6 or smaller)
    model.layers.14.self_attn.q_proj: max |EYM gap| = 1.82e-06  (should be ~1e-6 or smaller)
    model.layers.14.self_attn.k_proj: max |EYM gap| = 2.30e-06  (should be ~1e-6 or smaller)
    model.layers.14.self_attn.v_proj: max |EYM gap| = 1.99e-06  (should be ~1e-6 or smaller)
    model.layers.14.self_attn.o_proj: max |EYM gap| = 1.43e-06  (should be ~1e-6 or smaller)
    model.layers.14.mlp.gate_proj: max |EYM gap| = 4.27e-07  (should be ~1e-6 or smaller)
    model.layers.14.mlp.up_proj: max |EYM gap| = 1.34e-06  (should be ~1e-6 or smaller)
    model.layers.14.mlp.down_proj: max |EYM gap| = 1.06e-06  (should be ~1e-6 or smaller)
    model.layers.15.self_attn.q_proj: max |EYM gap| = 2.42e-06  (should be ~1e-6 or smaller)
    model.layers.15.self_attn.k_proj: max |EYM gap| = 1.97e-06  (should be ~1e-6 or smaller)
    model.layers.15.self_attn.v_proj: max |EYM gap| = 1.09e-06  (should be ~1e-6 or smaller)
    model.layers.15.self_attn.o_proj: max |EYM gap| = 2.84e-06  (should be ~1e-6 or smaller)
    model.layers.15.mlp.gate_proj: max |EYM gap| = 8.59e-07  (should be ~1e-6 or smaller)
    model.layers.15.mlp.up_proj: max |EYM gap| = 7.07e-07  (should be ~1e-6 or smaller)
    model.layers.15.mlp.down_proj: max |EYM gap| = 1.08e-06  (should be ~1e-6 or smaller)
    model.layers.16.self_attn.q_proj: max |EYM gap| = 9.37e-07  (should be ~1e-6 or smaller)
    model.layers.16.self_attn.k_proj: max |EYM gap| = 4.17e-07  (should be ~1e-6 or smaller)
    model.layers.16.self_attn.v_proj: max |EYM gap| = 4.33e-06  (should be ~1e-6 or smaller)
    model.layers.16.self_attn.o_proj: max |EYM gap| = 2.21e-06  (should be ~1e-6 or smaller)
    model.layers.16.mlp.gate_proj: max |EYM gap| = 5.94e-07  (should be ~1e-6 or smaller)
    model.layers.16.mlp.up_proj: max |EYM gap| = 7.26e-07  (should be ~1e-6 or smaller)
    model.layers.16.mlp.down_proj: max |EYM gap| = 1.04e-06  (should be ~1e-6 or smaller)
    model.layers.17.self_attn.q_proj: max |EYM gap| = 1.51e-06  (should be ~1e-6 or smaller)
    model.layers.17.self_attn.k_proj: max |EYM gap| = 4.99e-06  (should be ~1e-6 or smaller)
    model.layers.17.self_attn.v_proj: max |EYM gap| = 1.20e-06  (should be ~1e-6 or smaller)
    model.layers.17.self_attn.o_proj: max |EYM gap| = 6.32e-07  (should be ~1e-6 or smaller)
    model.layers.17.mlp.gate_proj: max |EYM gap| = 6.70e-07  (should be ~1e-6 or smaller)
    model.layers.17.mlp.up_proj: max |EYM gap| = 1.10e-06  (should be ~1e-6 or smaller)
    model.layers.17.mlp.down_proj: max |EYM gap| = 8.87e-07  (should be ~1e-6 or smaller)
    model.layers.18.self_attn.q_proj: max |EYM gap| = 8.26e-07  (should be ~1e-6 or smaller)
    model.layers.18.self_attn.k_proj: max |EYM gap| = 2.83e-06  (should be ~1e-6 or smaller)
    model.layers.18.self_attn.v_proj: max |EYM gap| = 1.63e-06  (should be ~1e-6 or smaller)
    model.layers.18.self_attn.o_proj: max |EYM gap| = 1.83e-06  (should be ~1e-6 or smaller)
    model.layers.18.mlp.gate_proj: max |EYM gap| = 8.75e-07  (should be ~1e-6 or smaller)
    model.layers.18.mlp.up_proj: max |EYM gap| = 1.54e-06  (should be ~1e-6 or smaller)
    model.layers.18.mlp.down_proj: max |EYM gap| = 8.93e-07  (should be ~1e-6 or smaller)
    model.layers.19.self_attn.q_proj: max |EYM gap| = 1.56e-06  (should be ~1e-6 or smaller)
    model.layers.19.self_attn.k_proj: max |EYM gap| = 9.26e-07  (should be ~1e-6 or smaller)
    model.layers.19.self_attn.v_proj: max |EYM gap| = 2.32e-06  (should be ~1e-6 or smaller)
    model.layers.19.self_attn.o_proj: max |EYM gap| = 8.54e-07  (should be ~1e-6 or smaller)
    model.layers.19.mlp.gate_proj: max |EYM gap| = 4.54e-07  (should be ~1e-6 or smaller)
    model.layers.19.mlp.up_proj: max |EYM gap| = 1.31e-06  (should be ~1e-6 or smaller)
    model.layers.19.mlp.down_proj: max |EYM gap| = 6.69e-07  (should be ~1e-6 or smaller)
    model.layers.20.self_attn.q_proj: max |EYM gap| = 1.19e-06  (should be ~1e-6 or smaller)
    model.layers.20.self_attn.k_proj: max |EYM gap| = 2.49e-06  (should be ~1e-6 or smaller)
    model.layers.20.self_attn.v_proj: max |EYM gap| = 1.29e-06  (should be ~1e-6 or smaller)
    model.layers.20.self_attn.o_proj: max |EYM gap| = 5.80e-07  (should be ~1e-6 or smaller)
    model.layers.20.mlp.gate_proj: max |EYM gap| = 4.38e-07  (should be ~1e-6 or smaller)
    model.layers.20.mlp.up_proj: max |EYM gap| = 5.73e-07  (should be ~1e-6 or smaller)
    model.layers.20.mlp.down_proj: max |EYM gap| = 4.54e-07  (should be ~1e-6 or smaller)
    model.layers.21.self_attn.q_proj: max |EYM gap| = 1.32e-06  (should be ~1e-6 or smaller)
    model.layers.21.self_attn.k_proj: max |EYM gap| = 2.84e-06  (should be ~1e-6 or smaller)
    model.layers.21.self_attn.v_proj: max |EYM gap| = 1.79e-06  (should be ~1e-6 or smaller)
    model.layers.21.self_attn.o_proj: max |EYM gap| = 7.71e-07  (should be ~1e-6 or smaller)
    model.layers.21.mlp.gate_proj: max |EYM gap| = 1.10e-06  (should be ~1e-6 or smaller)
    model.layers.21.mlp.up_proj: max |EYM gap| = 5.05e-07  (should be ~1e-6 or smaller)
    model.layers.21.mlp.down_proj: max |EYM gap| = 6.11e-07  (should be ~1e-6 or smaller)
    model.layers.22.self_attn.q_proj: max |EYM gap| = 5.34e-06  (should be ~1e-6 or smaller)
    model.layers.22.self_attn.k_proj: max |EYM gap| = 1.75e-06  (should be ~1e-6 or smaller)
    model.layers.22.self_attn.v_proj: max |EYM gap| = 2.25e-06  (should be ~1e-6 or smaller)
    model.layers.22.self_attn.o_proj: max |EYM gap| = 1.03e-06  (should be ~1e-6 or smaller)
    model.layers.22.mlp.gate_proj: max |EYM gap| = 9.06e-07  (should be ~1e-6 or smaller)
    model.layers.22.mlp.up_proj: max |EYM gap| = 1.14e-06  (should be ~1e-6 or smaller)
    model.layers.22.mlp.down_proj: max |EYM gap| = 5.34e-07  (should be ~1e-6 or smaller)
    model.layers.23.self_attn.q_proj: max |EYM gap| = 1.53e-06  (should be ~1e-6 or smaller)
    model.layers.23.self_attn.k_proj: max |EYM gap| = 2.68e-06  (should be ~1e-6 or smaller)
    model.layers.23.self_attn.v_proj: max |EYM gap| = 3.02e-06  (should be ~1e-6 or smaller)
    model.layers.23.self_attn.o_proj: max |EYM gap| = 8.27e-07  (should be ~1e-6 or smaller)
    model.layers.23.mlp.gate_proj: max |EYM gap| = 3.88e-07  (should be ~1e-6 or smaller)
    model.layers.23.mlp.up_proj: max |EYM gap| = 5.45e-07  (should be ~1e-6 or smaller)
    model.layers.23.mlp.down_proj: max |EYM gap| = 1.56e-06  (should be ~1e-6 or smaller)
    model.layers.24.self_attn.q_proj: max |EYM gap| = 4.74e-07  (should be ~1e-6 or smaller)
    model.layers.24.self_attn.k_proj: max |EYM gap| = 1.74e-06  (should be ~1e-6 or smaller)
    model.layers.24.self_attn.v_proj: max |EYM gap| = 4.04e-07  (should be ~1e-6 or smaller)
    model.layers.24.self_attn.o_proj: max |EYM gap| = 1.02e-06  (should be ~1e-6 or smaller)
    model.layers.24.mlp.gate_proj: max |EYM gap| = 4.56e-07  (should be ~1e-6 or smaller)
    model.layers.24.mlp.up_proj: max |EYM gap| = 6.29e-07  (should be ~1e-6 or smaller)
    model.layers.24.mlp.down_proj: max |EYM gap| = 8.91e-07  (should be ~1e-6 or smaller)
    model.layers.25.self_attn.q_proj: max |EYM gap| = 9.31e-07  (should be ~1e-6 or smaller)
    model.layers.25.self_attn.k_proj: max |EYM gap| = 4.79e-06  (should be ~1e-6 or smaller)
    model.layers.25.self_attn.v_proj: max |EYM gap| = 1.52e-06  (should be ~1e-6 or smaller)
    model.layers.25.self_attn.o_proj: max |EYM gap| = 7.17e-07  (should be ~1e-6 or smaller)
    model.layers.25.mlp.gate_proj: max |EYM gap| = 5.52e-07  (should be ~1e-6 or smaller)
    model.layers.25.mlp.up_proj: max |EYM gap| = 6.61e-07  (should be ~1e-6 or smaller)
    model.layers.25.mlp.down_proj: max |EYM gap| = 8.70e-07  (should be ~1e-6 or smaller)
    model.layers.26.self_attn.q_proj: max |EYM gap| = 1.13e-06  (should be ~1e-6 or smaller)
    model.layers.26.self_attn.k_proj: max |EYM gap| = 2.01e-06  (should be ~1e-6 or smaller)
    model.layers.26.self_attn.v_proj: max |EYM gap| = 1.44e-06  (should be ~1e-6 or smaller)
    model.layers.26.self_attn.o_proj: max |EYM gap| = 1.58e-06  (should be ~1e-6 or smaller)
    model.layers.26.mlp.gate_proj: max |EYM gap| = 6.83e-07  (should be ~1e-6 or smaller)
    model.layers.26.mlp.up_proj: max |EYM gap| = 1.18e-06  (should be ~1e-6 or smaller)
    model.layers.26.mlp.down_proj: max |EYM gap| = 5.35e-07  (should be ~1e-6 or smaller)
    model.layers.27.self_attn.q_proj: max |EYM gap| = 1.41e-06  (should be ~1e-6 or smaller)
    model.layers.27.self_attn.k_proj: max |EYM gap| = 2.54e-06  (should be ~1e-6 or smaller)
    model.layers.27.self_attn.v_proj: max |EYM gap| = 3.04e-06  (should be ~1e-6 or smaller)
    model.layers.27.self_attn.o_proj: max |EYM gap| = 3.02e-06  (should be ~1e-6 or smaller)
    model.layers.27.mlp.gate_proj: max |EYM gap| = 9.46e-07  (should be ~1e-6 or smaller)
    model.layers.27.mlp.up_proj: max |EYM gap| = 7.55e-07  (should be ~1e-6 or smaller)
    model.layers.27.mlp.down_proj: max |EYM gap| = 6.67e-07  (should be ~1e-6 or smaller)
    model.layers.28.self_attn.q_proj: max |EYM gap| = 1.72e-06  (should be ~1e-6 or smaller)
    model.layers.28.self_attn.k_proj: max |EYM gap| = 1.72e-06  (should be ~1e-6 or smaller)
    model.layers.28.self_attn.v_proj: max |EYM gap| = 2.22e-06  (should be ~1e-6 or smaller)
    model.layers.28.self_attn.o_proj: max |EYM gap| = 1.13e-06  (should be ~1e-6 or smaller)
    model.layers.28.mlp.gate_proj: max |EYM gap| = 1.27e-06  (should be ~1e-6 or smaller)
    model.layers.28.mlp.up_proj: max |EYM gap| = 1.29e-06  (should be ~1e-6 or smaller)
    model.layers.28.mlp.down_proj: max |EYM gap| = 1.80e-06  (should be ~1e-6 or smaller)
    model.layers.29.self_attn.q_proj: max |EYM gap| = 1.31e-06  (should be ~1e-6 or smaller)
    model.layers.29.self_attn.k_proj: max |EYM gap| = 2.43e-06  (should be ~1e-6 or smaller)
    model.layers.29.self_attn.v_proj: max |EYM gap| = 2.26e-06  (should be ~1e-6 or smaller)
    model.layers.29.self_attn.o_proj: max |EYM gap| = 2.31e-06  (should be ~1e-6 or smaller)
    model.layers.29.mlp.gate_proj: max |EYM gap| = 1.51e-06  (should be ~1e-6 or smaller)
    model.layers.29.mlp.up_proj: max |EYM gap| = 1.36e-06  (should be ~1e-6 or smaller)
    model.layers.29.mlp.down_proj: max |EYM gap| = 9.21e-07  (should be ~1e-6 or smaller)
    model.layers.30.self_attn.q_proj: max |EYM gap| = 4.98e-07  (should be ~1e-6 or smaller)
    model.layers.30.self_attn.k_proj: max |EYM gap| = 5.97e-06  (should be ~1e-6 or smaller)
    model.layers.30.self_attn.v_proj: max |EYM gap| = 2.09e-06  (should be ~1e-6 or smaller)
    model.layers.30.self_attn.o_proj: max |EYM gap| = 9.94e-07  (should be ~1e-6 or smaller)
    model.layers.30.mlp.gate_proj: max |EYM gap| = 3.93e-07  (should be ~1e-6 or smaller)
    model.layers.30.mlp.up_proj: max |EYM gap| = 3.24e-07  (should be ~1e-6 or smaller)
    model.layers.30.mlp.down_proj: max |EYM gap| = 1.41e-06  (should be ~1e-6 or smaller)
    model.layers.31.self_attn.q_proj: max |EYM gap| = 2.03e-06  (should be ~1e-6 or smaller)
    model.layers.31.self_attn.k_proj: max |EYM gap| = 4.42e-07  (should be ~1e-6 or smaller)
    model.layers.31.self_attn.v_proj: max |EYM gap| = 2.70e-06  (should be ~1e-6 or smaller)
    model.layers.31.self_attn.o_proj: max |EYM gap| = 9.84e-07  (should be ~1e-6 or smaller)
    model.layers.31.mlp.gate_proj: max |EYM gap| = 1.21e-06  (should be ~1e-6 or smaller)
    model.layers.31.mlp.up_proj: max |EYM gap| = 6.75e-07  (should be ~1e-6 or smaller)
    model.layers.31.mlp.down_proj: max |EYM gap| = 1.23e-06  (should be ~1e-6 or smaller)
    model.layers.32.self_attn.q_proj: max |EYM gap| = 1.18e-06  (should be ~1e-6 or smaller)
    model.layers.32.self_attn.k_proj: max |EYM gap| = 1.10e-06  (should be ~1e-6 or smaller)
    model.layers.32.self_attn.v_proj: max |EYM gap| = 2.89e-06  (should be ~1e-6 or smaller)
    model.layers.32.self_attn.o_proj: max |EYM gap| = 1.75e-06  (should be ~1e-6 or smaller)
    model.layers.32.mlp.gate_proj: max |EYM gap| = 6.75e-07  (should be ~1e-6 or smaller)
    model.layers.32.mlp.up_proj: max |EYM gap| = 1.45e-06  (should be ~1e-6 or smaller)
    model.layers.32.mlp.down_proj: max |EYM gap| = 3.40e-06  (should be ~1e-6 or smaller)
    model.layers.33.self_attn.q_proj: max |EYM gap| = 1.40e-06  (should be ~1e-6 or smaller)
    model.layers.33.self_attn.k_proj: max |EYM gap| = 3.65e-06  (should be ~1e-6 or smaller)
    model.layers.33.self_attn.v_proj: max |EYM gap| = 1.70e-06  (should be ~1e-6 or smaller)
    model.layers.33.self_attn.o_proj: max |EYM gap| = 1.97e-06  (should be ~1e-6 or smaller)
    model.layers.33.mlp.gate_proj: max |EYM gap| = 5.65e-07  (should be ~1e-6 or smaller)
    model.layers.33.mlp.up_proj: max |EYM gap| = 1.03e-06  (should be ~1e-6 or smaller)
    model.layers.33.mlp.down_proj: max |EYM gap| = 1.38e-06  (should be ~1e-6 or smaller)
    model.layers.34.self_attn.q_proj: max |EYM gap| = 1.33e-06  (should be ~1e-6 or smaller)
    model.layers.34.self_attn.k_proj: max |EYM gap| = 3.38e-06  (should be ~1e-6 or smaller)
    model.layers.34.self_attn.v_proj: max |EYM gap| = 9.86e-07  (should be ~1e-6 or smaller)
    model.layers.34.self_attn.o_proj: max |EYM gap| = 1.06e-06  (should be ~1e-6 or smaller)
    model.layers.34.mlp.gate_proj: max |EYM gap| = 7.16e-07  (should be ~1e-6 or smaller)
    model.layers.34.mlp.up_proj: max |EYM gap| = 1.08e-06  (should be ~1e-6 or smaller)
    model.layers.34.mlp.down_proj: max |EYM gap| = 1.11e-06  (should be ~1e-6 or smaller)
    model.layers.35.self_attn.q_proj: max |EYM gap| = 2.47e-06  (should be ~1e-6 or smaller)
    model.layers.35.self_attn.k_proj: max |EYM gap| = 6.25e-06  (should be ~1e-6 or smaller)
    model.layers.35.self_attn.v_proj: max |EYM gap| = 9.40e-07  (should be ~1e-6 or smaller)
    model.layers.35.self_attn.o_proj: max |EYM gap| = 8.05e-07  (should be ~1e-6 or smaller)
    model.layers.35.mlp.gate_proj: max |EYM gap| = 1.01e-06  (should be ~1e-6 or smaller)
    model.layers.35.mlp.up_proj: max |EYM gap| = 2.34e-06  (should be ~1e-6 or smaller)
    model.layers.35.mlp.down_proj: max |EYM gap| = 4.31e-07  (should be ~1e-6 or smaller)
[analyze] adamw-r16-Lall-q-k-v-o-gate-up-down-lr0.0002-s1
    full       k= 16  A/B(bal) unseen 0.385 seen 0.622 val 0.151
    svd        k=  1  A/B(bal) unseen 0.346 seen 0.600 val 0.254
    data_aware k=  1  A/B(bal) unseen 0.385 seen 0.622 val 0.211
    naive      k=  1  A/B(bal) unseen 0.404 seen 0.644 val 3.255
    ablate     k=  1  A/B(bal) unseen 0.423 seen 0.533 val 2.229
    svd        k=  2  A/B(bal) unseen 0.385 seen 0.622 val 0.177
    data_aware k=  2  A/B(bal) unseen 0.385 seen 0.600 val 0.168
    naive      k=  2  A/B(bal) unseen 0.404 seen 0.533 val 2.396
    ablate     k=  2  A/B(bal) unseen 0.365 seen 0.600 val 2.787
    svd        k=  4  A/B(bal) unseen 0.385 seen 0.622 val 0.158
    data_aware k=  4  A/B(bal) unseen 0.423 seen 0.600 val 0.157
    naive      k=  4  A/B(bal) unseen 0.404 seen 0.578 val 1.781
    ablate     k=  4  A/B(bal) unseen 0.423 seen 0.600 val 4.107
    svd        k=  8  A/B(bal) unseen 0.385 seen 0.600 val 0.154
    data_aware k=  8  A/B(bal) unseen 0.404 seen 0.622 val 0.152
    naive      k=  8  A/B(bal) unseen 0.346 seen 0.578 val 0.873
    ablate     k=  8  A/B(bal) unseen 0.385 seen 0.578 val 5.737
    model.layers.0.self_attn.q_proj: max |EYM gap| = 2.60e-06  (should be ~1e-6 or smaller)
    model.layers.0.self_attn.k_proj: max |EYM gap| = 4.13e-06  (should be ~1e-6 or smaller)
    model.layers.0.self_attn.v_proj: max |EYM gap| = 2.11e-06  (should be ~1e-6 or smaller)
    model.layers.0.self_attn.o_proj: max |EYM gap| = 1.60e-06  (should be ~1e-6 or smaller)
    model.layers.0.mlp.gate_proj: max |EYM gap| = 9.04e-07  (should be ~1e-6 or smaller)
    model.layers.0.mlp.up_proj: max |EYM gap| = 1.67e-06  (should be ~1e-6 or smaller)
    model.layers.0.mlp.down_proj: max |EYM gap| = 6.99e-07  (should be ~1e-6 or smaller)
    model.layers.1.self_attn.q_proj: max |EYM gap| = 1.44e-06  (should be ~1e-6 or smaller)
    model.layers.1.self_attn.k_proj: max |EYM gap| = 2.52e-06  (should be ~1e-6 or smaller)
    model.layers.1.self_attn.v_proj: max |EYM gap| = 2.21e-06  (should be ~1e-6 or smaller)
    model.layers.1.self_attn.o_proj: max |EYM gap| = 1.26e-06  (should be ~1e-6 or smaller)
    model.layers.1.mlp.gate_proj: max |EYM gap| = 1.47e-06  (should be ~1e-6 or smaller)
    model.layers.1.mlp.up_proj: max |EYM gap| = 9.99e-07  (should be ~1e-6 or smaller)
    model.layers.1.mlp.down_proj: max |EYM gap| = 6.55e-07  (should be ~1e-6 or smaller)
    model.layers.2.self_attn.q_proj: max |EYM gap| = 1.34e-06  (should be ~1e-6 or smaller)
    model.layers.2.self_attn.k_proj: max |EYM gap| = 2.37e-06  (should be ~1e-6 or smaller)
    model.layers.2.self_attn.v_proj: max |EYM gap| = 2.94e-06  (should be ~1e-6 or smaller)
    model.layers.2.self_attn.o_proj: max |EYM gap| = 1.13e-06  (should be ~1e-6 or smaller)
    model.layers.2.mlp.gate_proj: max |EYM gap| = 1.41e-06  (should be ~1e-6 or smaller)
    model.layers.2.mlp.up_proj: max |EYM gap| = 1.36e-06  (should be ~1e-6 or smaller)
    model.layers.2.mlp.down_proj: max |EYM gap| = 1.21e-06  (should be ~1e-6 or smaller)
    model.layers.3.self_attn.q_proj: max |EYM gap| = 7.27e-07  (should be ~1e-6 or smaller)
    model.layers.3.self_attn.k_proj: max |EYM gap| = 2.20e-06  (should be ~1e-6 or smaller)
    model.layers.3.self_attn.v_proj: max |EYM gap| = 2.38e-06  (should be ~1e-6 or smaller)
    model.layers.3.self_attn.o_proj: max |EYM gap| = 3.23e-07  (should be ~1e-6 or smaller)
    model.layers.3.mlp.gate_proj: max |EYM gap| = 9.52e-07  (should be ~1e-6 or smaller)
    model.layers.3.mlp.up_proj: max |EYM gap| = 9.78e-07  (should be ~1e-6 or smaller)
    model.layers.3.mlp.down_proj: max |EYM gap| = 1.35e-06  (should be ~1e-6 or smaller)
    model.layers.4.self_attn.q_proj: max |EYM gap| = 6.35e-07  (should be ~1e-6 or smaller)
    model.layers.4.self_attn.k_proj: max |EYM gap| = 2.05e-06  (should be ~1e-6 or smaller)
    model.layers.4.self_attn.v_proj: max |EYM gap| = 1.78e-06  (should be ~1e-6 or smaller)
    model.layers.4.self_attn.o_proj: max |EYM gap| = 1.62e-06  (should be ~1e-6 or smaller)
    model.layers.4.mlp.gate_proj: max |EYM gap| = 8.73e-07  (should be ~1e-6 or smaller)
    model.layers.4.mlp.up_proj: max |EYM gap| = 6.52e-07  (should be ~1e-6 or smaller)
    model.layers.4.mlp.down_proj: max |EYM gap| = 9.86e-07  (should be ~1e-6 or smaller)
    model.layers.5.self_attn.q_proj: max |EYM gap| = 2.16e-06  (should be ~1e-6 or smaller)
    model.layers.5.self_attn.k_proj: max |EYM gap| = 2.39e-06  (should be ~1e-6 or smaller)
    model.layers.5.self_attn.v_proj: max |EYM gap| = 2.41e-06  (should be ~1e-6 or smaller)
    model.layers.5.self_attn.o_proj: max |EYM gap| = 3.23e-07  (should be ~1e-6 or smaller)
    model.layers.5.mlp.gate_proj: max |EYM gap| = 7.33e-07  (should be ~1e-6 or smaller)
    model.layers.5.mlp.up_proj: max |EYM gap| = 1.34e-06  (should be ~1e-6 or smaller)
    model.layers.5.mlp.down_proj: max |EYM gap| = 1.70e-06  (should be ~1e-6 or smaller)
    model.layers.6.self_attn.q_proj: max |EYM gap| = 2.49e-06  (should be ~1e-6 or smaller)
    model.layers.6.self_attn.k_proj: max |EYM gap| = 4.91e-06  (should be ~1e-6 or smaller)
    model.layers.6.self_attn.v_proj: max |EYM gap| = 3.39e-06  (should be ~1e-6 or smaller)
    model.layers.6.self_attn.o_proj: max |EYM gap| = 6.56e-07  (should be ~1e-6 or smaller)
    model.layers.6.mlp.gate_proj: max |EYM gap| = 7.07e-07  (should be ~1e-6 or smaller)
    model.layers.6.mlp.up_proj: max |EYM gap| = 9.05e-07  (should be ~1e-6 or smaller)
    model.layers.6.mlp.down_proj: max |EYM gap| = 1.45e-06  (should be ~1e-6 or smaller)
    model.layers.7.self_attn.q_proj: max |EYM gap| = 1.06e-06  (should be ~1e-6 or smaller)
    model.layers.7.self_attn.k_proj: max |EYM gap| = 3.68e-06  (should be ~1e-6 or smaller)
    model.layers.7.self_attn.v_proj: max |EYM gap| = 3.56e-06  (should be ~1e-6 or smaller)
    model.layers.7.self_attn.o_proj: max |EYM gap| = 3.20e-06  (should be ~1e-6 or smaller)
    model.layers.7.mlp.gate_proj: max |EYM gap| = 5.55e-07  (should be ~1e-6 or smaller)
    model.layers.7.mlp.up_proj: max |EYM gap| = 1.37e-06  (should be ~1e-6 or smaller)
    model.layers.7.mlp.down_proj: max |EYM gap| = 1.12e-06  (should be ~1e-6 or smaller)
    model.layers.8.self_attn.q_proj: max |EYM gap| = 5.40e-07  (should be ~1e-6 or smaller)
    model.layers.8.self_attn.k_proj: max |EYM gap| = 6.39e-07  (should be ~1e-6 or smaller)
    model.layers.8.self_attn.v_proj: max |EYM gap| = 1.75e-06  (should be ~1e-6 or smaller)
    model.layers.8.self_attn.o_proj: max |EYM gap| = 7.79e-07  (should be ~1e-6 or smaller)
    model.layers.8.mlp.gate_proj: max |EYM gap| = 6.92e-07  (should be ~1e-6 or smaller)
    model.layers.8.mlp.up_proj: max |EYM gap| = 1.53e-06  (should be ~1e-6 or smaller)
    model.layers.8.mlp.down_proj: max |EYM gap| = 1.47e-06  (should be ~1e-6 or smaller)
    model.layers.9.self_attn.q_proj: max |EYM gap| = 1.13e-06  (should be ~1e-6 or smaller)
    model.layers.9.self_attn.k_proj: max |EYM gap| = 3.34e-06  (should be ~1e-6 or smaller)
    model.layers.9.self_attn.v_proj: max |EYM gap| = 1.94e-06  (should be ~1e-6 or smaller)
    model.layers.9.self_attn.o_proj: max |EYM gap| = 1.35e-06  (should be ~1e-6 or smaller)
    model.layers.9.mlp.gate_proj: max |EYM gap| = 4.87e-07  (should be ~1e-6 or smaller)
    model.layers.9.mlp.up_proj: max |EYM gap| = 5.37e-07  (should be ~1e-6 or smaller)
    model.layers.9.mlp.down_proj: max |EYM gap| = 7.14e-07  (should be ~1e-6 or smaller)
    model.layers.10.self_attn.q_proj: max |EYM gap| = 2.07e-06  (should be ~1e-6 or smaller)
    model.layers.10.self_attn.k_proj: max |EYM gap| = 1.69e-06  (should be ~1e-6 or smaller)
    model.layers.10.self_attn.v_proj: max |EYM gap| = 2.28e-06  (should be ~1e-6 or smaller)
    model.layers.10.self_attn.o_proj: max |EYM gap| = 1.09e-06  (should be ~1e-6 or smaller)
    model.layers.10.mlp.gate_proj: max |EYM gap| = 1.59e-06  (should be ~1e-6 or smaller)
    model.layers.10.mlp.up_proj: max |EYM gap| = 3.14e-06  (should be ~1e-6 or smaller)
    model.layers.10.mlp.down_proj: max |EYM gap| = 1.22e-06  (should be ~1e-6 or smaller)
    model.layers.11.self_attn.q_proj: max |EYM gap| = 9.07e-07  (should be ~1e-6 or smaller)
    model.layers.11.self_attn.k_proj: max |EYM gap| = 2.86e-06  (should be ~1e-6 or smaller)
    model.layers.11.self_attn.v_proj: max |EYM gap| = 1.16e-06  (should be ~1e-6 or smaller)
    model.layers.11.self_attn.o_proj: max |EYM gap| = 1.43e-06  (should be ~1e-6 or smaller)
    model.layers.11.mlp.gate_proj: max |EYM gap| = 1.43e-06  (should be ~1e-6 or smaller)
    model.layers.11.mlp.up_proj: max |EYM gap| = 1.41e-06  (should be ~1e-6 or smaller)
    model.layers.11.mlp.down_proj: max |EYM gap| = 6.33e-07  (should be ~1e-6 or smaller)
    model.layers.12.self_attn.q_proj: max |EYM gap| = 8.34e-07  (should be ~1e-6 or smaller)
    model.layers.12.self_attn.k_proj: max |EYM gap| = 2.23e-06  (should be ~1e-6 or smaller)
    model.layers.12.self_attn.v_proj: max |EYM gap| = 2.37e-06  (should be ~1e-6 or smaller)
    model.layers.12.self_attn.o_proj: max |EYM gap| = 1.46e-06  (should be ~1e-6 or smaller)
    model.layers.12.mlp.gate_proj: max |EYM gap| = 1.27e-06  (should be ~1e-6 or smaller)
    model.layers.12.mlp.up_proj: max |EYM gap| = 9.34e-07  (should be ~1e-6 or smaller)
    model.layers.12.mlp.down_proj: max |EYM gap| = 2.04e-06  (should be ~1e-6 or smaller)
    model.layers.13.self_attn.q_proj: max |EYM gap| = 1.19e-06  (should be ~1e-6 or smaller)
    model.layers.13.self_attn.k_proj: max |EYM gap| = 1.75e-06  (should be ~1e-6 or smaller)
    model.layers.13.self_attn.v_proj: max |EYM gap| = 3.98e-06  (should be ~1e-6 or smaller)
    model.layers.13.self_attn.o_proj: max |EYM gap| = 1.34e-06  (should be ~1e-6 or smaller)
    model.layers.13.mlp.gate_proj: max |EYM gap| = 6.90e-07  (should be ~1e-6 or smaller)
    model.layers.13.mlp.up_proj: max |EYM gap| = 1.62e-06  (should be ~1e-6 or smaller)
    model.layers.13.mlp.down_proj: max |EYM gap| = 4.73e-07  (should be ~1e-6 or smaller)
    model.layers.14.self_attn.q_proj: max |EYM gap| = 2.10e-06  (should be ~1e-6 or smaller)
    model.layers.14.self_attn.k_proj: max |EYM gap| = 3.29e-06  (should be ~1e-6 or smaller)
    model.layers.14.self_attn.v_proj: max |EYM gap| = 1.95e-06  (should be ~1e-6 or smaller)
    model.layers.14.self_attn.o_proj: max |EYM gap| = 9.95e-07  (should be ~1e-6 or smaller)
    model.layers.14.mlp.gate_proj: max |EYM gap| = 1.37e-06  (should be ~1e-6 or smaller)
    model.layers.14.mlp.up_proj: max |EYM gap| = 2.48e-06  (should be ~1e-6 or smaller)
    model.layers.14.mlp.down_proj: max |EYM gap| = 1.05e-06  (should be ~1e-6 or smaller)
    model.layers.15.self_attn.q_proj: max |EYM gap| = 1.33e-06  (should be ~1e-6 or smaller)
    model.layers.15.self_attn.k_proj: max |EYM gap| = 1.20e-06  (should be ~1e-6 or smaller)
    model.layers.15.self_attn.v_proj: max |EYM gap| = 1.17e-06  (should be ~1e-6 or smaller)
    model.layers.15.self_attn.o_proj: max |EYM gap| = 1.14e-06  (should be ~1e-6 or smaller)
    model.layers.15.mlp.gate_proj: max |EYM gap| = 3.99e-07  (should be ~1e-6 or smaller)
    model.layers.15.mlp.up_proj: max |EYM gap| = 6.27e-07  (should be ~1e-6 or smaller)
    model.layers.15.mlp.down_proj: max |EYM gap| = 2.18e-06  (should be ~1e-6 or smaller)
    model.layers.16.self_attn.q_proj: max |EYM gap| = 1.59e-06  (should be ~1e-6 or smaller)
    model.layers.16.self_attn.k_proj: max |EYM gap| = 2.32e-06  (should be ~1e-6 or smaller)
    model.layers.16.self_attn.v_proj: max |EYM gap| = 1.50e-06  (should be ~1e-6 or smaller)
    model.layers.16.self_attn.o_proj: max |EYM gap| = 1.22e-06  (should be ~1e-6 or smaller)
    model.layers.16.mlp.gate_proj: max |EYM gap| = 1.04e-06  (should be ~1e-6 or smaller)
    model.layers.16.mlp.up_proj: max |EYM gap| = 4.90e-07  (should be ~1e-6 or smaller)
    model.layers.16.mlp.down_proj: max |EYM gap| = 1.52e-06  (should be ~1e-6 or smaller)
    model.layers.17.self_attn.q_proj: max |EYM gap| = 1.03e-06  (should be ~1e-6 or smaller)
    model.layers.17.self_attn.k_proj: max |EYM gap| = 8.18e-06  (should be ~1e-6 or smaller)
    model.layers.17.self_attn.v_proj: max |EYM gap| = 1.60e-06  (should be ~1e-6 or smaller)
    model.layers.17.self_attn.o_proj: max |EYM gap| = 8.09e-07  (should be ~1e-6 or smaller)
    model.layers.17.mlp.gate_proj: max |EYM gap| = 1.53e-06  (should be ~1e-6 or smaller)
    model.layers.17.mlp.up_proj: max |EYM gap| = 6.14e-07  (should be ~1e-6 or smaller)
    model.layers.17.mlp.down_proj: max |EYM gap| = 4.17e-07  (should be ~1e-6 or smaller)
    model.layers.18.self_attn.q_proj: max |EYM gap| = 1.14e-06  (should be ~1e-6 or smaller)
    model.layers.18.self_attn.k_proj: max |EYM gap| = 2.06e-06  (should be ~1e-6 or smaller)
    model.layers.18.self_attn.v_proj: max |EYM gap| = 1.79e-06  (should be ~1e-6 or smaller)
    model.layers.18.self_attn.o_proj: max |EYM gap| = 4.78e-07  (should be ~1e-6 or smaller)
    model.layers.18.mlp.gate_proj: max |EYM gap| = 7.32e-07  (should be ~1e-6 or smaller)
    model.layers.18.mlp.up_proj: max |EYM gap| = 1.31e-06  (should be ~1e-6 or smaller)
    model.layers.18.mlp.down_proj: max |EYM gap| = 8.25e-07  (should be ~1e-6 or smaller)
    model.layers.19.self_attn.q_proj: max |EYM gap| = 2.51e-06  (should be ~1e-6 or smaller)
    model.layers.19.self_attn.k_proj: max |EYM gap| = 1.83e-06  (should be ~1e-6 or smaller)
    model.layers.19.self_attn.v_proj: max |EYM gap| = 1.80e-06  (should be ~1e-6 or smaller)
    model.layers.19.self_attn.o_proj: max |EYM gap| = 9.34e-07  (should be ~1e-6 or smaller)
    model.layers.19.mlp.gate_proj: max |EYM gap| = 7.03e-07  (should be ~1e-6 or smaller)
    model.layers.19.mlp.up_proj: max |EYM gap| = 6.22e-07  (should be ~1e-6 or smaller)
    model.layers.19.mlp.down_proj: max |EYM gap| = 1.09e-06  (should be ~1e-6 or smaller)
    model.layers.20.self_attn.q_proj: max |EYM gap| = 1.93e-06  (should be ~1e-6 or smaller)
    model.layers.20.self_attn.k_proj: max |EYM gap| = 3.13e-06  (should be ~1e-6 or smaller)
    model.layers.20.self_attn.v_proj: max |EYM gap| = 3.11e-06  (should be ~1e-6 or smaller)
    model.layers.20.self_attn.o_proj: max |EYM gap| = 1.34e-06  (should be ~1e-6 or smaller)
    model.layers.20.mlp.gate_proj: max |EYM gap| = 1.11e-06  (should be ~1e-6 or smaller)
    model.layers.20.mlp.up_proj: max |EYM gap| = 8.22e-07  (should be ~1e-6 or smaller)
    model.layers.20.mlp.down_proj: max |EYM gap| = 1.73e-06  (should be ~1e-6 or smaller)
    model.layers.21.self_attn.q_proj: max |EYM gap| = 1.84e-06  (should be ~1e-6 or smaller)
    model.layers.21.self_attn.k_proj: max |EYM gap| = 3.53e-06  (should be ~1e-6 or smaller)
    model.layers.21.self_attn.v_proj: max |EYM gap| = 3.70e-06  (should be ~1e-6 or smaller)
    model.layers.21.self_attn.o_proj: max |EYM gap| = 1.12e-06  (should be ~1e-6 or smaller)
    model.layers.21.mlp.gate_proj: max |EYM gap| = 1.21e-06  (should be ~1e-6 or smaller)
    model.layers.21.mlp.up_proj: max |EYM gap| = 1.35e-06  (should be ~1e-6 or smaller)
    model.layers.21.mlp.down_proj: max |EYM gap| = 4.55e-07  (should be ~1e-6 or smaller)
    model.layers.22.self_attn.q_proj: max |EYM gap| = 1.47e-06  (should be ~1e-6 or smaller)
    model.layers.22.self_attn.k_proj: max |EYM gap| = 1.37e-06  (should be ~1e-6 or smaller)
    model.layers.22.self_attn.v_proj: max |EYM gap| = 2.05e-06  (should be ~1e-6 or smaller)
    model.layers.22.self_attn.o_proj: max |EYM gap| = 3.25e-07  (should be ~1e-6 or smaller)
    model.layers.22.mlp.gate_proj: max |EYM gap| = 6.28e-07  (should be ~1e-6 or smaller)
    model.layers.22.mlp.up_proj: max |EYM gap| = 1.12e-06  (should be ~1e-6 or smaller)
    model.layers.22.mlp.down_proj: max |EYM gap| = 9.24e-07  (should be ~1e-6 or smaller)
    model.layers.23.self_attn.q_proj: max |EYM gap| = 1.02e-06  (should be ~1e-6 or smaller)
    model.layers.23.self_attn.k_proj: max |EYM gap| = 2.25e-06  (should be ~1e-6 or smaller)
    model.layers.23.self_attn.v_proj: max |EYM gap| = 1.61e-06  (should be ~1e-6 or smaller)
    model.layers.23.self_attn.o_proj: max |EYM gap| = 1.20e-06  (should be ~1e-6 or smaller)
    model.layers.23.mlp.gate_proj: max |EYM gap| = 8.95e-07  (should be ~1e-6 or smaller)
    model.layers.23.mlp.up_proj: max |EYM gap| = 1.00e-06  (should be ~1e-6 or smaller)
    model.layers.23.mlp.down_proj: max |EYM gap| = 1.01e-06  (should be ~1e-6 or smaller)
    model.layers.24.self_attn.q_proj: max |EYM gap| = 3.24e-06  (should be ~1e-6 or smaller)
    model.layers.24.self_attn.k_proj: max |EYM gap| = 1.46e-06  (should be ~1e-6 or smaller)
    model.layers.24.self_attn.v_proj: max |EYM gap| = 1.92e-06  (should be ~1e-6 or smaller)
    model.layers.24.self_attn.o_proj: max |EYM gap| = 2.40e-06  (should be ~1e-6 or smaller)
    model.layers.24.mlp.gate_proj: max |EYM gap| = 1.11e-06  (should be ~1e-6 or smaller)
    model.layers.24.mlp.up_proj: max |EYM gap| = 6.69e-07  (should be ~1e-6 or smaller)
    model.layers.24.mlp.down_proj: max |EYM gap| = 7.34e-07  (should be ~1e-6 or smaller)
    model.layers.25.self_attn.q_proj: max |EYM gap| = 1.40e-06  (should be ~1e-6 or smaller)
    model.layers.25.self_attn.k_proj: max |EYM gap| = 2.77e-06  (should be ~1e-6 or smaller)
    model.layers.25.self_attn.v_proj: max |EYM gap| = 3.41e-06  (should be ~1e-6 or smaller)
    model.layers.25.self_attn.o_proj: max |EYM gap| = 1.22e-06  (should be ~1e-6 or smaller)
    model.layers.25.mlp.gate_proj: max |EYM gap| = 8.90e-07  (should be ~1e-6 or smaller)
    model.layers.25.mlp.up_proj: max |EYM gap| = 3.94e-07  (should be ~1e-6 or smaller)
    model.layers.25.mlp.down_proj: max |EYM gap| = 9.49e-07  (should be ~1e-6 or smaller)
    model.layers.26.self_attn.q_proj: max |EYM gap| = 8.41e-07  (should be ~1e-6 or smaller)
    model.layers.26.self_attn.k_proj: max |EYM gap| = 7.38e-07  (should be ~1e-6 or smaller)
    model.layers.26.self_attn.v_proj: max |EYM gap| = 1.35e-06  (should be ~1e-6 or smaller)
    model.layers.26.self_attn.o_proj: max |EYM gap| = 1.54e-06  (should be ~1e-6 or smaller)
    model.layers.26.mlp.gate_proj: max |EYM gap| = 9.77e-07  (should be ~1e-6 or smaller)
    model.layers.26.mlp.up_proj: max |EYM gap| = 1.00e-06  (should be ~1e-6 or smaller)
    model.layers.26.mlp.down_proj: max |EYM gap| = 1.41e-06  (should be ~1e-6 or smaller)
    model.layers.27.self_attn.q_proj: max |EYM gap| = 5.77e-07  (should be ~1e-6 or smaller)
    model.layers.27.self_attn.k_proj: max |EYM gap| = 2.08e-06  (should be ~1e-6 or smaller)
    model.layers.27.self_attn.v_proj: max |EYM gap| = 2.71e-06  (should be ~1e-6 or smaller)
    model.layers.27.self_attn.o_proj: max |EYM gap| = 1.14e-06  (should be ~1e-6 or smaller)
    model.layers.27.mlp.gate_proj: max |EYM gap| = 1.03e-06  (should be ~1e-6 or smaller)
    model.layers.27.mlp.up_proj: max |EYM gap| = 1.37e-06  (should be ~1e-6 or smaller)
    model.layers.27.mlp.down_proj: max |EYM gap| = 9.19e-07  (should be ~1e-6 or smaller)
    model.layers.28.self_attn.q_proj: max |EYM gap| = 1.01e-06  (should be ~1e-6 or smaller)
    model.layers.28.self_attn.k_proj: max |EYM gap| = 9.79e-07  (should be ~1e-6 or smaller)
    model.layers.28.self_attn.v_proj: max |EYM gap| = 1.54e-06  (should be ~1e-6 or smaller)
    model.layers.28.self_attn.o_proj: max |EYM gap| = 1.99e-06  (should be ~1e-6 or smaller)
    model.layers.28.mlp.gate_proj: max |EYM gap| = 7.50e-07  (should be ~1e-6 or smaller)
    model.layers.28.mlp.up_proj: max |EYM gap| = 2.09e-06  (should be ~1e-6 or smaller)
    model.layers.28.mlp.down_proj: max |EYM gap| = 1.58e-06  (should be ~1e-6 or smaller)
    model.layers.29.self_attn.q_proj: max |EYM gap| = 6.40e-07  (should be ~1e-6 or smaller)
    model.layers.29.self_attn.k_proj: max |EYM gap| = 4.29e-06  (should be ~1e-6 or smaller)
    model.layers.29.self_attn.v_proj: max |EYM gap| = 2.36e-06  (should be ~1e-6 or smaller)
    model.layers.29.self_attn.o_proj: max |EYM gap| = 1.55e-06  (should be ~1e-6 or smaller)
    model.layers.29.mlp.gate_proj: max |EYM gap| = 4.59e-07  (should be ~1e-6 or smaller)
    model.layers.29.mlp.up_proj: max |EYM gap| = 4.13e-07  (should be ~1e-6 or smaller)
    model.layers.29.mlp.down_proj: max |EYM gap| = 8.42e-07  (should be ~1e-6 or smaller)
    model.layers.30.self_attn.q_proj: max |EYM gap| = 1.87e-06  (should be ~1e-6 or smaller)
    model.layers.30.self_attn.k_proj: max |EYM gap| = 2.98e-06  (should be ~1e-6 or smaller)
    model.layers.30.self_attn.v_proj: max |EYM gap| = 1.54e-06  (should be ~1e-6 or smaller)
    model.layers.30.self_attn.o_proj: max |EYM gap| = 1.57e-06  (should be ~1e-6 or smaller)
    model.layers.30.mlp.gate_proj: max |EYM gap| = 5.86e-07  (should be ~1e-6 or smaller)
    model.layers.30.mlp.up_proj: max |EYM gap| = 1.10e-06  (should be ~1e-6 or smaller)
    model.layers.30.mlp.down_proj: max |EYM gap| = 9.34e-07  (should be ~1e-6 or smaller)
    model.layers.31.self_attn.q_proj: max |EYM gap| = 3.57e-06  (should be ~1e-6 or smaller)
    model.layers.31.self_attn.k_proj: max |EYM gap| = 2.36e-06  (should be ~1e-6 or smaller)
    model.layers.31.self_attn.v_proj: max |EYM gap| = 1.26e-06  (should be ~1e-6 or smaller)
    model.layers.31.self_attn.o_proj: max |EYM gap| = 2.92e-06  (should be ~1e-6 or smaller)
    model.layers.31.mlp.gate_proj: max |EYM gap| = 1.19e-06  (should be ~1e-6 or smaller)
    model.layers.31.mlp.up_proj: max |EYM gap| = 6.72e-07  (should be ~1e-6 or smaller)
    model.layers.31.mlp.down_proj: max |EYM gap| = 9.09e-07  (should be ~1e-6 or smaller)
    model.layers.32.self_attn.q_proj: max |EYM gap| = 5.65e-07  (should be ~1e-6 or smaller)
    model.layers.32.self_attn.k_proj: max |EYM gap| = 3.54e-06  (should be ~1e-6 or smaller)
    model.layers.32.self_attn.v_proj: max |EYM gap| = 1.28e-06  (should be ~1e-6 or smaller)
    model.layers.32.self_attn.o_proj: max |EYM gap| = 7.72e-07  (should be ~1e-6 or smaller)
    model.layers.32.mlp.gate_proj: max |EYM gap| = 5.97e-07  (should be ~1e-6 or smaller)
    model.layers.32.mlp.up_proj: max |EYM gap| = 1.30e-06  (should be ~1e-6 or smaller)
    model.layers.32.mlp.down_proj: max |EYM gap| = 1.13e-06  (should be ~1e-6 or smaller)
    model.layers.33.self_attn.q_proj: max |EYM gap| = 1.32e-06  (should be ~1e-6 or smaller)
    model.layers.33.self_attn.k_proj: max |EYM gap| = 4.34e-06  (should be ~1e-6 or smaller)
    model.layers.33.self_attn.v_proj: max |EYM gap| = 1.61e-06  (should be ~1e-6 or smaller)
    model.layers.33.self_attn.o_proj: max |EYM gap| = 1.84e-06  (should be ~1e-6 or smaller)
    model.layers.33.mlp.gate_proj: max |EYM gap| = 4.85e-07  (should be ~1e-6 or smaller)
    model.layers.33.mlp.up_proj: max |EYM gap| = 7.12e-07  (should be ~1e-6 or smaller)
    model.layers.33.mlp.down_proj: max |EYM gap| = 2.54e-07  (should be ~1e-6 or smaller)
    model.layers.34.self_attn.q_proj: max |EYM gap| = 7.81e-07  (should be ~1e-6 or smaller)
    model.layers.34.self_attn.k_proj: max |EYM gap| = 4.14e-06  (should be ~1e-6 or smaller)
    model.layers.34.self_attn.v_proj: max |EYM gap| = 2.24e-06  (should be ~1e-6 or smaller)
    model.layers.34.self_attn.o_proj: max |EYM gap| = 4.65e-07  (should be ~1e-6 or smaller)
    model.layers.34.mlp.gate_proj: max |EYM gap| = 8.86e-07  (should be ~1e-6 or smaller)
    model.layers.34.mlp.up_proj: max |EYM gap| = 1.30e-06  (should be ~1e-6 or smaller)
    model.layers.34.mlp.down_proj: max |EYM gap| = 1.00e-06  (should be ~1e-6 or smaller)
    model.layers.35.self_attn.q_proj: max |EYM gap| = 1.19e-06  (should be ~1e-6 or smaller)
    model.layers.35.self_attn.k_proj: max |EYM gap| = 3.66e-06  (should be ~1e-6 or smaller)
    model.layers.35.self_attn.v_proj: max |EYM gap| = 2.42e-06  (should be ~1e-6 or smaller)
    model.layers.35.self_attn.o_proj: max |EYM gap| = 1.00e-06  (should be ~1e-6 or smaller)
    model.layers.35.mlp.gate_proj: max |EYM gap| = 9.04e-07  (should be ~1e-6 or smaller)
    model.layers.35.mlp.up_proj: max |EYM gap| = 1.01e-06  (should be ~1e-6 or smaller)
    model.layers.35.mlp.down_proj: max |EYM gap| = 7.95e-07  (should be ~1e-6 or smaller)
[analyze] adamw-r16-Lall-q-k-v-o-gate-up-down-lr0.0002-s2
    full       k= 16  A/B(bal) unseen 0.481 seen 0.556 val 0.418
    svd        k=  1  A/B(bal) unseen 0.481 seen 0.578 val 0.482
    data_aware k=  1  A/B(bal) unseen 0.462 seen 0.578 val 0.467
    naive      k=  1  A/B(bal) unseen 0.423 seen 0.644 val 3.272
    ablate     k=  1  A/B(bal) unseen 0.462 seen 0.556 val 2.161
    svd        k=  2  A/B(bal) unseen 0.423 seen 0.533 val 0.439
    data_aware k=  2  A/B(bal) unseen 0.442 seen 0.556 val 0.433
    naive      k=  2  A/B(bal) unseen 0.442 seen 0.556 val 2.422
    ablate     k=  2  A/B(bal) unseen 0.423 seen 0.622 val 2.892
    svd        k=  4  A/B(bal) unseen 0.404 seen 0.578 val 0.423
    data_aware k=  4  A/B(bal) unseen 0.462 seen 0.600 val 0.422
    naive      k=  4  A/B(bal) unseen 0.404 seen 0.578 val 1.824
    ablate     k=  4  A/B(bal) unseen 0.462 seen 0.622 val 4.126
    svd        k=  8  A/B(bal) unseen 0.442 seen 0.556 val 0.420
    data_aware k=  8  A/B(bal) unseen 0.481 seen 0.622 val 0.420
    naive      k=  8  A/B(bal) unseen 0.404 seen 0.622 val 0.955
    ablate     k=  8  A/B(bal) unseen 0.404 seen 0.556 val 5.754
    model.layers.0.self_attn.q_proj: max |EYM gap| = 1.17e-06  (should be ~1e-6 or smaller)
    model.layers.0.self_attn.k_proj: max |EYM gap| = 2.09e-06  (should be ~1e-6 or smaller)
    model.layers.0.self_attn.v_proj: max |EYM gap| = 3.59e-06  (should be ~1e-6 or smaller)
    model.layers.0.self_attn.o_proj: max |EYM gap| = 1.22e-06  (should be ~1e-6 or smaller)
    model.layers.0.mlp.gate_proj: max |EYM gap| = 1.16e-06  (should be ~1e-6 or smaller)
    model.layers.0.mlp.up_proj: max |EYM gap| = 1.46e-06  (should be ~1e-6 or smaller)
    model.layers.0.mlp.down_proj: max |EYM gap| = 2.00e-06  (should be ~1e-6 or smaller)
    model.layers.1.self_attn.q_proj: max |EYM gap| = 3.72e-07  (should be ~1e-6 or smaller)
    model.layers.1.self_attn.k_proj: max |EYM gap| = 1.53e-06  (should be ~1e-6 or smaller)
    model.layers.1.self_attn.v_proj: max |EYM gap| = 3.45e-06  (should be ~1e-6 or smaller)
    model.layers.1.self_attn.o_proj: max |EYM gap| = 1.66e-06  (should be ~1e-6 or smaller)
    model.layers.1.mlp.gate_proj: max |EYM gap| = 1.30e-06  (should be ~1e-6 or smaller)
    model.layers.1.mlp.up_proj: max |EYM gap| = 6.29e-07  (should be ~1e-6 or smaller)
    model.layers.1.mlp.down_proj: max |EYM gap| = 7.34e-07  (should be ~1e-6 or smaller)
    model.layers.2.self_attn.q_proj: max |EYM gap| = 2.87e-07  (should be ~1e-6 or smaller)
    model.layers.2.self_attn.k_proj: max |EYM gap| = 3.31e-06  (should be ~1e-6 or smaller)
    model.layers.2.self_attn.v_proj: max |EYM gap| = 2.38e-06  (should be ~1e-6 or smaller)
    model.layers.2.self_attn.o_proj: max |EYM gap| = 8.09e-07  (should be ~1e-6 or smaller)
    model.layers.2.mlp.gate_proj: max |EYM gap| = 6.70e-07  (should be ~1e-6 or smaller)
    model.layers.2.mlp.up_proj: max |EYM gap| = 8.30e-07  (should be ~1e-6 or smaller)
    model.layers.2.mlp.down_proj: max |EYM gap| = 4.94e-07  (should be ~1e-6 or smaller)
    model.layers.3.self_attn.q_proj: max |EYM gap| = 1.21e-06  (should be ~1e-6 or smaller)
    model.layers.3.self_attn.k_proj: max |EYM gap| = 2.49e-06  (should be ~1e-6 or smaller)
    model.layers.3.self_attn.v_proj: max |EYM gap| = 2.27e-06  (should be ~1e-6 or smaller)
    model.layers.3.self_attn.o_proj: max |EYM gap| = 1.08e-06  (should be ~1e-6 or smaller)
    model.layers.3.mlp.gate_proj: max |EYM gap| = 6.38e-07  (should be ~1e-6 or smaller)
    model.layers.3.mlp.up_proj: max |EYM gap| = 6.78e-07  (should be ~1e-6 or smaller)
    model.layers.3.mlp.down_proj: max |EYM gap| = 3.82e-07  (should be ~1e-6 or smaller)
    model.layers.4.self_attn.q_proj: max |EYM gap| = 9.31e-07  (should be ~1e-6 or smaller)
    model.layers.4.self_attn.k_proj: max |EYM gap| = 3.75e-06  (should be ~1e-6 or smaller)
    model.layers.4.self_attn.v_proj: max |EYM gap| = 1.99e-06  (should be ~1e-6 or smaller)
    model.layers.4.self_attn.o_proj: max |EYM gap| = 2.78e-06  (should be ~1e-6 or smaller)
    model.layers.4.mlp.gate_proj: max |EYM gap| = 1.06e-06  (should be ~1e-6 or smaller)
    model.layers.4.mlp.up_proj: max |EYM gap| = 2.14e-07  (should be ~1e-6 or smaller)
    model.layers.4.mlp.down_proj: max |EYM gap| = 1.20e-06  (should be ~1e-6 or smaller)
    model.layers.5.self_attn.q_proj: max |EYM gap| = 1.60e-06  (should be ~1e-6 or smaller)
    model.layers.5.self_attn.k_proj: max |EYM gap| = 3.44e-06  (should be ~1e-6 or smaller)
    model.layers.5.self_attn.v_proj: max |EYM gap| = 2.39e-06  (should be ~1e-6 or smaller)
    model.layers.5.self_attn.o_proj: max |EYM gap| = 9.97e-07  (should be ~1e-6 or smaller)
    model.layers.5.mlp.gate_proj: max |EYM gap| = 1.01e-06  (should be ~1e-6 or smaller)
    model.layers.5.mlp.up_proj: max |EYM gap| = 1.55e-06  (should be ~1e-6 or smaller)
    model.layers.5.mlp.down_proj: max |EYM gap| = 2.20e-06  (should be ~1e-6 or smaller)
    model.layers.6.self_attn.q_proj: max |EYM gap| = 1.04e-06  (should be ~1e-6 or smaller)
    model.layers.6.self_attn.k_proj: max |EYM gap| = 1.02e-06  (should be ~1e-6 or smaller)
    model.layers.6.self_attn.v_proj: max |EYM gap| = 1.33e-06  (should be ~1e-6 or smaller)
    model.layers.6.self_attn.o_proj: max |EYM gap| = 3.40e-07  (should be ~1e-6 or smaller)
    model.layers.6.mlp.gate_proj: max |EYM gap| = 5.52e-07  (should be ~1e-6 or smaller)
    model.layers.6.mlp.up_proj: max |EYM gap| = 9.37e-07  (should be ~1e-6 or smaller)
    model.layers.6.mlp.down_proj: max |EYM gap| = 2.77e-06  (should be ~1e-6 or smaller)
    model.layers.7.self_attn.q_proj: max |EYM gap| = 1.10e-06  (should be ~1e-6 or smaller)
    model.layers.7.self_attn.k_proj: max |EYM gap| = 1.68e-06  (should be ~1e-6 or smaller)
    model.layers.7.self_attn.v_proj: max |EYM gap| = 1.40e-06  (should be ~1e-6 or smaller)
    model.layers.7.self_attn.o_proj: max |EYM gap| = 5.11e-07  (should be ~1e-6 or smaller)
    model.layers.7.mlp.gate_proj: max |EYM gap| = 6.32e-07  (should be ~1e-6 or smaller)
    model.layers.7.mlp.up_proj: max |EYM gap| = 8.16e-07  (should be ~1e-6 or smaller)
    model.layers.7.mlp.down_proj: max |EYM gap| = 9.07e-07  (should be ~1e-6 or smaller)
    model.layers.8.self_attn.q_proj: max |EYM gap| = 1.22e-06  (should be ~1e-6 or smaller)
    model.layers.8.self_attn.k_proj: max |EYM gap| = 1.34e-06  (should be ~1e-6 or smaller)
    model.layers.8.self_attn.v_proj: max |EYM gap| = 2.16e-06  (should be ~1e-6 or smaller)
    model.layers.8.self_attn.o_proj: max |EYM gap| = 1.21e-06  (should be ~1e-6 or smaller)
    model.layers.8.mlp.gate_proj: max |EYM gap| = 7.55e-07  (should be ~1e-6 or smaller)
    model.layers.8.mlp.up_proj: max |EYM gap| = 1.09e-06  (should be ~1e-6 or smaller)
    model.layers.8.mlp.down_proj: max |EYM gap| = 5.34e-07  (should be ~1e-6 or smaller)
    model.layers.9.self_attn.q_proj: max |EYM gap| = 1.20e-06  (should be ~1e-6 or smaller)
    model.layers.9.self_attn.k_proj: max |EYM gap| = 5.08e-06  (should be ~1e-6 or smaller)
    model.layers.9.self_attn.v_proj: max |EYM gap| = 1.90e-06  (should be ~1e-6 or smaller)
    model.layers.9.self_attn.o_proj: max |EYM gap| = 9.85e-07  (should be ~1e-6 or smaller)
    model.layers.9.mlp.gate_proj: max |EYM gap| = 5.71e-07  (should be ~1e-6 or smaller)
    model.layers.9.mlp.up_proj: max |EYM gap| = 1.13e-06  (should be ~1e-6 or smaller)
    model.layers.9.mlp.down_proj: max |EYM gap| = 8.06e-07  (should be ~1e-6 or smaller)
    model.layers.10.self_attn.q_proj: max |EYM gap| = 2.13e-06  (should be ~1e-6 or smaller)
    model.layers.10.self_attn.k_proj: max |EYM gap| = 1.57e-06  (should be ~1e-6 or smaller)
    model.layers.10.self_attn.v_proj: max |EYM gap| = 1.11e-06  (should be ~1e-6 or smaller)
    model.layers.10.self_attn.o_proj: max |EYM gap| = 1.30e-06  (should be ~1e-6 or smaller)
    model.layers.10.mlp.gate_proj: max |EYM gap| = 9.40e-07  (should be ~1e-6 or smaller)
    model.layers.10.mlp.up_proj: max |EYM gap| = 6.50e-07  (should be ~1e-6 or smaller)
    model.layers.10.mlp.down_proj: max |EYM gap| = 7.93e-07  (should be ~1e-6 or smaller)
    model.layers.11.self_attn.q_proj: max |EYM gap| = 1.36e-06  (should be ~1e-6 or smaller)
    model.layers.11.self_attn.k_proj: max |EYM gap| = 2.14e-06  (should be ~1e-6 or smaller)
    model.layers.11.self_attn.v_proj: max |EYM gap| = 1.05e-06  (should be ~1e-6 or smaller)
    model.layers.11.self_attn.o_proj: max |EYM gap| = 8.37e-07  (should be ~1e-6 or smaller)
    model.layers.11.mlp.gate_proj: max |EYM gap| = 3.72e-07  (should be ~1e-6 or smaller)
    model.layers.11.mlp.up_proj: max |EYM gap| = 9.20e-07  (should be ~1e-6 or smaller)
    model.layers.11.mlp.down_proj: max |EYM gap| = 4.83e-07  (should be ~1e-6 or smaller)
    model.layers.12.self_attn.q_proj: max |EYM gap| = 3.38e-06  (should be ~1e-6 or smaller)
    model.layers.12.self_attn.k_proj: max |EYM gap| = 2.37e-06  (should be ~1e-6 or smaller)
    model.layers.12.self_attn.v_proj: max |EYM gap| = 2.06e-06  (should be ~1e-6 or smaller)
    model.layers.12.self_attn.o_proj: max |EYM gap| = 6.91e-07  (should be ~1e-6 or smaller)
    model.layers.12.mlp.gate_proj: max |EYM gap| = 4.87e-07  (should be ~1e-6 or smaller)
    model.layers.12.mlp.up_proj: max |EYM gap| = 1.19e-06  (should be ~1e-6 or smaller)
    model.layers.12.mlp.down_proj: max |EYM gap| = 2.32e-07  (should be ~1e-6 or smaller)
    model.layers.13.self_attn.q_proj: max |EYM gap| = 1.85e-06  (should be ~1e-6 or smaller)
    model.layers.13.self_attn.k_proj: max |EYM gap| = 4.56e-06  (should be ~1e-6 or smaller)
    model.layers.13.self_attn.v_proj: max |EYM gap| = 1.34e-06  (should be ~1e-6 or smaller)
    model.layers.13.self_attn.o_proj: max |EYM gap| = 1.08e-06  (should be ~1e-6 or smaller)
    model.layers.13.mlp.gate_proj: max |EYM gap| = 8.84e-07  (should be ~1e-6 or smaller)
    model.layers.13.mlp.up_proj: max |EYM gap| = 3.30e-06  (should be ~1e-6 or smaller)
    model.layers.13.mlp.down_proj: max |EYM gap| = 6.43e-07  (should be ~1e-6 or smaller)
    model.layers.14.self_attn.q_proj: max |EYM gap| = 1.02e-06  (should be ~1e-6 or smaller)
    model.layers.14.self_attn.k_proj: max |EYM gap| = 3.06e-06  (should be ~1e-6 or smaller)
    model.layers.14.self_attn.v_proj: max |EYM gap| = 1.48e-06  (should be ~1e-6 or smaller)
    model.layers.14.self_attn.o_proj: max |EYM gap| = 7.89e-07  (should be ~1e-6 or smaller)
    model.layers.14.mlp.gate_proj: max |EYM gap| = 1.12e-06  (should be ~1e-6 or smaller)
    model.layers.14.mlp.up_proj: max |EYM gap| = 2.14e-06  (should be ~1e-6 or smaller)
    model.layers.14.mlp.down_proj: max |EYM gap| = 9.06e-07  (should be ~1e-6 or smaller)
    model.layers.15.self_attn.q_proj: max |EYM gap| = 8.81e-07  (should be ~1e-6 or smaller)
    model.layers.15.self_attn.k_proj: max |EYM gap| = 1.39e-06  (should be ~1e-6 or smaller)
    model.layers.15.self_attn.v_proj: max |EYM gap| = 1.48e-06  (should be ~1e-6 or smaller)
    model.layers.15.self_attn.o_proj: max |EYM gap| = 1.31e-06  (should be ~1e-6 or smaller)
    model.layers.15.mlp.gate_proj: max |EYM gap| = 1.50e-06  (should be ~1e-6 or smaller)
    model.layers.15.mlp.up_proj: max |EYM gap| = 8.86e-07  (should be ~1e-6 or smaller)
    model.layers.15.mlp.down_proj: max |EYM gap| = 7.60e-07  (should be ~1e-6 or smaller)
    model.layers.16.self_attn.q_proj: max |EYM gap| = 1.19e-06  (should be ~1e-6 or smaller)
    model.layers.16.self_attn.k_proj: max |EYM gap| = 3.05e-06  (should be ~1e-6 or smaller)
    model.layers.16.self_attn.v_proj: max |EYM gap| = 4.51e-06  (should be ~1e-6 or smaller)
    model.layers.16.self_attn.o_proj: max |EYM gap| = 1.31e-06  (should be ~1e-6 or smaller)
    model.layers.16.mlp.gate_proj: max |EYM gap| = 1.19e-06  (should be ~1e-6 or smaller)
    model.layers.16.mlp.up_proj: max |EYM gap| = 2.28e-06  (should be ~1e-6 or smaller)
    model.layers.16.mlp.down_proj: max |EYM gap| = 2.09e-06  (should be ~1e-6 or smaller)
    model.layers.17.self_attn.q_proj: max |EYM gap| = 1.08e-06  (should be ~1e-6 or smaller)
    model.layers.17.self_attn.k_proj: max |EYM gap| = 5.32e-06  (should be ~1e-6 or smaller)
    model.layers.17.self_attn.v_proj: max |EYM gap| = 2.07e-06  (should be ~1e-6 or smaller)
    model.layers.17.self_attn.o_proj: max |EYM gap| = 6.42e-07  (should be ~1e-6 or smaller)
    model.layers.17.mlp.gate_proj: max |EYM gap| = 1.21e-06  (should be ~1e-6 or smaller)
    model.layers.17.mlp.up_proj: max |EYM gap| = 1.02e-06  (should be ~1e-6 or smaller)
    model.layers.17.mlp.down_proj: max |EYM gap| = 9.50e-07  (should be ~1e-6 or smaller)
    model.layers.18.self_attn.q_proj: max |EYM gap| = 6.01e-07  (should be ~1e-6 or smaller)
    model.layers.18.self_attn.k_proj: max |EYM gap| = 3.59e-06  (should be ~1e-6 or smaller)
    model.layers.18.self_attn.v_proj: max |EYM gap| = 1.92e-06  (should be ~1e-6 or smaller)
    model.layers.18.self_attn.o_proj: max |EYM gap| = 4.88e-07  (should be ~1e-6 or smaller)
    model.layers.18.mlp.gate_proj: max |EYM gap| = 5.54e-07  (should be ~1e-6 or smaller)
    model.layers.18.mlp.up_proj: max |EYM gap| = 4.91e-07  (should be ~1e-6 or smaller)
    model.layers.18.mlp.down_proj: max |EYM gap| = 4.29e-07  (should be ~1e-6 or smaller)
    model.layers.19.self_attn.q_proj: max |EYM gap| = 1.12e-06  (should be ~1e-6 or smaller)
    model.layers.19.self_attn.k_proj: max |EYM gap| = 1.32e-06  (should be ~1e-6 or smaller)
    model.layers.19.self_attn.v_proj: max |EYM gap| = 9.71e-07  (should be ~1e-6 or smaller)
    model.layers.19.self_attn.o_proj: max |EYM gap| = 3.00e-06  (should be ~1e-6 or smaller)
    model.layers.19.mlp.gate_proj: max |EYM gap| = 2.60e-07  (should be ~1e-6 or smaller)
    model.layers.19.mlp.up_proj: max |EYM gap| = 7.79e-07  (should be ~1e-6 or smaller)
    model.layers.19.mlp.down_proj: max |EYM gap| = 6.60e-07  (should be ~1e-6 or smaller)
    model.layers.20.self_attn.q_proj: max |EYM gap| = 1.21e-06  (should be ~1e-6 or smaller)
    model.layers.20.self_attn.k_proj: max |EYM gap| = 3.64e-06  (should be ~1e-6 or smaller)
    model.layers.20.self_attn.v_proj: max |EYM gap| = 1.30e-06  (should be ~1e-6 or smaller)
    model.layers.20.self_attn.o_proj: max |EYM gap| = 1.51e-06  (should be ~1e-6 or smaller)
    model.layers.20.mlp.gate_proj: max |EYM gap| = 9.97e-07  (should be ~1e-6 or smaller)
    model.layers.20.mlp.up_proj: max |EYM gap| = 6.36e-07  (should be ~1e-6 or smaller)
    model.layers.20.mlp.down_proj: max |EYM gap| = 8.63e-07  (should be ~1e-6 or smaller)
    model.layers.21.self_attn.q_proj: max |EYM gap| = 2.24e-06  (should be ~1e-6 or smaller)
    model.layers.21.self_attn.k_proj: max |EYM gap| = 1.08e-06  (should be ~1e-6 or smaller)
    model.layers.21.self_attn.v_proj: max |EYM gap| = 3.22e-06  (should be ~1e-6 or smaller)
    model.layers.21.self_attn.o_proj: max |EYM gap| = 9.02e-07  (should be ~1e-6 or smaller)
    model.layers.21.mlp.gate_proj: max |EYM gap| = 5.18e-07  (should be ~1e-6 or smaller)
    model.layers.21.mlp.up_proj: max |EYM gap| = 2.83e-06  (should be ~1e-6 or smaller)
    model.layers.21.mlp.down_proj: max |EYM gap| = 3.87e-07  (should be ~1e-6 or smaller)
    model.layers.22.self_attn.q_proj: max |EYM gap| = 2.97e-06  (should be ~1e-6 or smaller)
    model.layers.22.self_attn.k_proj: max |EYM gap| = 1.57e-06  (should be ~1e-6 or smaller)
    model.layers.22.self_attn.v_proj: max |EYM gap| = 1.46e-06  (should be ~1e-6 or smaller)
    model.layers.22.self_attn.o_proj: max |EYM gap| = 9.64e-07  (should be ~1e-6 or smaller)
    model.layers.22.mlp.gate_proj: max |EYM gap| = 3.84e-07  (should be ~1e-6 or smaller)
    model.layers.22.mlp.up_proj: max |EYM gap| = 1.15e-06  (should be ~1e-6 or smaller)
    model.layers.22.mlp.down_proj: max |EYM gap| = 1.91e-06  (should be ~1e-6 or smaller)
    model.layers.23.self_attn.q_proj: max |EYM gap| = 1.72e-06  (should be ~1e-6 or smaller)
    model.layers.23.self_attn.k_proj: max |EYM gap| = 2.13e-06  (should be ~1e-6 or smaller)
    model.layers.23.self_attn.v_proj: max |EYM gap| = 2.86e-06  (should be ~1e-6 or smaller)
    model.layers.23.self_attn.o_proj: max |EYM gap| = 9.51e-07  (should be ~1e-6 or smaller)
    model.layers.23.mlp.gate_proj: max |EYM gap| = 1.14e-06  (should be ~1e-6 or smaller)
    model.layers.23.mlp.up_proj: max |EYM gap| = 4.71e-07  (should be ~1e-6 or smaller)
    model.layers.23.mlp.down_proj: max |EYM gap| = 8.49e-07  (should be ~1e-6 or smaller)
    model.layers.24.self_attn.q_proj: max |EYM gap| = 6.18e-07  (should be ~1e-6 or smaller)
    model.layers.24.self_attn.k_proj: max |EYM gap| = 9.85e-07  (should be ~1e-6 or smaller)
    model.layers.24.self_attn.v_proj: max |EYM gap| = 2.89e-06  (should be ~1e-6 or smaller)
    model.layers.24.self_attn.o_proj: max |EYM gap| = 1.06e-06  (should be ~1e-6 or smaller)
    model.layers.24.mlp.gate_proj: max |EYM gap| = 5.67e-07  (should be ~1e-6 or smaller)
    model.layers.24.mlp.up_proj: max |EYM gap| = 1.49e-06  (should be ~1e-6 or smaller)
    model.layers.24.mlp.down_proj: max |EYM gap| = 7.53e-07  (should be ~1e-6 or smaller)
    model.layers.25.self_attn.q_proj: max |EYM gap| = 5.54e-07  (should be ~1e-6 or smaller)
    model.layers.25.self_attn.k_proj: max |EYM gap| = 2.55e-06  (should be ~1e-6 or smaller)
    model.layers.25.self_attn.v_proj: max |EYM gap| = 1.08e-06  (should be ~1e-6 or smaller)
    model.layers.25.self_attn.o_proj: max |EYM gap| = 1.35e-06  (should be ~1e-6 or smaller)
    model.layers.25.mlp.gate_proj: max |EYM gap| = 5.76e-07  (should be ~1e-6 or smaller)
    model.layers.25.mlp.up_proj: max |EYM gap| = 1.13e-06  (should be ~1e-6 or smaller)
    model.layers.25.mlp.down_proj: max |EYM gap| = 1.05e-06  (should be ~1e-6 or smaller)
    model.layers.26.self_attn.q_proj: max |EYM gap| = 1.15e-06  (should be ~1e-6 or smaller)
    model.layers.26.self_attn.k_proj: max |EYM gap| = 1.76e-06  (should be ~1e-6 or smaller)
    model.layers.26.self_attn.v_proj: max |EYM gap| = 3.05e-06  (should be ~1e-6 or smaller)
    model.layers.26.self_attn.o_proj: max |EYM gap| = 4.39e-07  (should be ~1e-6 or smaller)
    model.layers.26.mlp.gate_proj: max |EYM gap| = 3.60e-07  (should be ~1e-6 or smaller)
    model.layers.26.mlp.up_proj: max |EYM gap| = 6.82e-07  (should be ~1e-6 or smaller)
    model.layers.26.mlp.down_proj: max |EYM gap| = 5.52e-07  (should be ~1e-6 or smaller)
    model.layers.27.self_attn.q_proj: max |EYM gap| = 1.36e-06  (should be ~1e-6 or smaller)
    model.layers.27.self_attn.k_proj: max |EYM gap| = 2.76e-06  (should be ~1e-6 or smaller)
    model.layers.27.self_attn.v_proj: max |EYM gap| = 2.97e-06  (should be ~1e-6 or smaller)
    model.layers.27.self_attn.o_proj: max |EYM gap| = 9.91e-07  (should be ~1e-6 or smaller)
    model.layers.27.mlp.gate_proj: max |EYM gap| = 1.06e-06  (should be ~1e-6 or smaller)
    model.layers.27.mlp.up_proj: max |EYM gap| = 9.59e-07  (should be ~1e-6 or smaller)
    model.layers.27.mlp.down_proj: max |EYM gap| = 1.14e-06  (should be ~1e-6 or smaller)
    model.layers.28.self_attn.q_proj: max |EYM gap| = 6.14e-07  (should be ~1e-6 or smaller)
    model.layers.28.self_attn.k_proj: max |EYM gap| = 2.40e-06  (should be ~1e-6 or smaller)
    model.layers.28.self_attn.v_proj: max |EYM gap| = 1.39e-06  (should be ~1e-6 or smaller)
    model.layers.28.self_attn.o_proj: max |EYM gap| = 1.46e-06  (should be ~1e-6 or smaller)
    model.layers.28.mlp.gate_proj: max |EYM gap| = 3.42e-07  (should be ~1e-6 or smaller)
    model.layers.28.mlp.up_proj: max |EYM gap| = 1.00e-06  (should be ~1e-6 or smaller)
    model.layers.28.mlp.down_proj: max |EYM gap| = 4.41e-07  (should be ~1e-6 or smaller)
    model.layers.29.self_attn.q_proj: max |EYM gap| = 7.33e-07  (should be ~1e-6 or smaller)
    model.layers.29.self_attn.k_proj: max |EYM gap| = 5.49e-06  (should be ~1e-6 or smaller)
    model.layers.29.self_attn.v_proj: max |EYM gap| = 5.96e-07  (should be ~1e-6 or smaller)
    model.layers.29.self_attn.o_proj: max |EYM gap| = 1.06e-06  (should be ~1e-6 or smaller)
    model.layers.29.mlp.gate_proj: max |EYM gap| = 8.07e-07  (should be ~1e-6 or smaller)
    model.layers.29.mlp.up_proj: max |EYM gap| = 7.92e-07  (should be ~1e-6 or smaller)
    model.layers.29.mlp.down_proj: max |EYM gap| = 5.28e-07  (should be ~1e-6 or smaller)
    model.layers.30.self_attn.q_proj: max |EYM gap| = 1.83e-06  (should be ~1e-6 or smaller)
    model.layers.30.self_attn.k_proj: max |EYM gap| = 2.09e-06  (should be ~1e-6 or smaller)
    model.layers.30.self_attn.v_proj: max |EYM gap| = 1.23e-06  (should be ~1e-6 or smaller)
    model.layers.30.self_attn.o_proj: max |EYM gap| = 2.02e-06  (should be ~1e-6 or smaller)
    model.layers.30.mlp.gate_proj: max |EYM gap| = 4.62e-07  (should be ~1e-6 or smaller)
    model.layers.30.mlp.up_proj: max |EYM gap| = 7.49e-07  (should be ~1e-6 or smaller)
    model.layers.30.mlp.down_proj: max |EYM gap| = 1.89e-06  (should be ~1e-6 or smaller)
    model.layers.31.self_attn.q_proj: max |EYM gap| = 1.06e-06  (should be ~1e-6 or smaller)
    model.layers.31.self_attn.k_proj: max |EYM gap| = 3.58e-06  (should be ~1e-6 or smaller)
    model.layers.31.self_attn.v_proj: max |EYM gap| = 4.19e-06  (should be ~1e-6 or smaller)
    model.layers.31.self_attn.o_proj: max |EYM gap| = 3.22e-07  (should be ~1e-6 or smaller)
    model.layers.31.mlp.gate_proj: max |EYM gap| = 6.20e-07  (should be ~1e-6 or smaller)
    model.layers.31.mlp.up_proj: max |EYM gap| = 5.10e-07  (should be ~1e-6 or smaller)
    model.layers.31.mlp.down_proj: max |EYM gap| = 2.49e-06  (should be ~1e-6 or smaller)
    model.layers.32.self_attn.q_proj: max |EYM gap| = 2.03e-06  (should be ~1e-6 or smaller)
    model.layers.32.self_attn.k_proj: max |EYM gap| = 2.60e-06  (should be ~1e-6 or smaller)
    model.layers.32.self_attn.v_proj: max |EYM gap| = 2.11e-06  (should be ~1e-6 or smaller)
    model.layers.32.self_attn.o_proj: max |EYM gap| = 2.17e-06  (should be ~1e-6 or smaller)
    model.layers.32.mlp.gate_proj: max |EYM gap| = 1.41e-06  (should be ~1e-6 or smaller)
    model.layers.32.mlp.up_proj: max |EYM gap| = 3.40e-07  (should be ~1e-6 or smaller)
    model.layers.32.mlp.down_proj: max |EYM gap| = 1.54e-06  (should be ~1e-6 or smaller)
    model.layers.33.self_attn.q_proj: max |EYM gap| = 1.52e-06  (should be ~1e-6 or smaller)
    model.layers.33.self_attn.k_proj: max |EYM gap| = 3.55e-06  (should be ~1e-6 or smaller)
    model.layers.33.self_attn.v_proj: max |EYM gap| = 1.27e-06  (should be ~1e-6 or smaller)
    model.layers.33.self_attn.o_proj: max |EYM gap| = 2.56e-06  (should be ~1e-6 or smaller)
    model.layers.33.mlp.gate_proj: max |EYM gap| = 7.06e-07  (should be ~1e-6 or smaller)
    model.layers.33.mlp.up_proj: max |EYM gap| = 7.81e-07  (should be ~1e-6 or smaller)
    model.layers.33.mlp.down_proj: max |EYM gap| = 9.85e-07  (should be ~1e-6 or smaller)
    model.layers.34.self_attn.q_proj: max |EYM gap| = 1.09e-06  (should be ~1e-6 or smaller)
    model.layers.34.self_attn.k_proj: max |EYM gap| = 4.05e-06  (should be ~1e-6 or smaller)
    model.layers.34.self_attn.v_proj: max |EYM gap| = 1.97e-06  (should be ~1e-6 or smaller)
    model.layers.34.self_attn.o_proj: max |EYM gap| = 2.83e-06  (should be ~1e-6 or smaller)
    model.layers.34.mlp.gate_proj: max |EYM gap| = 7.07e-07  (should be ~1e-6 or smaller)
    model.layers.34.mlp.up_proj: max |EYM gap| = 1.14e-06  (should be ~1e-6 or smaller)
    model.layers.34.mlp.down_proj: max |EYM gap| = 1.44e-06  (should be ~1e-6 or smaller)
    model.layers.35.self_attn.q_proj: max |EYM gap| = 1.48e-06  (should be ~1e-6 or smaller)
    model.layers.35.self_attn.k_proj: max |EYM gap| = 3.15e-06  (should be ~1e-6 or smaller)
    model.layers.35.self_attn.v_proj: max |EYM gap| = 1.03e-06  (should be ~1e-6 or smaller)
    model.layers.35.self_attn.o_proj: max |EYM gap| = 1.12e-06  (should be ~1e-6 or smaller)
    model.layers.35.mlp.gate_proj: max |EYM gap| = 7.85e-07  (should be ~1e-6 or smaller)
    model.layers.35.mlp.up_proj: max |EYM gap| = 1.11e-06  (should be ~1e-6 or smaller)
    model.layers.35.mlp.down_proj: max |EYM gap| = 1.49e-06  (should be ~1e-6 or smaller)
[analyze] adamw-r4-Lall-q-k-v-o-gate-up-down-lr0.0002-s0
    full       k=  4  A/B(bal) unseen 0.423 seen 0.600 val 0.576
    svd        k=  1  A/B(bal) unseen 0.442 seen 0.622 val 0.594
    data_aware k=  1  A/B(bal) unseen 0.404 seen 0.533 val 0.591
    naive      k=  1  A/B(bal) unseen 0.423 seen 0.578 val 1.953
    ablate     k=  1  A/B(bal) unseen 0.404 seen 0.578 val 3.051
    svd        k=  2  A/B(bal) unseen 0.404 seen 0.600 val 0.578
    data_aware k=  2  A/B(bal) unseen 0.423 seen 0.578 val 0.578
    naive      k=  2  A/B(bal) unseen 0.385 seen 0.533 val 1.246
    ablate     k=  2  A/B(bal) unseen 0.423 seen 0.556 val 5.204
    model.layers.0.self_attn.q_proj: max |EYM gap| = 6.26e-06  (should be ~1e-6 or smaller)
    model.layers.0.self_attn.k_proj: max |EYM gap| = 2.52e-06  (should be ~1e-6 or smaller)
    model.layers.0.self_attn.v_proj: max |EYM gap| = 4.23e-06  (should be ~1e-6 or smaller)
    model.layers.0.self_attn.o_proj: max |EYM gap| = 4.51e-07  (should be ~1e-6 or smaller)
    model.layers.0.mlp.gate_proj: max |EYM gap| = 5.49e-07  (should be ~1e-6 or smaller)
    model.layers.0.mlp.up_proj: max |EYM gap| = 1.43e-06  (should be ~1e-6 or smaller)
    model.layers.0.mlp.down_proj: max |EYM gap| = 1.22e-06  (should be ~1e-6 or smaller)
    model.layers.1.self_attn.q_proj: max |EYM gap| = 3.40e-06  (should be ~1e-6 or smaller)
    model.layers.1.self_attn.k_proj: max |EYM gap| = 4.38e-07  (should be ~1e-6 or smaller)
    model.layers.1.self_attn.v_proj: max |EYM gap| = 1.66e-06  (should be ~1e-6 or smaller)
    model.layers.1.self_attn.o_proj: max |EYM gap| = 9.90e-07  (should be ~1e-6 or smaller)
    model.layers.1.mlp.gate_proj: max |EYM gap| = 5.06e-07  (should be ~1e-6 or smaller)
    model.layers.1.mlp.up_proj: max |EYM gap| = 2.32e-07  (should be ~1e-6 or smaller)
    model.layers.1.mlp.down_proj: max |EYM gap| = 6.79e-07  (should be ~1e-6 or smaller)
    model.layers.2.self_attn.q_proj: max |EYM gap| = 3.49e-06  (should be ~1e-6 or smaller)
    model.layers.2.self_attn.k_proj: max |EYM gap| = 7.26e-06  (should be ~1e-6 or smaller)
    model.layers.2.self_attn.v_proj: max |EYM gap| = 4.12e-06  (should be ~1e-6 or smaller)
    model.layers.2.self_attn.o_proj: max |EYM gap| = 1.11e-06  (should be ~1e-6 or smaller)
    model.layers.2.mlp.gate_proj: max |EYM gap| = 3.92e-07  (should be ~1e-6 or smaller)
    model.layers.2.mlp.up_proj: max |EYM gap| = 1.34e-06  (should be ~1e-6 or smaller)
    model.layers.2.mlp.down_proj: max |EYM gap| = 6.26e-07  (should be ~1e-6 or smaller)
    model.layers.3.self_attn.q_proj: max |EYM gap| = 5.34e-07  (should be ~1e-6 or smaller)
    model.layers.3.self_attn.k_proj: max |EYM gap| = 2.51e-06  (should be ~1e-6 or smaller)
    model.layers.3.self_attn.v_proj: max |EYM gap| = 8.54e-07  (should be ~1e-6 or smaller)
    model.layers.3.self_attn.o_proj: max |EYM gap| = 1.61e-06  (should be ~1e-6 or smaller)
    model.layers.3.mlp.gate_proj: max |EYM gap| = 4.32e-07  (should be ~1e-6 or smaller)
    model.layers.3.mlp.up_proj: max |EYM gap| = 9.08e-07  (should be ~1e-6 or smaller)
    model.layers.3.mlp.down_proj: max |EYM gap| = 3.50e-07  (should be ~1e-6 or smaller)
    model.layers.4.self_attn.q_proj: max |EYM gap| = 7.98e-07  (should be ~1e-6 or smaller)
    model.layers.4.self_attn.k_proj: max |EYM gap| = 1.92e-06  (should be ~1e-6 or smaller)
    model.layers.4.self_attn.v_proj: max |EYM gap| = 1.90e-06  (should be ~1e-6 or smaller)
    model.layers.4.self_attn.o_proj: max |EYM gap| = 1.24e-06  (should be ~1e-6 or smaller)
    model.layers.4.mlp.gate_proj: max |EYM gap| = 3.20e-07  (should be ~1e-6 or smaller)
    model.layers.4.mlp.up_proj: max |EYM gap| = 3.12e-06  (should be ~1e-6 or smaller)
    model.layers.4.mlp.down_proj: max |EYM gap| = 1.56e-06  (should be ~1e-6 or smaller)
    model.layers.5.self_attn.q_proj: max |EYM gap| = 2.86e-06  (should be ~1e-6 or smaller)
    model.layers.5.self_attn.k_proj: max |EYM gap| = 2.63e-06  (should be ~1e-6 or smaller)
    model.layers.5.self_attn.v_proj: max |EYM gap| = 4.95e-06  (should be ~1e-6 or smaller)
    model.layers.5.self_attn.o_proj: max |EYM gap| = 7.71e-07  (should be ~1e-6 or smaller)
    model.layers.5.mlp.gate_proj: max |EYM gap| = 7.14e-07  (should be ~1e-6 or smaller)
    model.layers.5.mlp.up_proj: max |EYM gap| = 4.31e-07  (should be ~1e-6 or smaller)
    model.layers.5.mlp.down_proj: max |EYM gap| = 3.14e-06  (should be ~1e-6 or smaller)
    model.layers.6.self_attn.q_proj: max |EYM gap| = 6.73e-07  (should be ~1e-6 or smaller)
    model.layers.6.self_attn.k_proj: max |EYM gap| = 1.58e-06  (should be ~1e-6 or smaller)
    model.layers.6.self_attn.v_proj: max |EYM gap| = 1.14e-06  (should be ~1e-6 or smaller)
    model.layers.6.self_attn.o_proj: max |EYM gap| = 4.32e-07  (should be ~1e-6 or smaller)
    model.layers.6.mlp.gate_proj: max |EYM gap| = 9.84e-07  (should be ~1e-6 or smaller)
    model.layers.6.mlp.up_proj: max |EYM gap| = 1.04e-06  (should be ~1e-6 or smaller)
    model.layers.6.mlp.down_proj: max |EYM gap| = 7.51e-07  (should be ~1e-6 or smaller)
    model.layers.7.self_attn.q_proj: max |EYM gap| = 1.84e-06  (should be ~1e-6 or smaller)
    model.layers.7.self_attn.k_proj: max |EYM gap| = 3.76e-06  (should be ~1e-6 or smaller)
    model.layers.7.self_attn.v_proj: max |EYM gap| = 3.04e-06  (should be ~1e-6 or smaller)
    model.layers.7.self_attn.o_proj: max |EYM gap| = 1.19e-06  (should be ~1e-6 or smaller)
    model.layers.7.mlp.gate_proj: max |EYM gap| = 1.18e-06  (should be ~1e-6 or smaller)
    model.layers.7.mlp.up_proj: max |EYM gap| = 3.19e-07  (should be ~1e-6 or smaller)
    model.layers.7.mlp.down_proj: max |EYM gap| = 5.37e-07  (should be ~1e-6 or smaller)
    model.layers.8.self_attn.q_proj: max |EYM gap| = 6.85e-06  (should be ~1e-6 or smaller)
    model.layers.8.self_attn.k_proj: max |EYM gap| = 6.35e-06  (should be ~1e-6 or smaller)
    model.layers.8.self_attn.v_proj: max |EYM gap| = 3.52e-06  (should be ~1e-6 or smaller)
    model.layers.8.self_attn.o_proj: max |EYM gap| = 3.72e-06  (should be ~1e-6 or smaller)
    model.layers.8.mlp.gate_proj: max |EYM gap| = 1.45e-06  (should be ~1e-6 or smaller)
    model.layers.8.mlp.up_proj: max |EYM gap| = 5.09e-06  (should be ~1e-6 or smaller)
    model.layers.8.mlp.down_proj: max |EYM gap| = 2.33e-06  (should be ~1e-6 or smaller)
    model.layers.9.self_attn.q_proj: max |EYM gap| = 2.60e-06  (should be ~1e-6 or smaller)
    model.layers.9.self_attn.k_proj: max |EYM gap| = 2.61e-06  (should be ~1e-6 or smaller)
    model.layers.9.self_attn.v_proj: max |EYM gap| = 1.72e-06  (should be ~1e-6 or smaller)
    model.layers.9.self_attn.o_proj: max |EYM gap| = 1.37e-06  (should be ~1e-6 or smaller)
    model.layers.9.mlp.gate_proj: max |EYM gap| = 1.81e-06  (should be ~1e-6 or smaller)
    model.layers.9.mlp.up_proj: max |EYM gap| = 1.42e-06  (should be ~1e-6 or smaller)
    model.layers.9.mlp.down_proj: max |EYM gap| = 3.88e-06  (should be ~1e-6 or smaller)
    model.layers.10.self_attn.q_proj: max |EYM gap| = 1.23e-06  (should be ~1e-6 or smaller)
    model.layers.10.self_attn.k_proj: max |EYM gap| = 6.95e-06  (should be ~1e-6 or smaller)
    model.layers.10.self_attn.v_proj: max |EYM gap| = 4.45e-06  (should be ~1e-6 or smaller)
    model.layers.10.self_attn.o_proj: max |EYM gap| = 1.68e-06  (should be ~1e-6 or smaller)
    model.layers.10.mlp.gate_proj: max |EYM gap| = 2.62e-07  (should be ~1e-6 or smaller)
    model.layers.10.mlp.up_proj: max |EYM gap| = 9.44e-07  (should be ~1e-6 or smaller)
    model.layers.10.mlp.down_proj: max |EYM gap| = 8.40e-07  (should be ~1e-6 or smaller)
    model.layers.11.self_attn.q_proj: max |EYM gap| = 1.48e-06  (should be ~1e-6 or smaller)
    model.layers.11.self_attn.k_proj: max |EYM gap| = 1.87e-06  (should be ~1e-6 or smaller)
    model.layers.11.self_attn.v_proj: max |EYM gap| = 5.17e-06  (should be ~1e-6 or smaller)
    model.layers.11.self_attn.o_proj: max |EYM gap| = 1.05e-06  (should be ~1e-6 or smaller)
    model.layers.11.mlp.gate_proj: max |EYM gap| = 5.63e-07  (should be ~1e-6 or smaller)
    model.layers.11.mlp.up_proj: max |EYM gap| = 2.44e-06  (should be ~1e-6 or smaller)
    model.layers.11.mlp.down_proj: max |EYM gap| = 2.66e-06  (should be ~1e-6 or smaller)
    model.layers.12.self_attn.q_proj: max |EYM gap| = 2.24e-06  (should be ~1e-6 or smaller)
    model.layers.12.self_attn.k_proj: max |EYM gap| = 2.65e-06  (should be ~1e-6 or smaller)
    model.layers.12.self_attn.v_proj: max |EYM gap| = 3.73e-06  (should be ~1e-6 or smaller)
    model.layers.12.self_attn.o_proj: max |EYM gap| = 2.09e-06  (should be ~1e-6 or smaller)
    model.layers.12.mlp.gate_proj: max |EYM gap| = 1.70e-06  (should be ~1e-6 or smaller)
    model.layers.12.mlp.up_proj: max |EYM gap| = 1.78e-06  (should be ~1e-6 or smaller)
    model.layers.12.mlp.down_proj: max |EYM gap| = 1.83e-06  (should be ~1e-6 or smaller)
    model.layers.13.self_attn.q_proj: max |EYM gap| = 4.15e-06  (should be ~1e-6 or smaller)
    model.layers.13.self_attn.k_proj: max |EYM gap| = 7.26e-06  (should be ~1e-6 or smaller)
    model.layers.13.self_attn.v_proj: max |EYM gap| = 3.51e-06  (should be ~1e-6 or smaller)
    model.layers.13.self_attn.o_proj: max |EYM gap| = 9.04e-07  (should be ~1e-6 or smaller)
    model.layers.13.mlp.gate_proj: max |EYM gap| = 3.80e-07  (should be ~1e-6 or smaller)
    model.layers.13.mlp.up_proj: max |EYM gap| = 5.36e-07  (should be ~1e-6 or smaller)
    model.layers.13.mlp.down_proj: max |EYM gap| = 1.47e-06  (should be ~1e-6 or smaller)
    model.layers.14.self_attn.q_proj: max |EYM gap| = 1.01e-06  (should be ~1e-6 or smaller)
    model.layers.14.self_attn.k_proj: max |EYM gap| = 3.41e-06  (should be ~1e-6 or smaller)
    model.layers.14.self_attn.v_proj: max |EYM gap| = 1.54e-06  (should be ~1e-6 or smaller)
    model.layers.14.self_attn.o_proj: max |EYM gap| = 8.03e-07  (should be ~1e-6 or smaller)
    model.layers.14.mlp.gate_proj: max |EYM gap| = 8.48e-07  (should be ~1e-6 or smaller)
    model.layers.14.mlp.up_proj: max |EYM gap| = 2.20e-06  (should be ~1e-6 or smaller)
    model.layers.14.mlp.down_proj: max |EYM gap| = 8.45e-07  (should be ~1e-6 or smaller)
    model.layers.15.self_attn.q_proj: max |EYM gap| = 3.12e-06  (should be ~1e-6 or smaller)
    model.layers.15.self_attn.k_proj: max |EYM gap| = 2.18e-06  (should be ~1e-6 or smaller)
    model.layers.15.self_attn.v_proj: max |EYM gap| = 6.04e-06  (should be ~1e-6 or smaller)
    model.layers.15.self_attn.o_proj: max |EYM gap| = 7.59e-07  (should be ~1e-6 or smaller)
    model.layers.15.mlp.gate_proj: max |EYM gap| = 1.13e-06  (should be ~1e-6 or smaller)
    model.layers.15.mlp.up_proj: max |EYM gap| = 1.17e-06  (should be ~1e-6 or smaller)
    model.layers.15.mlp.down_proj: max |EYM gap| = 2.05e-06  (should be ~1e-6 or smaller)
    model.layers.16.self_attn.q_proj: max |EYM gap| = 1.60e-06  (should be ~1e-6 or smaller)
    model.layers.16.self_attn.k_proj: max |EYM gap| = 3.09e-06  (should be ~1e-6 or smaller)
    model.layers.16.self_attn.v_proj: max |EYM gap| = 7.66e-07  (should be ~1e-6 or smaller)
    model.layers.16.self_attn.o_proj: max |EYM gap| = 2.47e-06  (should be ~1e-6 or smaller)
    model.layers.16.mlp.gate_proj: max |EYM gap| = 7.69e-07  (should be ~1e-6 or smaller)
    model.layers.16.mlp.up_proj: max |EYM gap| = 6.92e-07  (should be ~1e-6 or smaller)
    model.layers.16.mlp.down_proj: max |EYM gap| = 2.62e-07  (should be ~1e-6 or smaller)
    model.layers.17.self_attn.q_proj: max |EYM gap| = 3.04e-06  (should be ~1e-6 or smaller)
    model.layers.17.self_attn.k_proj: max |EYM gap| = 1.72e-06  (should be ~1e-6 or smaller)
    model.layers.17.self_attn.v_proj: max |EYM gap| = 5.47e-07  (should be ~1e-6 or smaller)
    model.layers.17.self_attn.o_proj: max |EYM gap| = 9.26e-07  (should be ~1e-6 or smaller)
    model.layers.17.mlp.gate_proj: max |EYM gap| = 4.04e-07  (should be ~1e-6 or smaller)
    model.layers.17.mlp.up_proj: max |EYM gap| = 9.64e-07  (should be ~1e-6 or smaller)
    model.layers.17.mlp.down_proj: max |EYM gap| = 1.52e-06  (should be ~1e-6 or smaller)
    model.layers.18.self_attn.q_proj: max |EYM gap| = 1.95e-06  (should be ~1e-6 or smaller)
    model.layers.18.self_attn.k_proj: max |EYM gap| = 1.59e-06  (should be ~1e-6 or smaller)
    model.layers.18.self_attn.v_proj: max |EYM gap| = 2.69e-06  (should be ~1e-6 or smaller)
    model.layers.18.self_attn.o_proj: max |EYM gap| = 1.88e-06  (should be ~1e-6 or smaller)
    model.layers.18.mlp.gate_proj: max |EYM gap| = 1.07e-06  (should be ~1e-6 or smaller)
    model.layers.18.mlp.up_proj: max |EYM gap| = 9.41e-07  (should be ~1e-6 or smaller)
    model.layers.18.mlp.down_proj: max |EYM gap| = 1.69e-06  (should be ~1e-6 or smaller)
    model.layers.19.self_attn.q_proj: max |EYM gap| = 1.74e-06  (should be ~1e-6 or smaller)
    model.layers.19.self_attn.k_proj: max |EYM gap| = 3.81e-06  (should be ~1e-6 or smaller)
    model.layers.19.self_attn.v_proj: max |EYM gap| = 4.92e-06  (should be ~1e-6 or smaller)
    model.layers.19.self_attn.o_proj: max |EYM gap| = 2.04e-06  (should be ~1e-6 or smaller)
    model.layers.19.mlp.gate_proj: max |EYM gap| = 6.57e-07  (should be ~1e-6 or smaller)
    model.layers.19.mlp.up_proj: max |EYM gap| = 1.31e-06  (should be ~1e-6 or smaller)
    model.layers.19.mlp.down_proj: max |EYM gap| = 9.56e-07  (should be ~1e-6 or smaller)
    model.layers.20.self_attn.q_proj: max |EYM gap| = 1.01e-06  (should be ~1e-6 or smaller)
    model.layers.20.self_attn.k_proj: max |EYM gap| = 8.00e-06  (should be ~1e-6 or smaller)
    model.layers.20.self_attn.v_proj: max |EYM gap| = 3.76e-06  (should be ~1e-6 or smaller)
    model.layers.20.self_attn.o_proj: max |EYM gap| = 2.01e-07  (should be ~1e-6 or smaller)
    model.layers.20.mlp.gate_proj: max |EYM gap| = 9.55e-07  (should be ~1e-6 or smaller)
    model.layers.20.mlp.up_proj: max |EYM gap| = 1.01e-06  (should be ~1e-6 or smaller)
    model.layers.20.mlp.down_proj: max |EYM gap| = 8.75e-07  (should be ~1e-6 or smaller)
    model.layers.21.self_attn.q_proj: max |EYM gap| = 1.59e-07  (should be ~1e-6 or smaller)
    model.layers.21.self_attn.k_proj: max |EYM gap| = 1.19e-06  (should be ~1e-6 or smaller)
    model.layers.21.self_attn.v_proj: max |EYM gap| = 2.60e-06  (should be ~1e-6 or smaller)
    model.layers.21.self_attn.o_proj: max |EYM gap| = 2.21e-06  (should be ~1e-6 or smaller)
    model.layers.21.mlp.gate_proj: max |EYM gap| = 1.09e-06  (should be ~1e-6 or smaller)
    model.layers.21.mlp.up_proj: max |EYM gap| = 5.23e-07  (should be ~1e-6 or smaller)
    model.layers.21.mlp.down_proj: max |EYM gap| = 7.38e-07  (should be ~1e-6 or smaller)
    model.layers.22.self_attn.q_proj: max |EYM gap| = 1.74e-06  (should be ~1e-6 or smaller)
    model.layers.22.self_attn.k_proj: max |EYM gap| = 1.51e-06  (should be ~1e-6 or smaller)
    model.layers.22.self_attn.v_proj: max |EYM gap| = 3.97e-06  (should be ~1e-6 or smaller)
    model.layers.22.self_attn.o_proj: max |EYM gap| = 1.66e-06  (should be ~1e-6 or smaller)
    model.layers.22.mlp.gate_proj: max |EYM gap| = 2.65e-07  (should be ~1e-6 or smaller)
    model.layers.22.mlp.up_proj: max |EYM gap| = 1.55e-06  (should be ~1e-6 or smaller)
    model.layers.22.mlp.down_proj: max |EYM gap| = 4.95e-07  (should be ~1e-6 or smaller)
    model.layers.23.self_attn.q_proj: max |EYM gap| = 1.77e-06  (should be ~1e-6 or smaller)
    model.layers.23.self_attn.k_proj: max |EYM gap| = 9.30e-06  (should be ~1e-6 or smaller)
    model.layers.23.self_attn.v_proj: max |EYM gap| = 1.44e-06  (should be ~1e-6 or smaller)
    model.layers.23.self_attn.o_proj: max |EYM gap| = 2.87e-06  (should be ~1e-6 or smaller)
    model.layers.23.mlp.gate_proj: max |EYM gap| = 6.28e-07  (should be ~1e-6 or smaller)
    model.layers.23.mlp.up_proj: max |EYM gap| = 9.72e-07  (should be ~1e-6 or smaller)
    model.layers.23.mlp.down_proj: max |EYM gap| = 1.29e-07  (should be ~1e-6 or smaller)
    model.layers.24.self_attn.q_proj: max |EYM gap| = 2.51e-06  (should be ~1e-6 or smaller)
    model.layers.24.self_attn.k_proj: max |EYM gap| = 6.49e-06  (should be ~1e-6 or smaller)
    model.layers.24.self_attn.v_proj: max |EYM gap| = 2.95e-06  (should be ~1e-6 or smaller)
    model.layers.24.self_attn.o_proj: max |EYM gap| = 2.28e-06  (should be ~1e-6 or smaller)
    model.layers.24.mlp.gate_proj: max |EYM gap| = 3.36e-07  (should be ~1e-6 or smaller)
    model.layers.24.mlp.up_proj: max |EYM gap| = 1.59e-06  (should be ~1e-6 or smaller)
    model.layers.24.mlp.down_proj: max |EYM gap| = 6.90e-07  (should be ~1e-6 or smaller)
    model.layers.25.self_attn.q_proj: max |EYM gap| = 1.94e-06  (should be ~1e-6 or smaller)
    model.layers.25.self_attn.k_proj: max |EYM gap| = 2.42e-06  (should be ~1e-6 or smaller)
    model.layers.25.self_attn.v_proj: max |EYM gap| = 2.06e-06  (should be ~1e-6 or smaller)
    model.layers.25.self_attn.o_proj: max |EYM gap| = 2.72e-06  (should be ~1e-6 or smaller)
    model.layers.25.mlp.gate_proj: max |EYM gap| = 4.61e-07  (should be ~1e-6 or smaller)
    model.layers.25.mlp.up_proj: max |EYM gap| = 1.29e-06  (should be ~1e-6 or smaller)
    model.layers.25.mlp.down_proj: max |EYM gap| = 1.39e-06  (should be ~1e-6 or smaller)
    model.layers.26.self_attn.q_proj: max |EYM gap| = 6.31e-07  (should be ~1e-6 or smaller)
    model.layers.26.self_attn.k_proj: max |EYM gap| = 2.46e-06  (should be ~1e-6 or smaller)
    model.layers.26.self_attn.v_proj: max |EYM gap| = 3.13e-06  (should be ~1e-6 or smaller)
    model.layers.26.self_attn.o_proj: max |EYM gap| = 2.49e-06  (should be ~1e-6 or smaller)
    model.layers.26.mlp.gate_proj: max |EYM gap| = 5.41e-07  (should be ~1e-6 or smaller)
    model.layers.26.mlp.up_proj: max |EYM gap| = 8.88e-07  (should be ~1e-6 or smaller)
    model.layers.26.mlp.down_proj: max |EYM gap| = 9.10e-07  (should be ~1e-6 or smaller)
    model.layers.27.self_attn.q_proj: max |EYM gap| = 2.40e-06  (should be ~1e-6 or smaller)
    model.layers.27.self_attn.k_proj: max |EYM gap| = 1.06e-05  (should be ~1e-6 or smaller)
    model.layers.27.self_attn.v_proj: max |EYM gap| = 5.16e-06  (should be ~1e-6 or smaller)
    model.layers.27.self_attn.o_proj: max |EYM gap| = 1.77e-06  (should be ~1e-6 or smaller)
    model.layers.27.mlp.gate_proj: max |EYM gap| = 5.78e-07  (should be ~1e-6 or smaller)
    model.layers.27.mlp.up_proj: max |EYM gap| = 2.64e-06  (should be ~1e-6 or smaller)
    model.layers.27.mlp.down_proj: max |EYM gap| = 7.73e-07  (should be ~1e-6 or smaller)
    model.layers.28.self_attn.q_proj: max |EYM gap| = 2.80e-06  (should be ~1e-6 or smaller)
    model.layers.28.self_attn.k_proj: max |EYM gap| = 4.63e-06  (should be ~1e-6 or smaller)
    model.layers.28.self_attn.v_proj: max |EYM gap| = 4.76e-06  (should be ~1e-6 or smaller)
    model.layers.28.self_attn.o_proj: max |EYM gap| = 7.06e-07  (should be ~1e-6 or smaller)
    model.layers.28.mlp.gate_proj: max |EYM gap| = 1.46e-06  (should be ~1e-6 or smaller)
    model.layers.28.mlp.up_proj: max |EYM gap| = 2.81e-07  (should be ~1e-6 or smaller)
    model.layers.28.mlp.down_proj: max |EYM gap| = 1.17e-06  (should be ~1e-6 or smaller)
    model.layers.29.self_attn.q_proj: max |EYM gap| = 3.54e-06  (should be ~1e-6 or smaller)
    model.layers.29.self_attn.k_proj: max |EYM gap| = 4.74e-06  (should be ~1e-6 or smaller)
    model.layers.29.self_attn.v_proj: max |EYM gap| = 3.28e-06  (should be ~1e-6 or smaller)
    model.layers.29.self_attn.o_proj: max |EYM gap| = 1.62e-06  (should be ~1e-6 or smaller)
    model.layers.29.mlp.gate_proj: max |EYM gap| = 1.37e-06  (should be ~1e-6 or smaller)
    model.layers.29.mlp.up_proj: max |EYM gap| = 1.39e-06  (should be ~1e-6 or smaller)
    model.layers.29.mlp.down_proj: max |EYM gap| = 9.63e-07  (should be ~1e-6 or smaller)
    model.layers.30.self_attn.q_proj: max |EYM gap| = 1.91e-06  (should be ~1e-6 or smaller)
    model.layers.30.self_attn.k_proj: max |EYM gap| = 3.79e-06  (should be ~1e-6 or smaller)
    model.layers.30.self_attn.v_proj: max |EYM gap| = 4.49e-06  (should be ~1e-6 or smaller)
    model.layers.30.self_attn.o_proj: max |EYM gap| = 3.07e-06  (should be ~1e-6 or smaller)
    model.layers.30.mlp.gate_proj: max |EYM gap| = 1.06e-06  (should be ~1e-6 or smaller)
    model.layers.30.mlp.up_proj: max |EYM gap| = 9.30e-07  (should be ~1e-6 or smaller)
    model.layers.30.mlp.down_proj: max |EYM gap| = 1.36e-06  (should be ~1e-6 or smaller)
    model.layers.31.self_attn.q_proj: max |EYM gap| = 1.72e-06  (should be ~1e-6 or smaller)
    model.layers.31.self_attn.k_proj: max |EYM gap| = 4.54e-06  (should be ~1e-6 or smaller)
    model.layers.31.self_attn.v_proj: max |EYM gap| = 2.78e-06  (should be ~1e-6 or smaller)
    model.layers.31.self_attn.o_proj: max |EYM gap| = 9.39e-07  (should be ~1e-6 or smaller)
    model.layers.31.mlp.gate_proj: max |EYM gap| = 1.40e-06  (should be ~1e-6 or smaller)
    model.layers.31.mlp.up_proj: max |EYM gap| = 3.37e-07  (should be ~1e-6 or smaller)
    model.layers.31.mlp.down_proj: max |EYM gap| = 1.29e-06  (should be ~1e-6 or smaller)
    model.layers.32.self_attn.q_proj: max |EYM gap| = 2.10e-06  (should be ~1e-6 or smaller)
    model.layers.32.self_attn.k_proj: max |EYM gap| = 4.27e-06  (should be ~1e-6 or smaller)
    model.layers.32.self_attn.v_proj: max |EYM gap| = 2.74e-06  (should be ~1e-6 or smaller)
    model.layers.32.self_attn.o_proj: max |EYM gap| = 1.21e-06  (should be ~1e-6 or smaller)
    model.layers.32.mlp.gate_proj: max |EYM gap| = 2.19e-06  (should be ~1e-6 or smaller)
    model.layers.32.mlp.up_proj: max |EYM gap| = 1.90e-06  (should be ~1e-6 or smaller)
    model.layers.32.mlp.down_proj: max |EYM gap| = 1.65e-06  (should be ~1e-6 or smaller)
    model.layers.33.self_attn.q_proj: max |EYM gap| = 6.11e-07  (should be ~1e-6 or smaller)
    model.layers.33.self_attn.k_proj: max |EYM gap| = 2.20e-06  (should be ~1e-6 or smaller)
    model.layers.33.self_attn.v_proj: max |EYM gap| = 1.68e-06  (should be ~1e-6 or smaller)
    model.layers.33.self_attn.o_proj: max |EYM gap| = 2.91e-06  (should be ~1e-6 or smaller)
    model.layers.33.mlp.gate_proj: max |EYM gap| = 1.68e-06  (should be ~1e-6 or smaller)
    model.layers.33.mlp.up_proj: max |EYM gap| = 5.29e-07  (should be ~1e-6 or smaller)
    model.layers.33.mlp.down_proj: max |EYM gap| = 1.49e-06  (should be ~1e-6 or smaller)
    model.layers.34.self_attn.q_proj: max |EYM gap| = 1.87e-06  (should be ~1e-6 or smaller)
    model.layers.34.self_attn.k_proj: max |EYM gap| = 7.40e-06  (should be ~1e-6 or smaller)
    model.layers.34.self_attn.v_proj: max |EYM gap| = 3.56e-06  (should be ~1e-6 or smaller)
    model.layers.34.self_attn.o_proj: max |EYM gap| = 1.78e-06  (should be ~1e-6 or smaller)
    model.layers.34.mlp.gate_proj: max |EYM gap| = 6.38e-07  (should be ~1e-6 or smaller)
    model.layers.34.mlp.up_proj: max |EYM gap| = 8.07e-07  (should be ~1e-6 or smaller)
    model.layers.34.mlp.down_proj: max |EYM gap| = 2.69e-06  (should be ~1e-6 or smaller)
    model.layers.35.self_attn.q_proj: max |EYM gap| = 1.42e-06  (should be ~1e-6 or smaller)
    model.layers.35.self_attn.k_proj: max |EYM gap| = 1.05e-05  (should be ~1e-6 or smaller)
    model.layers.35.self_attn.v_proj: max |EYM gap| = 2.04e-06  (should be ~1e-6 or smaller)
    model.layers.35.self_attn.o_proj: max |EYM gap| = 1.89e-07  (should be ~1e-6 or smaller)
    model.layers.35.mlp.gate_proj: max |EYM gap| = 1.30e-06  (should be ~1e-6 or smaller)
    model.layers.35.mlp.up_proj: max |EYM gap| = 1.42e-06  (should be ~1e-6 or smaller)
    model.layers.35.mlp.down_proj: max |EYM gap| = 1.17e-06  (should be ~1e-6 or smaller)
[analyze] adamw-r4-Lall-q-k-v-o-gate-up-down-lr0.0002-s1
    full       k=  4  A/B(bal) unseen 0.385 seen 0.600 val 0.578
    svd        k=  1  A/B(bal) unseen 0.346 seen 0.578 val 0.592
    data_aware k=  1  A/B(bal) unseen 0.308 seen 0.689 val 0.590
    naive      k=  1  A/B(bal) unseen 0.346 seen 0.533 val 1.985
    ablate     k=  1  A/B(bal) unseen 0.385 seen 0.533 val 3.058
    svd        k=  2  A/B(bal) unseen 0.346 seen 0.600 val 0.580
    data_aware k=  2  A/B(bal) unseen 0.327 seen 0.644 val 0.580
    naive      k=  2  A/B(bal) unseen 0.308 seen 0.600 val 1.255
    ablate     k=  2  A/B(bal) unseen 0.423 seen 0.600 val 5.383
    model.layers.0.self_attn.q_proj: max |EYM gap| = 1.88e-06  (should be ~1e-6 or smaller)
    model.layers.0.self_attn.k_proj: max |EYM gap| = 1.93e-06  (should be ~1e-6 or smaller)
    model.layers.0.self_attn.v_proj: max |EYM gap| = 5.00e-06  (should be ~1e-6 or smaller)
    model.layers.0.self_attn.o_proj: max |EYM gap| = 2.02e-06  (should be ~1e-6 or smaller)
    model.layers.0.mlp.gate_proj: max |EYM gap| = 7.72e-07  (should be ~1e-6 or smaller)
    model.layers.0.mlp.up_proj: max |EYM gap| = 1.48e-06  (should be ~1e-6 or smaller)
    model.layers.0.mlp.down_proj: max |EYM gap| = 1.01e-06  (should be ~1e-6 or smaller)
    model.layers.1.self_attn.q_proj: max |EYM gap| = 1.99e-06  (should be ~1e-6 or smaller)
    model.layers.1.self_attn.k_proj: max |EYM gap| = 5.56e-06  (should be ~1e-6 or smaller)
    model.layers.1.self_attn.v_proj: max |EYM gap| = 1.56e-06  (should be ~1e-6 or smaller)
    model.layers.1.self_attn.o_proj: max |EYM gap| = 1.28e-06  (should be ~1e-6 or smaller)
    model.layers.1.mlp.gate_proj: max |EYM gap| = 1.12e-06  (should be ~1e-6 or smaller)
    model.layers.1.mlp.up_proj: max |EYM gap| = 9.38e-07  (should be ~1e-6 or smaller)
    model.layers.1.mlp.down_proj: max |EYM gap| = 1.61e-06  (should be ~1e-6 or smaller)
    model.layers.2.self_attn.q_proj: max |EYM gap| = 8.72e-07  (should be ~1e-6 or smaller)
    model.layers.2.self_attn.k_proj: max |EYM gap| = 2.15e-06  (should be ~1e-6 or smaller)
    model.layers.2.self_attn.v_proj: max |EYM gap| = 8.95e-07  (should be ~1e-6 or smaller)
    model.layers.2.self_attn.o_proj: max |EYM gap| = 1.30e-06  (should be ~1e-6 or smaller)
    model.layers.2.mlp.gate_proj: max |EYM gap| = 4.28e-07  (should be ~1e-6 or smaller)
    model.layers.2.mlp.up_proj: max |EYM gap| = 6.03e-07  (should be ~1e-6 or smaller)
    model.layers.2.mlp.down_proj: max |EYM gap| = 7.70e-07  (should be ~1e-6 or smaller)
    model.layers.3.self_attn.q_proj: max |EYM gap| = 4.61e-06  (should be ~1e-6 or smaller)
    model.layers.3.self_attn.k_proj: max |EYM gap| = 9.09e-06  (should be ~1e-6 or smaller)
    model.layers.3.self_attn.v_proj: max |EYM gap| = 5.09e-06  (should be ~1e-6 or smaller)
    model.layers.3.self_attn.o_proj: max |EYM gap| = 2.45e-06  (should be ~1e-6 or smaller)
    model.layers.3.mlp.gate_proj: max |EYM gap| = 1.92e-06  (should be ~1e-6 or smaller)
    model.layers.3.mlp.up_proj: max |EYM gap| = 7.07e-07  (should be ~1e-6 or smaller)
    model.layers.3.mlp.down_proj: max |EYM gap| = 1.18e-06  (should be ~1e-6 or smaller)
    model.layers.4.self_attn.q_proj: max |EYM gap| = 1.39e-06  (should be ~1e-6 or smaller)
    model.layers.4.self_attn.k_proj: max |EYM gap| = 5.20e-06  (should be ~1e-6 or smaller)
    model.layers.4.self_attn.v_proj: max |EYM gap| = 1.28e-06  (should be ~1e-6 or smaller)
    model.layers.4.self_attn.o_proj: max |EYM gap| = 1.89e-06  (should be ~1e-6 or smaller)
    model.layers.4.mlp.gate_proj: max |EYM gap| = 4.28e-07  (should be ~1e-6 or smaller)
    model.layers.4.mlp.up_proj: max |EYM gap| = 1.24e-06  (should be ~1e-6 or smaller)
    model.layers.4.mlp.down_proj: max |EYM gap| = 2.33e-06  (should be ~1e-6 or smaller)
    model.layers.5.self_attn.q_proj: max |EYM gap| = 2.76e-06  (should be ~1e-6 or smaller)
    model.layers.5.self_attn.k_proj: max |EYM gap| = 3.16e-06  (should be ~1e-6 or smaller)
    model.layers.5.self_attn.v_proj: max |EYM gap| = 2.59e-06  (should be ~1e-6 or smaller)
    model.layers.5.self_attn.o_proj: max |EYM gap| = 9.53e-07  (should be ~1e-6 or smaller)
    model.layers.5.mlp.gate_proj: max |EYM gap| = 2.34e-07  (should be ~1e-6 or smaller)
    model.layers.5.mlp.up_proj: max |EYM gap| = 7.05e-07  (should be ~1e-6 or smaller)
    model.layers.5.mlp.down_proj: max |EYM gap| = 2.29e-06  (should be ~1e-6 or smaller)
    model.layers.6.self_attn.q_proj: max |EYM gap| = 3.43e-06  (should be ~1e-6 or smaller)
    model.layers.6.self_attn.k_proj: max |EYM gap| = 3.86e-06  (should be ~1e-6 or smaller)
    model.layers.6.self_attn.v_proj: max |EYM gap| = 1.14e-06  (should be ~1e-6 or smaller)
    model.layers.6.self_attn.o_proj: max |EYM gap| = 1.18e-06  (should be ~1e-6 or smaller)
    model.layers.6.mlp.gate_proj: max |EYM gap| = 5.90e-07  (should be ~1e-6 or smaller)
    model.layers.6.mlp.up_proj: max |EYM gap| = 1.60e-06  (should be ~1e-6 or smaller)
    model.layers.6.mlp.down_proj: max |EYM gap| = 1.94e-06  (should be ~1e-6 or smaller)
    model.layers.7.self_attn.q_proj: max |EYM gap| = 2.10e-06  (should be ~1e-6 or smaller)
    model.layers.7.self_attn.k_proj: max |EYM gap| = 5.68e-06  (should be ~1e-6 or smaller)
    model.layers.7.self_attn.v_proj: max |EYM gap| = 2.88e-06  (should be ~1e-6 or smaller)
    model.layers.7.self_attn.o_proj: max |EYM gap| = 2.84e-06  (should be ~1e-6 or smaller)
    model.layers.7.mlp.gate_proj: max |EYM gap| = 8.83e-07  (should be ~1e-6 or smaller)
    model.layers.7.mlp.up_proj: max |EYM gap| = 2.47e-07  (should be ~1e-6 or smaller)
    model.layers.7.mlp.down_proj: max |EYM gap| = 1.24e-06  (should be ~1e-6 or smaller)
    model.layers.8.self_attn.q_proj: max |EYM gap| = 5.84e-07  (should be ~1e-6 or smaller)
    model.layers.8.self_attn.k_proj: max |EYM gap| = 2.75e-06  (should be ~1e-6 or smaller)
    model.layers.8.self_attn.v_proj: max |EYM gap| = 1.51e-06  (should be ~1e-6 or smaller)
    model.layers.8.self_attn.o_proj: max |EYM gap| = 1.70e-06  (should be ~1e-6 or smaller)
    model.layers.8.mlp.gate_proj: max |EYM gap| = 5.14e-06  (should be ~1e-6 or smaller)
    model.layers.8.mlp.up_proj: max |EYM gap| = 2.41e-07  (should be ~1e-6 or smaller)
    model.layers.8.mlp.down_proj: max |EYM gap| = 8.73e-07  (should be ~1e-6 or smaller)
    model.layers.9.self_attn.q_proj: max |EYM gap| = 1.76e-06  (should be ~1e-6 or smaller)
    model.layers.9.self_attn.k_proj: max |EYM gap| = 2.47e-06  (should be ~1e-6 or smaller)
    model.layers.9.self_attn.v_proj: max |EYM gap| = 2.66e-06  (should be ~1e-6 or smaller)
    model.layers.9.self_attn.o_proj: max |EYM gap| = 1.04e-06  (should be ~1e-6 or smaller)
    model.layers.9.mlp.gate_proj: max |EYM gap| = 1.21e-06  (should be ~1e-6 or smaller)
    model.layers.9.mlp.up_proj: max |EYM gap| = 1.16e-06  (should be ~1e-6 or smaller)
    model.layers.9.mlp.down_proj: max |EYM gap| = 7.08e-07  (should be ~1e-6 or smaller)
    model.layers.10.self_attn.q_proj: max |EYM gap| = 1.43e-06  (should be ~1e-6 or smaller)
    model.layers.10.self_attn.k_proj: max |EYM gap| = 6.51e-06  (should be ~1e-6 or smaller)
    model.layers.10.self_attn.v_proj: max |EYM gap| = 5.89e-06  (should be ~1e-6 or smaller)
    model.layers.10.self_attn.o_proj: max |EYM gap| = 4.22e-07  (should be ~1e-6 or smaller)
    model.layers.10.mlp.gate_proj: max |EYM gap| = 6.33e-07  (should be ~1e-6 or smaller)
    model.layers.10.mlp.up_proj: max |EYM gap| = 1.02e-06  (should be ~1e-6 or smaller)
    model.layers.10.mlp.down_proj: max |EYM gap| = 3.05e-06  (should be ~1e-6 or smaller)
    model.layers.11.self_attn.q_proj: max |EYM gap| = 1.96e-06  (should be ~1e-6 or smaller)
    model.layers.11.self_attn.k_proj: max |EYM gap| = 4.20e-06  (should be ~1e-6 or smaller)
    model.layers.11.self_attn.v_proj: max |EYM gap| = 6.60e-06  (should be ~1e-6 or smaller)
    model.layers.11.self_attn.o_proj: max |EYM gap| = 2.35e-06  (should be ~1e-6 or smaller)
    model.layers.11.mlp.gate_proj: max |EYM gap| = 1.26e-06  (should be ~1e-6 or smaller)
    model.layers.11.mlp.up_proj: max |EYM gap| = 1.59e-06  (should be ~1e-6 or smaller)
    model.layers.11.mlp.down_proj: max |EYM gap| = 1.30e-06  (should be ~1e-6 or smaller)
    model.layers.12.self_attn.q_proj: max |EYM gap| = 1.30e-06  (should be ~1e-6 or smaller)
    model.layers.12.self_attn.k_proj: max |EYM gap| = 5.52e-06  (should be ~1e-6 or smaller)
    model.layers.12.self_attn.v_proj: max |EYM gap| = 1.43e-06  (should be ~1e-6 or smaller)
    model.layers.12.self_attn.o_proj: max |EYM gap| = 7.43e-07  (should be ~1e-6 or smaller)
    model.layers.12.mlp.gate_proj: max |EYM gap| = 1.37e-06  (should be ~1e-6 or smaller)
    model.layers.12.mlp.up_proj: max |EYM gap| = 1.40e-06  (should be ~1e-6 or smaller)
    model.layers.12.mlp.down_proj: max |EYM gap| = 1.47e-06  (should be ~1e-6 or smaller)
    model.layers.13.self_attn.q_proj: max |EYM gap| = 4.40e-06  (should be ~1e-6 or smaller)
    model.layers.13.self_attn.k_proj: max |EYM gap| = 1.09e-06  (should be ~1e-6 or smaller)
    model.layers.13.self_attn.v_proj: max |EYM gap| = 3.03e-06  (should be ~1e-6 or smaller)
    model.layers.13.self_attn.o_proj: max |EYM gap| = 9.90e-07  (should be ~1e-6 or smaller)
    model.layers.13.mlp.gate_proj: max |EYM gap| = 1.64e-06  (should be ~1e-6 or smaller)
    model.layers.13.mlp.up_proj: max |EYM gap| = 4.97e-07  (should be ~1e-6 or smaller)
    model.layers.13.mlp.down_proj: max |EYM gap| = 4.27e-07  (should be ~1e-6 or smaller)
    model.layers.14.self_attn.q_proj: max |EYM gap| = 2.33e-06  (should be ~1e-6 or smaller)
    model.layers.14.self_attn.k_proj: max |EYM gap| = 5.17e-06  (should be ~1e-6 or smaller)
    model.layers.14.self_attn.v_proj: max |EYM gap| = 1.45e-06  (should be ~1e-6 or smaller)
    model.layers.14.self_attn.o_proj: max |EYM gap| = 1.66e-06  (should be ~1e-6 or smaller)
    model.layers.14.mlp.gate_proj: max |EYM gap| = 3.46e-07  (should be ~1e-6 or smaller)
    model.layers.14.mlp.up_proj: max |EYM gap| = 6.11e-08  (should be ~1e-6 or smaller)
    model.layers.14.mlp.down_proj: max |EYM gap| = 7.85e-07  (should be ~1e-6 or smaller)
    model.layers.15.self_attn.q_proj: max |EYM gap| = 1.77e-06  (should be ~1e-6 or smaller)
    model.layers.15.self_attn.k_proj: max |EYM gap| = 5.54e-07  (should be ~1e-6 or smaller)
    model.layers.15.self_attn.v_proj: max |EYM gap| = 2.23e-06  (should be ~1e-6 or smaller)
    model.layers.15.self_attn.o_proj: max |EYM gap| = 1.09e-06  (should be ~1e-6 or smaller)
    model.layers.15.mlp.gate_proj: max |EYM gap| = 4.67e-07  (should be ~1e-6 or smaller)
    model.layers.15.mlp.up_proj: max |EYM gap| = 9.27e-07  (should be ~1e-6 or smaller)
    model.layers.15.mlp.down_proj: max |EYM gap| = 9.31e-07  (should be ~1e-6 or smaller)
    model.layers.16.self_attn.q_proj: max |EYM gap| = 2.49e-06  (should be ~1e-6 or smaller)
    model.layers.16.self_attn.k_proj: max |EYM gap| = 3.34e-06  (should be ~1e-6 or smaller)
    model.layers.16.self_attn.v_proj: max |EYM gap| = 1.66e-06  (should be ~1e-6 or smaller)
    model.layers.16.self_attn.o_proj: max |EYM gap| = 2.11e-06  (should be ~1e-6 or smaller)
    model.layers.16.mlp.gate_proj: max |EYM gap| = 7.77e-07  (should be ~1e-6 or smaller)
    model.layers.16.mlp.up_proj: max |EYM gap| = 5.62e-07  (should be ~1e-6 or smaller)
    model.layers.16.mlp.down_proj: max |EYM gap| = 6.34e-07  (should be ~1e-6 or smaller)
    model.layers.17.self_attn.q_proj: max |EYM gap| = 6.29e-07  (should be ~1e-6 or smaller)
    model.layers.17.self_attn.k_proj: max |EYM gap| = 7.38e-06  (should be ~1e-6 or smaller)
    model.layers.17.self_attn.v_proj: max |EYM gap| = 2.33e-06  (should be ~1e-6 or smaller)
    model.layers.17.self_attn.o_proj: max |EYM gap| = 5.94e-07  (should be ~1e-6 or smaller)
    model.layers.17.mlp.gate_proj: max |EYM gap| = 1.39e-06  (should be ~1e-6 or smaller)
    model.layers.17.mlp.up_proj: max |EYM gap| = 1.01e-06  (should be ~1e-6 or smaller)
    model.layers.17.mlp.down_proj: max |EYM gap| = 5.92e-07  (should be ~1e-6 or smaller)
    model.layers.18.self_attn.q_proj: max |EYM gap| = 1.41e-06  (should be ~1e-6 or smaller)
    model.layers.18.self_attn.k_proj: max |EYM gap| = 4.21e-06  (should be ~1e-6 or smaller)
    model.layers.18.self_attn.v_proj: max |EYM gap| = 7.73e-07  (should be ~1e-6 or smaller)
    model.layers.18.self_attn.o_proj: max |EYM gap| = 8.82e-07  (should be ~1e-6 or smaller)
    model.layers.18.mlp.gate_proj: max |EYM gap| = 3.94e-07  (should be ~1e-6 or smaller)
    model.layers.18.mlp.up_proj: max |EYM gap| = 1.40e-06  (should be ~1e-6 or smaller)
    model.layers.18.mlp.down_proj: max |EYM gap| = 2.92e-07  (should be ~1e-6 or smaller)
    model.layers.19.self_attn.q_proj: max |EYM gap| = 1.76e-06  (should be ~1e-6 or smaller)
    model.layers.19.self_attn.k_proj: max |EYM gap| = 1.35e-07  (should be ~1e-6 or smaller)
    model.layers.19.self_attn.v_proj: max |EYM gap| = 1.07e-06  (should be ~1e-6 or smaller)
    model.layers.19.self_attn.o_proj: max |EYM gap| = 1.47e-06  (should be ~1e-6 or smaller)
    model.layers.19.mlp.gate_proj: max |EYM gap| = 8.86e-07  (should be ~1e-6 or smaller)
    model.layers.19.mlp.up_proj: max |EYM gap| = 1.45e-06  (should be ~1e-6 or smaller)
    model.layers.19.mlp.down_proj: max |EYM gap| = 6.72e-07  (should be ~1e-6 or smaller)
    model.layers.20.self_attn.q_proj: max |EYM gap| = 2.70e-06  (should be ~1e-6 or smaller)
    model.layers.20.self_attn.k_proj: max |EYM gap| = 5.17e-07  (should be ~1e-6 or smaller)
    model.layers.20.self_attn.v_proj: max |EYM gap| = 3.06e-06  (should be ~1e-6 or smaller)
    model.layers.20.self_attn.o_proj: max |EYM gap| = 9.58e-07  (should be ~1e-6 or smaller)
    model.layers.20.mlp.gate_proj: max |EYM gap| = 1.40e-06  (should be ~1e-6 or smaller)
    model.layers.20.mlp.up_proj: max |EYM gap| = 7.45e-07  (should be ~1e-6 or smaller)
    model.layers.20.mlp.down_proj: max |EYM gap| = 3.50e-07  (should be ~1e-6 or smaller)
    model.layers.21.self_attn.q_proj: max |EYM gap| = 2.10e-06  (should be ~1e-6 or smaller)
    model.layers.21.self_attn.k_proj: max |EYM gap| = 6.16e-06  (should be ~1e-6 or smaller)
    model.layers.21.self_attn.v_proj: max |EYM gap| = 1.57e-06  (should be ~1e-6 or smaller)
    model.layers.21.self_attn.o_proj: max |EYM gap| = 2.68e-06  (should be ~1e-6 or smaller)
    model.layers.21.mlp.gate_proj: max |EYM gap| = 1.46e-06  (should be ~1e-6 or smaller)
    model.layers.21.mlp.up_proj: max |EYM gap| = 6.33e-07  (should be ~1e-6 or smaller)
    model.layers.21.mlp.down_proj: max |EYM gap| = 5.13e-07  (should be ~1e-6 or smaller)
    model.layers.22.self_attn.q_proj: max |EYM gap| = 2.32e-06  (should be ~1e-6 or smaller)
    model.layers.22.self_attn.k_proj: max |EYM gap| = 6.15e-06  (should be ~1e-6 or smaller)
    model.layers.22.self_attn.v_proj: max |EYM gap| = 2.75e-06  (should be ~1e-6 or smaller)
    model.layers.22.self_attn.o_proj: max |EYM gap| = 1.39e-06  (should be ~1e-6 or smaller)
    model.layers.22.mlp.gate_proj: max |EYM gap| = 2.04e-07  (should be ~1e-6 or smaller)
    model.layers.22.mlp.up_proj: max |EYM gap| = 4.95e-07  (should be ~1e-6 or smaller)
    model.layers.22.mlp.down_proj: max |EYM gap| = 1.45e-06  (should be ~1e-6 or smaller)
    model.layers.23.self_attn.q_proj: max |EYM gap| = 1.87e-06  (should be ~1e-6 or smaller)
    model.layers.23.self_attn.k_proj: max |EYM gap| = 2.66e-06  (should be ~1e-6 or smaller)
    model.layers.23.self_attn.v_proj: max |EYM gap| = 1.61e-06  (should be ~1e-6 or smaller)
    model.layers.23.self_attn.o_proj: max |EYM gap| = 9.40e-07  (should be ~1e-6 or smaller)
    model.layers.23.mlp.gate_proj: max |EYM gap| = 8.53e-07  (should be ~1e-6 or smaller)
    model.layers.23.mlp.up_proj: max |EYM gap| = 1.57e-06  (should be ~1e-6 or smaller)
    model.layers.23.mlp.down_proj: max |EYM gap| = 4.05e-07  (should be ~1e-6 or smaller)
    model.layers.24.self_attn.q_proj: max |EYM gap| = 1.01e-06  (should be ~1e-6 or smaller)
    model.layers.24.self_attn.k_proj: max |EYM gap| = 1.95e-06  (should be ~1e-6 or smaller)
    model.layers.24.self_attn.v_proj: max |EYM gap| = 2.28e-06  (should be ~1e-6 or smaller)
    model.layers.24.self_attn.o_proj: max |EYM gap| = 1.43e-06  (should be ~1e-6 or smaller)
    model.layers.24.mlp.gate_proj: max |EYM gap| = 3.87e-07  (should be ~1e-6 or smaller)
    model.layers.24.mlp.up_proj: max |EYM gap| = 1.50e-06  (should be ~1e-6 or smaller)
    model.layers.24.mlp.down_proj: max |EYM gap| = 1.29e-06  (should be ~1e-6 or smaller)
    model.layers.25.self_attn.q_proj: max |EYM gap| = 9.32e-07  (should be ~1e-6 or smaller)
    model.layers.25.self_attn.k_proj: max |EYM gap| = 8.48e-07  (should be ~1e-6 or smaller)
    model.layers.25.self_attn.v_proj: max |EYM gap| = 3.70e-06  (should be ~1e-6 or smaller)
    model.layers.25.self_attn.o_proj: max |EYM gap| = 1.96e-06  (should be ~1e-6 or smaller)
    model.layers.25.mlp.gate_proj: max |EYM gap| = 4.82e-07  (should be ~1e-6 or smaller)
    model.layers.25.mlp.up_proj: max |EYM gap| = 1.66e-07  (should be ~1e-6 or smaller)
    model.layers.25.mlp.down_proj: max |EYM gap| = 1.27e-06  (should be ~1e-6 or smaller)
    model.layers.26.self_attn.q_proj: max |EYM gap| = 1.53e-06  (should be ~1e-6 or smaller)
    model.layers.26.self_attn.k_proj: max |EYM gap| = 2.14e-06  (should be ~1e-6 or smaller)
    model.layers.26.self_attn.v_proj: max |EYM gap| = 4.94e-06  (should be ~1e-6 or smaller)
    model.layers.26.self_attn.o_proj: max |EYM gap| = 1.56e-06  (should be ~1e-6 or smaller)
    model.layers.26.mlp.gate_proj: max |EYM gap| = 1.11e-06  (should be ~1e-6 or smaller)
    model.layers.26.mlp.up_proj: max |EYM gap| = 1.70e-06  (should be ~1e-6 or smaller)
    model.layers.26.mlp.down_proj: max |EYM gap| = 1.53e-06  (should be ~1e-6 or smaller)
    model.layers.27.self_attn.q_proj: max |EYM gap| = 1.11e-06  (should be ~1e-6 or smaller)
    model.layers.27.self_attn.k_proj: max |EYM gap| = 9.37e-07  (should be ~1e-6 or smaller)
    model.layers.27.self_attn.v_proj: max |EYM gap| = 6.15e-06  (should be ~1e-6 or smaller)
    model.layers.27.self_attn.o_proj: max |EYM gap| = 1.51e-06  (should be ~1e-6 or smaller)
    model.layers.27.mlp.gate_proj: max |EYM gap| = 1.26e-06  (should be ~1e-6 or smaller)
    model.layers.27.mlp.up_proj: max |EYM gap| = 1.34e-06  (should be ~1e-6 or smaller)
    model.layers.27.mlp.down_proj: max |EYM gap| = 1.29e-06  (should be ~1e-6 or smaller)
    model.layers.28.self_attn.q_proj: max |EYM gap| = 2.42e-06  (should be ~1e-6 or smaller)
    model.layers.28.self_attn.k_proj: max |EYM gap| = 3.64e-06  (should be ~1e-6 or smaller)
    model.layers.28.self_attn.v_proj: max |EYM gap| = 1.25e-06  (should be ~1e-6 or smaller)
    model.layers.28.self_attn.o_proj: max |EYM gap| = 2.38e-06  (should be ~1e-6 or smaller)
    model.layers.28.mlp.gate_proj: max |EYM gap| = 3.94e-07  (should be ~1e-6 or smaller)
    model.layers.28.mlp.up_proj: max |EYM gap| = 1.08e-06  (should be ~1e-6 or smaller)
    model.layers.28.mlp.down_proj: max |EYM gap| = 2.19e-06  (should be ~1e-6 or smaller)
    model.layers.29.self_attn.q_proj: max |EYM gap| = 3.31e-06  (should be ~1e-6 or smaller)
    model.layers.29.self_attn.k_proj: max |EYM gap| = 4.75e-06  (should be ~1e-6 or smaller)
    model.layers.29.self_attn.v_proj: max |EYM gap| = 1.33e-06  (should be ~1e-6 or smaller)
    model.layers.29.self_attn.o_proj: max |EYM gap| = 7.20e-07  (should be ~1e-6 or smaller)
    model.layers.29.mlp.gate_proj: max |EYM gap| = 5.91e-07  (should be ~1e-6 or smaller)
    model.layers.29.mlp.up_proj: max |EYM gap| = 1.76e-06  (should be ~1e-6 or smaller)
    model.layers.29.mlp.down_proj: max |EYM gap| = 1.81e-06  (should be ~1e-6 or smaller)
    model.layers.30.self_attn.q_proj: max |EYM gap| = 7.99e-07  (should be ~1e-6 or smaller)
    model.layers.30.self_attn.k_proj: max |EYM gap| = 5.37e-06  (should be ~1e-6 or smaller)
    model.layers.30.self_attn.v_proj: max |EYM gap| = 2.99e-06  (should be ~1e-6 or smaller)
    model.layers.30.self_attn.o_proj: max |EYM gap| = 3.06e-06  (should be ~1e-6 or smaller)
    model.layers.30.mlp.gate_proj: max |EYM gap| = 6.85e-07  (should be ~1e-6 or smaller)
    model.layers.30.mlp.up_proj: max |EYM gap| = 7.75e-07  (should be ~1e-6 or smaller)
    model.layers.30.mlp.down_proj: max |EYM gap| = 7.95e-08  (should be ~1e-6 or smaller)
    model.layers.31.self_attn.q_proj: max |EYM gap| = 1.27e-06  (should be ~1e-6 or smaller)
    model.layers.31.self_attn.k_proj: max |EYM gap| = 2.33e-06  (should be ~1e-6 or smaller)
    model.layers.31.self_attn.v_proj: max |EYM gap| = 1.23e-06  (should be ~1e-6 or smaller)
    model.layers.31.self_attn.o_proj: max |EYM gap| = 1.52e-06  (should be ~1e-6 or smaller)
    model.layers.31.mlp.gate_proj: max |EYM gap| = 1.10e-06  (should be ~1e-6 or smaller)
    model.layers.31.mlp.up_proj: max |EYM gap| = 9.28e-07  (should be ~1e-6 or smaller)
    model.layers.31.mlp.down_proj: max |EYM gap| = 1.80e-06  (should be ~1e-6 or smaller)
    model.layers.32.self_attn.q_proj: max |EYM gap| = 2.69e-06  (should be ~1e-6 or smaller)
    model.layers.32.self_attn.k_proj: max |EYM gap| = 2.27e-06  (should be ~1e-6 or smaller)
    model.layers.32.self_attn.v_proj: max |EYM gap| = 2.78e-06  (should be ~1e-6 or smaller)
    model.layers.32.self_attn.o_proj: max |EYM gap| = 4.92e-07  (should be ~1e-6 or smaller)
    model.layers.32.mlp.gate_proj: max |EYM gap| = 1.03e-06  (should be ~1e-6 or smaller)
    model.layers.32.mlp.up_proj: max |EYM gap| = 1.65e-06  (should be ~1e-6 or smaller)
    model.layers.32.mlp.down_proj: max |EYM gap| = 6.90e-07  (should be ~1e-6 or smaller)
    model.layers.33.self_attn.q_proj: max |EYM gap| = 1.49e-06  (should be ~1e-6 or smaller)
    model.layers.33.self_attn.k_proj: max |EYM gap| = 2.48e-06  (should be ~1e-6 or smaller)
    model.layers.33.self_attn.v_proj: max |EYM gap| = 7.67e-06  (should be ~1e-6 or smaller)
    model.layers.33.self_attn.o_proj: max |EYM gap| = 3.55e-06  (should be ~1e-6 or smaller)
    model.layers.33.mlp.gate_proj: max |EYM gap| = 1.45e-06  (should be ~1e-6 or smaller)
    model.layers.33.mlp.up_proj: max |EYM gap| = 6.21e-07  (should be ~1e-6 or smaller)
    model.layers.33.mlp.down_proj: max |EYM gap| = 1.09e-06  (should be ~1e-6 or smaller)
    model.layers.34.self_attn.q_proj: max |EYM gap| = 3.05e-06  (should be ~1e-6 or smaller)
    model.layers.34.self_attn.k_proj: max |EYM gap| = 6.72e-07  (should be ~1e-6 or smaller)
    model.layers.34.self_attn.v_proj: max |EYM gap| = 3.47e-06  (should be ~1e-6 or smaller)
    model.layers.34.self_attn.o_proj: max |EYM gap| = 2.42e-06  (should be ~1e-6 or smaller)
    model.layers.34.mlp.gate_proj: max |EYM gap| = 9.73e-07  (should be ~1e-6 or smaller)
    model.layers.34.mlp.up_proj: max |EYM gap| = 1.05e-06  (should be ~1e-6 or smaller)
    model.layers.34.mlp.down_proj: max |EYM gap| = 7.42e-07  (should be ~1e-6 or smaller)
    model.layers.35.self_attn.q_proj: max |EYM gap| = 5.05e-07  (should be ~1e-6 or smaller)
    model.layers.35.self_attn.k_proj: max |EYM gap| = 7.21e-06  (should be ~1e-6 or smaller)
    model.layers.35.self_attn.v_proj: max |EYM gap| = 4.40e-06  (should be ~1e-6 or smaller)
    model.layers.35.self_attn.o_proj: max |EYM gap| = 9.40e-07  (should be ~1e-6 or smaller)
    model.layers.35.mlp.gate_proj: max |EYM gap| = 8.44e-07  (should be ~1e-6 or smaller)
    model.layers.35.mlp.up_proj: max |EYM gap| = 5.69e-07  (should be ~1e-6 or smaller)
    model.layers.35.mlp.down_proj: max |EYM gap| = 8.56e-07  (should be ~1e-6 or smaller)
[analyze] adamw-r4-Lall-q-k-v-o-gate-up-down-lr0.0002-s2
    full       k=  4  A/B(bal) unseen 0.404 seen 0.511 val 0.590
    svd        k=  1  A/B(bal) unseen 0.308 seen 0.511 val 0.602
    data_aware k=  1  A/B(bal) unseen 0.346 seen 0.533 val 0.601
    naive      k=  1  A/B(bal) unseen 0.423 seen 0.556 val 1.990
    ablate     k=  1  A/B(bal) unseen 0.423 seen 0.600 val 2.992
    svd        k=  2  A/B(bal) unseen 0.346 seen 0.578 val 0.591
    data_aware k=  2  A/B(bal) unseen 0.231 seen 0.578 val 0.591
    naive      k=  2  A/B(bal) unseen 0.404 seen 0.556 val 1.251
    ablate     k=  2  A/B(bal) unseen 0.365 seen 0.644 val 5.235
    model.layers.0.self_attn.q_proj: max |EYM gap| = 2.24e-06  (should be ~1e-6 or smaller)
    model.layers.0.self_attn.k_proj: max |EYM gap| = 1.24e-06  (should be ~1e-6 or smaller)
    model.layers.0.self_attn.v_proj: max |EYM gap| = 4.78e-06  (should be ~1e-6 or smaller)
    model.layers.0.self_attn.o_proj: max |EYM gap| = 3.47e-06  (should be ~1e-6 or smaller)
    model.layers.0.mlp.gate_proj: max |EYM gap| = 2.53e-06  (should be ~1e-6 or smaller)
    model.layers.0.mlp.up_proj: max |EYM gap| = 4.33e-07  (should be ~1e-6 or smaller)
    model.layers.0.mlp.down_proj: max |EYM gap| = 2.26e-06  (should be ~1e-6 or smaller)
    model.layers.1.self_attn.q_proj: max |EYM gap| = 1.40e-06  (should be ~1e-6 or smaller)
    model.layers.1.self_attn.k_proj: max |EYM gap| = 1.13e-05  (should be ~1e-6 or smaller)
    model.layers.1.self_attn.v_proj: max |EYM gap| = 2.24e-06  (should be ~1e-6 or smaller)
    model.layers.1.self_attn.o_proj: max |EYM gap| = 2.38e-06  (should be ~1e-6 or smaller)
    model.layers.1.mlp.gate_proj: max |EYM gap| = 2.86e-07  (should be ~1e-6 or smaller)
    model.layers.1.mlp.up_proj: max |EYM gap| = 9.32e-07  (should be ~1e-6 or smaller)
    model.layers.1.mlp.down_proj: max |EYM gap| = 1.26e-06  (should be ~1e-6 or smaller)
    model.layers.2.self_attn.q_proj: max |EYM gap| = 1.13e-06  (should be ~1e-6 or smaller)
    model.layers.2.self_attn.k_proj: max |EYM gap| = 5.88e-06  (should be ~1e-6 or smaller)
    model.layers.2.self_attn.v_proj: max |EYM gap| = 3.78e-06  (should be ~1e-6 or smaller)
    model.layers.2.self_attn.o_proj: max |EYM gap| = 2.98e-06  (should be ~1e-6 or smaller)
    model.layers.2.mlp.gate_proj: max |EYM gap| = 6.39e-07  (should be ~1e-6 or smaller)
    model.layers.2.mlp.up_proj: max |EYM gap| = 2.12e-06  (should be ~1e-6 or smaller)
    model.layers.2.mlp.down_proj: max |EYM gap| = 2.15e-06  (should be ~1e-6 or smaller)
    model.layers.3.self_attn.q_proj: max |EYM gap| = 1.33e-06  (should be ~1e-6 or smaller)
    model.layers.3.self_attn.k_proj: max |EYM gap| = 3.23e-06  (should be ~1e-6 or smaller)
    model.layers.3.self_attn.v_proj: max |EYM gap| = 4.49e-06  (should be ~1e-6 or smaller)
    model.layers.3.self_attn.o_proj: max |EYM gap| = 1.38e-06  (should be ~1e-6 or smaller)
    model.layers.3.mlp.gate_proj: max |EYM gap| = 1.76e-07  (should be ~1e-6 or smaller)
    model.layers.3.mlp.up_proj: max |EYM gap| = 7.93e-07  (should be ~1e-6 or smaller)
    model.layers.3.mlp.down_proj: max |EYM gap| = 5.81e-07  (should be ~1e-6 or smaller)
    model.layers.4.self_attn.q_proj: max |EYM gap| = 5.23e-07  (should be ~1e-6 or smaller)
    model.layers.4.self_attn.k_proj: max |EYM gap| = 2.03e-06  (should be ~1e-6 or smaller)
    model.layers.4.self_attn.v_proj: max |EYM gap| = 3.72e-06  (should be ~1e-6 or smaller)
    model.layers.4.self_attn.o_proj: max |EYM gap| = 1.92e-06  (should be ~1e-6 or smaller)
    model.layers.4.mlp.gate_proj: max |EYM gap| = 1.76e-06  (should be ~1e-6 or smaller)
    model.layers.4.mlp.up_proj: max |EYM gap| = 7.04e-07  (should be ~1e-6 or smaller)
    model.layers.4.mlp.down_proj: max |EYM gap| = 9.45e-07  (should be ~1e-6 or smaller)
    model.layers.5.self_attn.q_proj: max |EYM gap| = 3.69e-06  (should be ~1e-6 or smaller)
    model.layers.5.self_attn.k_proj: max |EYM gap| = 1.25e-06  (should be ~1e-6 or smaller)
    model.layers.5.self_attn.v_proj: max |EYM gap| = 2.44e-06  (should be ~1e-6 or smaller)
    model.layers.5.self_attn.o_proj: max |EYM gap| = 1.17e-06  (should be ~1e-6 or smaller)
    model.layers.5.mlp.gate_proj: max |EYM gap| = 1.05e-06  (should be ~1e-6 or smaller)
    model.layers.5.mlp.up_proj: max |EYM gap| = 2.01e-06  (should be ~1e-6 or smaller)
    model.layers.5.mlp.down_proj: max |EYM gap| = 5.03e-07  (should be ~1e-6 or smaller)
    model.layers.6.self_attn.q_proj: max |EYM gap| = 4.09e-06  (should be ~1e-6 or smaller)
    model.layers.6.self_attn.k_proj: max |EYM gap| = 2.44e-06  (should be ~1e-6 or smaller)
    model.layers.6.self_attn.v_proj: max |EYM gap| = 4.88e-06  (should be ~1e-6 or smaller)
    model.layers.6.self_attn.o_proj: max |EYM gap| = 2.33e-07  (should be ~1e-6 or smaller)
    model.layers.6.mlp.gate_proj: max |EYM gap| = 2.06e-06  (should be ~1e-6 or smaller)
    model.layers.6.mlp.up_proj: max |EYM gap| = 6.68e-07  (should be ~1e-6 or smaller)
    model.layers.6.mlp.down_proj: max |EYM gap| = 1.17e-06  (should be ~1e-6 or smaller)
    model.layers.7.self_attn.q_proj: max |EYM gap| = 7.81e-07  (should be ~1e-6 or smaller)
    model.layers.7.self_attn.k_proj: max |EYM gap| = 1.25e-06  (should be ~1e-6 or smaller)
    model.layers.7.self_attn.v_proj: max |EYM gap| = 2.69e-06  (should be ~1e-6 or smaller)
    model.layers.7.self_attn.o_proj: max |EYM gap| = 1.11e-06  (should be ~1e-6 or smaller)
    model.layers.7.mlp.gate_proj: max |EYM gap| = 1.37e-06  (should be ~1e-6 or smaller)
    model.layers.7.mlp.up_proj: max |EYM gap| = 2.11e-06  (should be ~1e-6 or smaller)
    model.layers.7.mlp.down_proj: max |EYM gap| = 3.68e-06  (should be ~1e-6 or smaller)
    model.layers.8.self_attn.q_proj: max |EYM gap| = 1.91e-06  (should be ~1e-6 or smaller)
    model.layers.8.self_attn.k_proj: max |EYM gap| = 6.94e-06  (should be ~1e-6 or smaller)
    model.layers.8.self_attn.v_proj: max |EYM gap| = 4.88e-06  (should be ~1e-6 or smaller)
    model.layers.8.self_attn.o_proj: max |EYM gap| = 3.16e-06  (should be ~1e-6 or smaller)
    model.layers.8.mlp.gate_proj: max |EYM gap| = 1.13e-06  (should be ~1e-6 or smaller)
    model.layers.8.mlp.up_proj: max |EYM gap| = 3.03e-06  (should be ~1e-6 or smaller)
    model.layers.8.mlp.down_proj: max |EYM gap| = 3.44e-06  (should be ~1e-6 or smaller)
    model.layers.9.self_attn.q_proj: max |EYM gap| = 1.18e-06  (should be ~1e-6 or smaller)
    model.layers.9.self_attn.k_proj: max |EYM gap| = 6.14e-06  (should be ~1e-6 or smaller)
    model.layers.9.self_attn.v_proj: max |EYM gap| = 5.56e-06  (should be ~1e-6 or smaller)
    model.layers.9.self_attn.o_proj: max |EYM gap| = 1.17e-06  (should be ~1e-6 or smaller)
    model.layers.9.mlp.gate_proj: max |EYM gap| = 1.50e-06  (should be ~1e-6 or smaller)
    model.layers.9.mlp.up_proj: max |EYM gap| = 1.65e-06  (should be ~1e-6 or smaller)
    model.layers.9.mlp.down_proj: max |EYM gap| = 6.90e-07  (should be ~1e-6 or smaller)
    model.layers.10.self_attn.q_proj: max |EYM gap| = 1.90e-06  (should be ~1e-6 or smaller)
    model.layers.10.self_attn.k_proj: max |EYM gap| = 5.35e-06  (should be ~1e-6 or smaller)
    model.layers.10.self_attn.v_proj: max |EYM gap| = 2.28e-06  (should be ~1e-6 or smaller)
    model.layers.10.self_attn.o_proj: max |EYM gap| = 1.28e-06  (should be ~1e-6 or smaller)
    model.layers.10.mlp.gate_proj: max |EYM gap| = 6.14e-07  (should be ~1e-6 or smaller)
    model.layers.10.mlp.up_proj: max |EYM gap| = 8.74e-07  (should be ~1e-6 or smaller)
    model.layers.10.mlp.down_proj: max |EYM gap| = 2.40e-06  (should be ~1e-6 or smaller)
    model.layers.11.self_attn.q_proj: max |EYM gap| = 7.12e-07  (should be ~1e-6 or smaller)
    model.layers.11.self_attn.k_proj: max |EYM gap| = 7.95e-06  (should be ~1e-6 or smaller)
    model.layers.11.self_attn.v_proj: max |EYM gap| = 1.57e-06  (should be ~1e-6 or smaller)
    model.layers.11.self_attn.o_proj: max |EYM gap| = 3.81e-06  (should be ~1e-6 or smaller)
    model.layers.11.mlp.gate_proj: max |EYM gap| = 1.22e-06  (should be ~1e-6 or smaller)
    model.layers.11.mlp.up_proj: max |EYM gap| = 1.71e-06  (should be ~1e-6 or smaller)
    model.layers.11.mlp.down_proj: max |EYM gap| = 1.04e-07  (should be ~1e-6 or smaller)
    model.layers.12.self_attn.q_proj: max |EYM gap| = 6.48e-07  (should be ~1e-6 or smaller)
    model.layers.12.self_attn.k_proj: max |EYM gap| = 2.78e-06  (should be ~1e-6 or smaller)
    model.layers.12.self_attn.v_proj: max |EYM gap| = 1.05e-06  (should be ~1e-6 or smaller)
    model.layers.12.self_attn.o_proj: max |EYM gap| = 1.00e-06  (should be ~1e-6 or smaller)
    model.layers.12.mlp.gate_proj: max |EYM gap| = 2.29e-06  (should be ~1e-6 or smaller)
    model.layers.12.mlp.up_proj: max |EYM gap| = 6.85e-07  (should be ~1e-6 or smaller)
    model.layers.12.mlp.down_proj: max |EYM gap| = 2.24e-06  (should be ~1e-6 or smaller)
    model.layers.13.self_attn.q_proj: max |EYM gap| = 3.23e-06  (should be ~1e-6 or smaller)
    model.layers.13.self_attn.k_proj: max |EYM gap| = 3.44e-06  (should be ~1e-6 or smaller)
    model.layers.13.self_attn.v_proj: max |EYM gap| = 3.87e-06  (should be ~1e-6 or smaller)
    model.layers.13.self_attn.o_proj: max |EYM gap| = 2.34e-06  (should be ~1e-6 or smaller)
    model.layers.13.mlp.gate_proj: max |EYM gap| = 1.05e-06  (should be ~1e-6 or smaller)
    model.layers.13.mlp.up_proj: max |EYM gap| = 3.35e-06  (should be ~1e-6 or smaller)
    model.layers.13.mlp.down_proj: max |EYM gap| = 6.20e-07  (should be ~1e-6 or smaller)
    model.layers.14.self_attn.q_proj: max |EYM gap| = 1.87e-06  (should be ~1e-6 or smaller)
    model.layers.14.self_attn.k_proj: max |EYM gap| = 3.08e-06  (should be ~1e-6 or smaller)
    model.layers.14.self_attn.v_proj: max |EYM gap| = 5.01e-07  (should be ~1e-6 or smaller)
    model.layers.14.self_attn.o_proj: max |EYM gap| = 3.11e-06  (should be ~1e-6 or smaller)
    model.layers.14.mlp.gate_proj: max |EYM gap| = 8.78e-07  (should be ~1e-6 or smaller)
    model.layers.14.mlp.up_proj: max |EYM gap| = 2.60e-06  (should be ~1e-6 or smaller)
    model.layers.14.mlp.down_proj: max |EYM gap| = 1.96e-06  (should be ~1e-6 or smaller)
    model.layers.15.self_attn.q_proj: max |EYM gap| = 1.32e-06  (should be ~1e-6 or smaller)
    model.layers.15.self_attn.k_proj: max |EYM gap| = 3.19e-06  (should be ~1e-6 or smaller)
    model.layers.15.self_attn.v_proj: max |EYM gap| = 2.83e-06  (should be ~1e-6 or smaller)
    model.layers.15.self_attn.o_proj: max |EYM gap| = 1.86e-06  (should be ~1e-6 or smaller)
    model.layers.15.mlp.gate_proj: max |EYM gap| = 3.11e-07  (should be ~1e-6 or smaller)
    model.layers.15.mlp.up_proj: max |EYM gap| = 1.03e-06  (should be ~1e-6 or smaller)
    model.layers.15.mlp.down_proj: max |EYM gap| = 1.36e-06  (should be ~1e-6 or smaller)
    model.layers.16.self_attn.q_proj: max |EYM gap| = 1.06e-06  (should be ~1e-6 or smaller)
    model.layers.16.self_attn.k_proj: max |EYM gap| = 4.06e-06  (should be ~1e-6 or smaller)
    model.layers.16.self_attn.v_proj: max |EYM gap| = 4.35e-06  (should be ~1e-6 or smaller)
    model.layers.16.self_attn.o_proj: max |EYM gap| = 2.67e-06  (should be ~1e-6 or smaller)
    model.layers.16.mlp.gate_proj: max |EYM gap| = 1.83e-06  (should be ~1e-6 or smaller)
    model.layers.16.mlp.up_proj: max |EYM gap| = 1.04e-06  (should be ~1e-6 or smaller)
    model.layers.16.mlp.down_proj: max |EYM gap| = 1.16e-06  (should be ~1e-6 or smaller)
    model.layers.17.self_attn.q_proj: max |EYM gap| = 2.68e-06  (should be ~1e-6 or smaller)
    model.layers.17.self_attn.k_proj: max |EYM gap| = 9.13e-07  (should be ~1e-6 or smaller)
    model.layers.17.self_attn.v_proj: max |EYM gap| = 3.71e-06  (should be ~1e-6 or smaller)
    model.layers.17.self_attn.o_proj: max |EYM gap| = 1.01e-06  (should be ~1e-6 or smaller)
    model.layers.17.mlp.gate_proj: max |EYM gap| = 1.19e-06  (should be ~1e-6 or smaller)
    model.layers.17.mlp.up_proj: max |EYM gap| = 1.99e-06  (should be ~1e-6 or smaller)
    model.layers.17.mlp.down_proj: max |EYM gap| = 5.95e-07  (should be ~1e-6 or smaller)
    model.layers.18.self_attn.q_proj: max |EYM gap| = 2.12e-06  (should be ~1e-6 or smaller)
    model.layers.18.self_attn.k_proj: max |EYM gap| = 4.64e-06  (should be ~1e-6 or smaller)
    model.layers.18.self_attn.v_proj: max |EYM gap| = 3.13e-06  (should be ~1e-6 or smaller)
    model.layers.18.self_attn.o_proj: max |EYM gap| = 1.68e-06  (should be ~1e-6 or smaller)
    model.layers.18.mlp.gate_proj: max |EYM gap| = 4.47e-06  (should be ~1e-6 or smaller)
    model.layers.18.mlp.up_proj: max |EYM gap| = 1.34e-06  (should be ~1e-6 or smaller)
    model.layers.18.mlp.down_proj: max |EYM gap| = 6.05e-07  (should be ~1e-6 or smaller)
    model.layers.19.self_attn.q_proj: max |EYM gap| = 1.98e-06  (should be ~1e-6 or smaller)
    model.layers.19.self_attn.k_proj: max |EYM gap| = 2.74e-06  (should be ~1e-6 or smaller)
    model.layers.19.self_attn.v_proj: max |EYM gap| = 6.33e-07  (should be ~1e-6 or smaller)
    model.layers.19.self_attn.o_proj: max |EYM gap| = 4.40e-06  (should be ~1e-6 or smaller)
    model.layers.19.mlp.gate_proj: max |EYM gap| = 1.54e-06  (should be ~1e-6 or smaller)
    model.layers.19.mlp.up_proj: max |EYM gap| = 5.88e-07  (should be ~1e-6 or smaller)
    model.layers.19.mlp.down_proj: max |EYM gap| = 4.82e-07  (should be ~1e-6 or smaller)
    model.layers.20.self_attn.q_proj: max |EYM gap| = 1.40e-06  (should be ~1e-6 or smaller)
    model.layers.20.self_attn.k_proj: max |EYM gap| = 8.36e-07  (should be ~1e-6 or smaller)
    model.layers.20.self_attn.v_proj: max |EYM gap| = 1.34e-06  (should be ~1e-6 or smaller)
    model.layers.20.self_attn.o_proj: max |EYM gap| = 1.83e-06  (should be ~1e-6 or smaller)
    model.layers.20.mlp.gate_proj: max |EYM gap| = 1.74e-06  (should be ~1e-6 or smaller)
    model.layers.20.mlp.up_proj: max |EYM gap| = 1.05e-06  (should be ~1e-6 or smaller)
    model.layers.20.mlp.down_proj: max |EYM gap| = 3.07e-06  (should be ~1e-6 or smaller)
    model.layers.21.self_attn.q_proj: max |EYM gap| = 3.86e-06  (should be ~1e-6 or smaller)
    model.layers.21.self_attn.k_proj: max |EYM gap| = 3.63e-06  (should be ~1e-6 or smaller)
    model.layers.21.self_attn.v_proj: max |EYM gap| = 3.26e-06  (should be ~1e-6 or smaller)
    model.layers.21.self_attn.o_proj: max |EYM gap| = 3.21e-07  (should be ~1e-6 or smaller)
    model.layers.21.mlp.gate_proj: max |EYM gap| = 4.22e-07  (should be ~1e-6 or smaller)
    model.layers.21.mlp.up_proj: max |EYM gap| = 2.01e-06  (should be ~1e-6 or smaller)
    model.layers.21.mlp.down_proj: max |EYM gap| = 3.74e-06  (should be ~1e-6 or smaller)
    model.layers.22.self_attn.q_proj: max |EYM gap| = 1.63e-06  (should be ~1e-6 or smaller)
    model.layers.22.self_attn.k_proj: max |EYM gap| = 9.06e-06  (should be ~1e-6 or smaller)
    model.layers.22.self_attn.v_proj: max |EYM gap| = 5.07e-06  (should be ~1e-6 or smaller)
    model.layers.22.self_attn.o_proj: max |EYM gap| = 1.73e-06  (should be ~1e-6 or smaller)
    model.layers.22.mlp.gate_proj: max |EYM gap| = 6.51e-07  (should be ~1e-6 or smaller)
    model.layers.22.mlp.up_proj: max |EYM gap| = 1.76e-06  (should be ~1e-6 or smaller)
    model.layers.22.mlp.down_proj: max |EYM gap| = 6.48e-07  (should be ~1e-6 or smaller)
    model.layers.23.self_attn.q_proj: max |EYM gap| = 1.84e-06  (should be ~1e-6 or smaller)
    model.layers.23.self_attn.k_proj: max |EYM gap| = 4.49e-06  (should be ~1e-6 or smaller)
    model.layers.23.self_attn.v_proj: max |EYM gap| = 2.50e-06  (should be ~1e-6 or smaller)
    model.layers.23.self_attn.o_proj: max |EYM gap| = 2.11e-06  (should be ~1e-6 or smaller)
    model.layers.23.mlp.gate_proj: max |EYM gap| = 2.03e-06  (should be ~1e-6 or smaller)
    model.layers.23.mlp.up_proj: max |EYM gap| = 1.28e-06  (should be ~1e-6 or smaller)
    model.layers.23.mlp.down_proj: max |EYM gap| = 1.49e-06  (should be ~1e-6 or smaller)
    model.layers.24.self_attn.q_proj: max |EYM gap| = 3.02e-06  (should be ~1e-6 or smaller)
    model.layers.24.self_attn.k_proj: max |EYM gap| = 6.65e-06  (should be ~1e-6 or smaller)
    model.layers.24.self_attn.v_proj: max |EYM gap| = 3.23e-06  (should be ~1e-6 or smaller)
    model.layers.24.self_attn.o_proj: max |EYM gap| = 4.20e-07  (should be ~1e-6 or smaller)
    model.layers.24.mlp.gate_proj: max |EYM gap| = 7.70e-07  (should be ~1e-6 or smaller)
    model.layers.24.mlp.up_proj: max |EYM gap| = 2.29e-06  (should be ~1e-6 or smaller)
    model.layers.24.mlp.down_proj: max |EYM gap| = 5.33e-07  (should be ~1e-6 or smaller)
    model.layers.25.self_attn.q_proj: max |EYM gap| = 2.06e-06  (should be ~1e-6 or smaller)
    model.layers.25.self_attn.k_proj: max |EYM gap| = 5.09e-06  (should be ~1e-6 or smaller)
    model.layers.25.self_attn.v_proj: max |EYM gap| = 5.67e-06  (should be ~1e-6 or smaller)
    model.layers.25.self_attn.o_proj: max |EYM gap| = 1.25e-06  (should be ~1e-6 or smaller)
    model.layers.25.mlp.gate_proj: max |EYM gap| = 1.99e-07  (should be ~1e-6 or smaller)
    model.layers.25.mlp.up_proj: max |EYM gap| = 1.23e-06  (should be ~1e-6 or smaller)
    model.layers.25.mlp.down_proj: max |EYM gap| = 2.91e-06  (should be ~1e-6 or smaller)
    model.layers.26.self_attn.q_proj: max |EYM gap| = 3.86e-07  (should be ~1e-6 or smaller)
    model.layers.26.self_attn.k_proj: max |EYM gap| = 2.77e-06  (should be ~1e-6 or smaller)
    model.layers.26.self_attn.v_proj: max |EYM gap| = 1.95e-06  (should be ~1e-6 or smaller)
    model.layers.26.self_attn.o_proj: max |EYM gap| = 5.80e-07  (should be ~1e-6 or smaller)
    model.layers.26.mlp.gate_proj: max |EYM gap| = 1.08e-06  (should be ~1e-6 or smaller)
    model.layers.26.mlp.up_proj: max |EYM gap| = 2.58e-06  (should be ~1e-6 or smaller)
    model.layers.26.mlp.down_proj: max |EYM gap| = 2.39e-06  (should be ~1e-6 or smaller)
    model.layers.27.self_attn.q_proj: max |EYM gap| = 1.75e-06  (should be ~1e-6 or smaller)
    model.layers.27.self_attn.k_proj: max |EYM gap| = 7.65e-06  (should be ~1e-6 or smaller)
    model.layers.27.self_attn.v_proj: max |EYM gap| = 1.79e-06  (should be ~1e-6 or smaller)
    model.layers.27.self_attn.o_proj: max |EYM gap| = 5.18e-07  (should be ~1e-6 or smaller)
    model.layers.27.mlp.gate_proj: max |EYM gap| = 9.35e-07  (should be ~1e-6 or smaller)
    model.layers.27.mlp.up_proj: max |EYM gap| = 1.15e-06  (should be ~1e-6 or smaller)
    model.layers.27.mlp.down_proj: max |EYM gap| = 9.70e-07  (should be ~1e-6 or smaller)
    model.layers.28.self_attn.q_proj: max |EYM gap| = 2.77e-06  (should be ~1e-6 or smaller)
    model.layers.28.self_attn.k_proj: max |EYM gap| = 3.06e-06  (should be ~1e-6 or smaller)
    model.layers.28.self_attn.v_proj: max |EYM gap| = 1.80e-06  (should be ~1e-6 or smaller)
    model.layers.28.self_attn.o_proj: max |EYM gap| = 7.29e-06  (should be ~1e-6 or smaller)
    model.layers.28.mlp.gate_proj: max |EYM gap| = 1.51e-06  (should be ~1e-6 or smaller)
    model.layers.28.mlp.up_proj: max |EYM gap| = 6.74e-07  (should be ~1e-6 or smaller)
    model.layers.28.mlp.down_proj: max |EYM gap| = 1.47e-06  (should be ~1e-6 or smaller)
    model.layers.29.self_attn.q_proj: max |EYM gap| = 2.14e-06  (should be ~1e-6 or smaller)
    model.layers.29.self_attn.k_proj: max |EYM gap| = 1.24e-05  (should be ~1e-6 or smaller)
    model.layers.29.self_attn.v_proj: max |EYM gap| = 1.34e-06  (should be ~1e-6 or smaller)
    model.layers.29.self_attn.o_proj: max |EYM gap| = 7.32e-07  (should be ~1e-6 or smaller)
    model.layers.29.mlp.gate_proj: max |EYM gap| = 1.10e-06  (should be ~1e-6 or smaller)
    model.layers.29.mlp.up_proj: max |EYM gap| = 6.90e-07  (should be ~1e-6 or smaller)
    model.layers.29.mlp.down_proj: max |EYM gap| = 1.55e-06  (should be ~1e-6 or smaller)
    model.layers.30.self_attn.q_proj: max |EYM gap| = 2.06e-06  (should be ~1e-6 or smaller)
    model.layers.30.self_attn.k_proj: max |EYM gap| = 2.17e-06  (should be ~1e-6 or smaller)
    model.layers.30.self_attn.v_proj: max |EYM gap| = 7.40e-07  (should be ~1e-6 or smaller)
    model.layers.30.self_attn.o_proj: max |EYM gap| = 1.03e-06  (should be ~1e-6 or smaller)
    model.layers.30.mlp.gate_proj: max |EYM gap| = 1.49e-06  (should be ~1e-6 or smaller)
    model.layers.30.mlp.up_proj: max |EYM gap| = 7.70e-07  (should be ~1e-6 or smaller)
    model.layers.30.mlp.down_proj: max |EYM gap| = 1.64e-06  (should be ~1e-6 or smaller)
    model.layers.31.self_attn.q_proj: max |EYM gap| = 2.86e-06  (should be ~1e-6 or smaller)
    model.layers.31.self_attn.k_proj: max |EYM gap| = 1.19e-06  (should be ~1e-6 or smaller)
    model.layers.31.self_attn.v_proj: max |EYM gap| = 1.59e-06  (should be ~1e-6 or smaller)
    model.layers.31.self_attn.o_proj: max |EYM gap| = 2.64e-06  (should be ~1e-6 or smaller)
    model.layers.31.mlp.gate_proj: max |EYM gap| = 2.60e-07  (should be ~1e-6 or smaller)
    model.layers.31.mlp.up_proj: max |EYM gap| = 1.34e-07  (should be ~1e-6 or smaller)
    model.layers.31.mlp.down_proj: max |EYM gap| = 1.71e-06  (should be ~1e-6 or smaller)
    model.layers.32.self_attn.q_proj: max |EYM gap| = 7.18e-07  (should be ~1e-6 or smaller)
    model.layers.32.self_attn.k_proj: max |EYM gap| = 3.67e-06  (should be ~1e-6 or smaller)
    model.layers.32.self_attn.v_proj: max |EYM gap| = 1.90e-06  (should be ~1e-6 or smaller)
    model.layers.32.self_attn.o_proj: max |EYM gap| = 1.92e-06  (should be ~1e-6 or smaller)
    model.layers.32.mlp.gate_proj: max |EYM gap| = 3.85e-07  (should be ~1e-6 or smaller)
    model.layers.32.mlp.up_proj: max |EYM gap| = 2.82e-06  (should be ~1e-6 or smaller)
    model.layers.32.mlp.down_proj: max |EYM gap| = 1.61e-06  (should be ~1e-6 or smaller)
    model.layers.33.self_attn.q_proj: max |EYM gap| = 6.31e-07  (should be ~1e-6 or smaller)
    model.layers.33.self_attn.k_proj: max |EYM gap| = 6.28e-06  (should be ~1e-6 or smaller)
    model.layers.33.self_attn.v_proj: max |EYM gap| = 1.49e-06  (should be ~1e-6 or smaller)
    model.layers.33.self_attn.o_proj: max |EYM gap| = 3.58e-06  (should be ~1e-6 or smaller)
    model.layers.33.mlp.gate_proj: max |EYM gap| = 2.83e-07  (should be ~1e-6 or smaller)
    model.layers.33.mlp.up_proj: max |EYM gap| = 7.93e-07  (should be ~1e-6 or smaller)
    model.layers.33.mlp.down_proj: max |EYM gap| = 1.25e-06  (should be ~1e-6 or smaller)
    model.layers.34.self_attn.q_proj: max |EYM gap| = 7.16e-07  (should be ~1e-6 or smaller)
    model.layers.34.self_attn.k_proj: max |EYM gap| = 2.97e-06  (should be ~1e-6 or smaller)
    model.layers.34.self_attn.v_proj: max |EYM gap| = 2.29e-06  (should be ~1e-6 or smaller)
    model.layers.34.self_attn.o_proj: max |EYM gap| = 2.53e-06  (should be ~1e-6 or smaller)
    model.layers.34.mlp.gate_proj: max |EYM gap| = 1.23e-06  (should be ~1e-6 or smaller)
    model.layers.34.mlp.up_proj: max |EYM gap| = 4.32e-07  (should be ~1e-6 or smaller)
    model.layers.34.mlp.down_proj: max |EYM gap| = 2.12e-07  (should be ~1e-6 or smaller)
    model.layers.35.self_attn.q_proj: max |EYM gap| = 2.42e-06  (should be ~1e-6 or smaller)
    model.layers.35.self_attn.k_proj: max |EYM gap| = 4.90e-06  (should be ~1e-6 or smaller)
    model.layers.35.self_attn.v_proj: max |EYM gap| = 9.88e-07  (should be ~1e-6 or smaller)
    model.layers.35.self_attn.o_proj: max |EYM gap| = 6.32e-07  (should be ~1e-6 or smaller)
    model.layers.35.mlp.gate_proj: max |EYM gap| = 9.75e-07  (should be ~1e-6 or smaller)
    model.layers.35.mlp.up_proj: max |EYM gap| = 1.25e-06  (should be ~1e-6 or smaller)
    model.layers.35.mlp.down_proj: max |EYM gap| = 1.56e-06  (should be ~1e-6 or smaller)
[analyze] adamw-r64-Lall-q-k-v-o-gate-up-down-lr0.0002-s0
    full       k= 64  A/B(bal) unseen 0.404 seen 0.622 val 0.087
    svd        k=  1  A/B(bal) unseen 0.442 seen 0.533 val 0.478
    data_aware k=  1  A/B(bal) unseen 0.385 seen 0.600 val 0.420
    naive      k=  1  A/B(bal) unseen 0.404 seen 0.489 val 4.741
    ablate     k=  1  A/B(bal) unseen 0.481 seen 0.556 val 1.253
    svd        k=  2  A/B(bal) unseen 0.404 seen 0.622 val 0.236
    data_aware k=  2  A/B(bal) unseen 0.385 seen 0.600 val 0.225
    naive      k=  2  A/B(bal) unseen 0.404 seen 0.600 val 3.551
    ablate     k=  2  A/B(bal) unseen 0.404 seen 0.533 val 1.697
    svd        k=  4  A/B(bal) unseen 0.385 seen 0.622 val 0.144
    data_aware k=  4  A/B(bal) unseen 0.385 seen 0.644 val 0.139
    naive      k=  4  A/B(bal) unseen 0.404 seen 0.578 val 2.751
    ablate     k=  4  A/B(bal) unseen 0.404 seen 0.622 val 2.244
    svd        k=  8  A/B(bal) unseen 0.404 seen 0.600 val 0.110
    data_aware k=  8  A/B(bal) unseen 0.404 seen 0.622 val 0.107
    naive      k=  8  A/B(bal) unseen 0.404 seen 0.578 val 2.220
    ablate     k=  8  A/B(bal) unseen 0.404 seen 0.556 val 2.820
    svd        k= 16  A/B(bal) unseen 0.423 seen 0.622 val 0.096
    data_aware k= 16  A/B(bal) unseen 0.404 seen 0.622 val 0.094
    naive      k= 16  A/B(bal) unseen 0.404 seen 0.533 val 1.567
    ablate     k= 16  A/B(bal) unseen 0.423 seen 0.644 val 3.852
    svd        k= 32  A/B(bal) unseen 0.385 seen 0.622 val 0.090
    data_aware k= 32  A/B(bal) unseen 0.423 seen 0.622 val 0.090
    naive      k= 32  A/B(bal) unseen 0.442 seen 0.511 val 0.529
    ablate     k= 32  A/B(bal) unseen 0.346 seen 0.644 val 5.381
    model.layers.0.self_attn.q_proj: max |EYM gap| = 1.28e-06  (should be ~1e-6 or smaller)
    model.layers.0.self_attn.k_proj: max |EYM gap| = 1.48e-06  (should be ~1e-6 or smaller)
    model.layers.0.self_attn.v_proj: max |EYM gap| = 1.51e-06  (should be ~1e-6 or smaller)
    model.layers.0.self_attn.o_proj: max |EYM gap| = 3.93e-07  (should be ~1e-6 or smaller)
    model.layers.0.mlp.gate_proj: max |EYM gap| = 4.56e-07  (should be ~1e-6 or smaller)
    model.layers.0.mlp.up_proj: max |EYM gap| = 2.99e-07  (should be ~1e-6 or smaller)
    model.layers.0.mlp.down_proj: max |EYM gap| = 5.98e-07  (should be ~1e-6 or smaller)
    model.layers.1.self_attn.q_proj: max |EYM gap| = 8.44e-07  (should be ~1e-6 or smaller)
    model.layers.1.self_attn.k_proj: max |EYM gap| = 9.53e-07  (should be ~1e-6 or smaller)
    model.layers.1.self_attn.v_proj: max |EYM gap| = 2.57e-06  (should be ~1e-6 or smaller)
    model.layers.1.self_attn.o_proj: max |EYM gap| = 6.99e-07  (should be ~1e-6 or smaller)
    model.layers.1.mlp.gate_proj: max |EYM gap| = 5.22e-07  (should be ~1e-6 or smaller)
    model.layers.1.mlp.up_proj: max |EYM gap| = 5.37e-07  (should be ~1e-6 or smaller)
    model.layers.1.mlp.down_proj: max |EYM gap| = 9.78e-07  (should be ~1e-6 or smaller)
    model.layers.2.self_attn.q_proj: max |EYM gap| = 5.09e-07  (should be ~1e-6 or smaller)
    model.layers.2.self_attn.k_proj: max |EYM gap| = 1.52e-06  (should be ~1e-6 or smaller)
    model.layers.2.self_attn.v_proj: max |EYM gap| = 1.86e-06  (should be ~1e-6 or smaller)
    model.layers.2.self_attn.o_proj: max |EYM gap| = 6.46e-07  (should be ~1e-6 or smaller)
    model.layers.2.mlp.gate_proj: max |EYM gap| = 1.22e-06  (should be ~1e-6 or smaller)
    model.layers.2.mlp.up_proj: max |EYM gap| = 7.29e-07  (should be ~1e-6 or smaller)
    model.layers.2.mlp.down_proj: max |EYM gap| = 9.63e-07  (should be ~1e-6 or smaller)
    model.layers.3.self_attn.q_proj: max |EYM gap| = 4.57e-07  (should be ~1e-6 or smaller)
    model.layers.3.self_attn.k_proj: max |EYM gap| = 1.99e-06  (should be ~1e-6 or smaller)
    model.layers.3.self_attn.v_proj: max |EYM gap| = 9.69e-07  (should be ~1e-6 or smaller)
    model.layers.3.self_attn.o_proj: max |EYM gap| = 7.44e-07  (should be ~1e-6 or smaller)
    model.layers.3.mlp.gate_proj: max |EYM gap| = 6.46e-07  (should be ~1e-6 or smaller)
    model.layers.3.mlp.up_proj: max |EYM gap| = 5.50e-07  (should be ~1e-6 or smaller)
    model.layers.3.mlp.down_proj: max |EYM gap| = 1.22e-06  (should be ~1e-6 or smaller)
    model.layers.4.self_attn.q_proj: max |EYM gap| = 5.67e-07  (should be ~1e-6 or smaller)
    model.layers.4.self_attn.k_proj: max |EYM gap| = 1.15e-06  (should be ~1e-6 or smaller)
    model.layers.4.self_attn.v_proj: max |EYM gap| = 1.50e-06  (should be ~1e-6 or smaller)
    model.layers.4.self_attn.o_proj: max |EYM gap| = 1.88e-06  (should be ~1e-6 or smaller)
    model.layers.4.mlp.gate_proj: max |EYM gap| = 9.00e-07  (should be ~1e-6 or smaller)
    model.layers.4.mlp.up_proj: max |EYM gap| = 5.11e-07  (should be ~1e-6 or smaller)
    model.layers.4.mlp.down_proj: max |EYM gap| = 7.13e-07  (should be ~1e-6 or smaller)
    model.layers.5.self_attn.q_proj: max |EYM gap| = 8.22e-07  (should be ~1e-6 or smaller)
    model.layers.5.self_attn.k_proj: max |EYM gap| = 1.19e-06  (should be ~1e-6 or smaller)
    model.layers.5.self_attn.v_proj: max |EYM gap| = 1.10e-06  (should be ~1e-6 or smaller)
    model.layers.5.self_attn.o_proj: max |EYM gap| = 6.30e-07  (should be ~1e-6 or smaller)
    model.layers.5.mlp.gate_proj: max |EYM gap| = 4.89e-07  (should be ~1e-6 or smaller)
    model.layers.5.mlp.up_proj: max |EYM gap| = 1.01e-06  (should be ~1e-6 or smaller)
    model.layers.5.mlp.down_proj: max |EYM gap| = 4.74e-07  (should be ~1e-6 or smaller)
    model.layers.6.self_attn.q_proj: max |EYM gap| = 7.88e-07  (should be ~1e-6 or smaller)
    model.layers.6.self_attn.k_proj: max |EYM gap| = 1.68e-06  (should be ~1e-6 or smaller)
    model.layers.6.self_attn.v_proj: max |EYM gap| = 9.69e-07  (should be ~1e-6 or smaller)
    model.layers.6.self_attn.o_proj: max |EYM gap| = 3.58e-07  (should be ~1e-6 or smaller)
    model.layers.6.mlp.gate_proj: max |EYM gap| = 2.42e-07  (should be ~1e-6 or smaller)
    model.layers.6.mlp.up_proj: max |EYM gap| = 5.07e-07  (should be ~1e-6 or smaller)
    model.layers.6.mlp.down_proj: max |EYM gap| = 2.73e-06  (should be ~1e-6 or smaller)
    model.layers.7.self_attn.q_proj: max |EYM gap| = 5.19e-07  (should be ~1e-6 or smaller)
    model.layers.7.self_attn.k_proj: max |EYM gap| = 1.85e-06  (should be ~1e-6 or smaller)
    model.layers.7.self_attn.v_proj: max |EYM gap| = 9.34e-07  (should be ~1e-6 or smaller)
    model.layers.7.self_attn.o_proj: max |EYM gap| = 1.76e-06  (should be ~1e-6 or smaller)
    model.layers.7.mlp.gate_proj: max |EYM gap| = 1.22e-06  (should be ~1e-6 or smaller)
    model.layers.7.mlp.up_proj: max |EYM gap| = 6.07e-07  (should be ~1e-6 or smaller)
    model.layers.7.mlp.down_proj: max |EYM gap| = 4.34e-07  (should be ~1e-6 or smaller)
    model.layers.8.self_attn.q_proj: max |EYM gap| = 8.99e-07  (should be ~1e-6 or smaller)
    model.layers.8.self_attn.k_proj: max |EYM gap| = 5.90e-07  (should be ~1e-6 or smaller)
    model.layers.8.self_attn.v_proj: max |EYM gap| = 3.25e-06  (should be ~1e-6 or smaller)
    model.layers.8.self_attn.o_proj: max |EYM gap| = 4.00e-07  (should be ~1e-6 or smaller)
    model.layers.8.mlp.gate_proj: max |EYM gap| = 1.20e-06  (should be ~1e-6 or smaller)
    model.layers.8.mlp.up_proj: max |EYM gap| = 9.82e-07  (should be ~1e-6 or smaller)
    model.layers.8.mlp.down_proj: max |EYM gap| = 6.99e-07  (should be ~1e-6 or smaller)
    model.layers.9.self_attn.q_proj: max |EYM gap| = 4.01e-07  (should be ~1e-6 or smaller)
    model.layers.9.self_attn.k_proj: max |EYM gap| = 1.92e-06  (should be ~1e-6 or smaller)
    model.layers.9.self_attn.v_proj: max |EYM gap| = 1.22e-06  (should be ~1e-6 or smaller)
    model.layers.9.self_attn.o_proj: max |EYM gap| = 8.97e-07  (should be ~1e-6 or smaller)
    model.layers.9.mlp.gate_proj: max |EYM gap| = 8.54e-07  (should be ~1e-6 or smaller)
    model.layers.9.mlp.up_proj: max |EYM gap| = 9.11e-07  (should be ~1e-6 or smaller)
    model.layers.9.mlp.down_proj: max |EYM gap| = 6.52e-07  (should be ~1e-6 or smaller)
    model.layers.10.self_attn.q_proj: max |EYM gap| = 4.77e-07  (should be ~1e-6 or smaller)
    model.layers.10.self_attn.k_proj: max |EYM gap| = 1.87e-06  (should be ~1e-6 or smaller)
    model.layers.10.self_attn.v_proj: max |EYM gap| = 7.68e-07  (should be ~1e-6 or smaller)
    model.layers.10.self_attn.o_proj: max |EYM gap| = 6.30e-07  (should be ~1e-6 or smaller)
    model.layers.10.mlp.gate_proj: max |EYM gap| = 6.22e-07  (should be ~1e-6 or smaller)
    model.layers.10.mlp.up_proj: max |EYM gap| = 6.75e-07  (should be ~1e-6 or smaller)
    model.layers.10.mlp.down_proj: max |EYM gap| = 4.76e-07  (should be ~1e-6 or smaller)
    model.layers.11.self_attn.q_proj: max |EYM gap| = 7.37e-07  (should be ~1e-6 or smaller)
    model.layers.11.self_attn.k_proj: max |EYM gap| = 1.22e-06  (should be ~1e-6 or smaller)
    model.layers.11.self_attn.v_proj: max |EYM gap| = 9.62e-07  (should be ~1e-6 or smaller)
    model.layers.11.self_attn.o_proj: max |EYM gap| = 5.54e-07  (should be ~1e-6 or smaller)
    model.layers.11.mlp.gate_proj: max |EYM gap| = 1.63e-06  (should be ~1e-6 or smaller)
    model.layers.11.mlp.up_proj: max |EYM gap| = 2.93e-07  (should be ~1e-6 or smaller)
    model.layers.11.mlp.down_proj: max |EYM gap| = 4.95e-07  (should be ~1e-6 or smaller)
    model.layers.12.self_attn.q_proj: max |EYM gap| = 6.93e-07  (should be ~1e-6 or smaller)
    model.layers.12.self_attn.k_proj: max |EYM gap| = 4.31e-07  (should be ~1e-6 or smaller)
    model.layers.12.self_attn.v_proj: max |EYM gap| = 8.65e-07  (should be ~1e-6 or smaller)
    model.layers.12.self_attn.o_proj: max |EYM gap| = 1.39e-06  (should be ~1e-6 or smaller)
    model.layers.12.mlp.gate_proj: max |EYM gap| = 5.22e-07  (should be ~1e-6 or smaller)
    model.layers.12.mlp.up_proj: max |EYM gap| = 1.35e-06  (should be ~1e-6 or smaller)
    model.layers.12.mlp.down_proj: max |EYM gap| = 7.23e-07  (should be ~1e-6 or smaller)
    model.layers.13.self_attn.q_proj: max |EYM gap| = 7.13e-07  (should be ~1e-6 or smaller)
    model.layers.13.self_attn.k_proj: max |EYM gap| = 2.51e-06  (should be ~1e-6 or smaller)
    model.layers.13.self_attn.v_proj: max |EYM gap| = 4.66e-07  (should be ~1e-6 or smaller)
    model.layers.13.self_attn.o_proj: max |EYM gap| = 1.20e-06  (should be ~1e-6 or smaller)
    model.layers.13.mlp.gate_proj: max |EYM gap| = 3.56e-07  (should be ~1e-6 or smaller)
    model.layers.13.mlp.up_proj: max |EYM gap| = 1.54e-06  (should be ~1e-6 or smaller)
    model.layers.13.mlp.down_proj: max |EYM gap| = 6.30e-07  (should be ~1e-6 or smaller)
    model.layers.14.self_attn.q_proj: max |EYM gap| = 5.31e-07  (should be ~1e-6 or smaller)
    model.layers.14.self_attn.k_proj: max |EYM gap| = 1.19e-06  (should be ~1e-6 or smaller)
    model.layers.14.self_attn.v_proj: max |EYM gap| = 1.26e-06  (should be ~1e-6 or smaller)
    model.layers.14.self_attn.o_proj: max |EYM gap| = 7.73e-07  (should be ~1e-6 or smaller)
    model.layers.14.mlp.gate_proj: max |EYM gap| = 1.19e-06  (should be ~1e-6 or smaller)
    model.layers.14.mlp.up_proj: max |EYM gap| = 1.33e-06  (should be ~1e-6 or smaller)
    model.layers.14.mlp.down_proj: max |EYM gap| = 5.07e-07  (should be ~1e-6 or smaller)
    model.layers.15.self_attn.q_proj: max |EYM gap| = 5.42e-07  (should be ~1e-6 or smaller)
    model.layers.15.self_attn.k_proj: max |EYM gap| = 1.06e-06  (should be ~1e-6 or smaller)
    model.layers.15.self_attn.v_proj: max |EYM gap| = 2.37e-06  (should be ~1e-6 or smaller)
    model.layers.15.self_attn.o_proj: max |EYM gap| = 4.87e-07  (should be ~1e-6 or smaller)
    model.layers.15.mlp.gate_proj: max |EYM gap| = 5.96e-07  (should be ~1e-6 or smaller)
    model.layers.15.mlp.up_proj: max |EYM gap| = 8.32e-07  (should be ~1e-6 or smaller)
    model.layers.15.mlp.down_proj: max |EYM gap| = 3.89e-07  (should be ~1e-6 or smaller)
    model.layers.16.self_attn.q_proj: max |EYM gap| = 4.85e-07  (should be ~1e-6 or smaller)
    model.layers.16.self_attn.k_proj: max |EYM gap| = 1.20e-06  (should be ~1e-6 or smaller)
    model.layers.16.self_attn.v_proj: max |EYM gap| = 4.79e-07  (should be ~1e-6 or smaller)
    model.layers.16.self_attn.o_proj: max |EYM gap| = 8.14e-07  (should be ~1e-6 or smaller)
    model.layers.16.mlp.gate_proj: max |EYM gap| = 5.75e-07  (should be ~1e-6 or smaller)
    model.layers.16.mlp.up_proj: max |EYM gap| = 4.00e-07  (should be ~1e-6 or smaller)
    model.layers.16.mlp.down_proj: max |EYM gap| = 5.20e-07  (should be ~1e-6 or smaller)
    model.layers.17.self_attn.q_proj: max |EYM gap| = 1.55e-06  (should be ~1e-6 or smaller)
    model.layers.17.self_attn.k_proj: max |EYM gap| = 1.09e-06  (should be ~1e-6 or smaller)
    model.layers.17.self_attn.v_proj: max |EYM gap| = 5.20e-07  (should be ~1e-6 or smaller)
    model.layers.17.self_attn.o_proj: max |EYM gap| = 1.99e-06  (should be ~1e-6 or smaller)
    model.layers.17.mlp.gate_proj: max |EYM gap| = 8.85e-07  (should be ~1e-6 or smaller)
    model.layers.17.mlp.up_proj: max |EYM gap| = 6.91e-07  (should be ~1e-6 or smaller)
    model.layers.17.mlp.down_proj: max |EYM gap| = 4.03e-07  (should be ~1e-6 or smaller)
    model.layers.18.self_attn.q_proj: max |EYM gap| = 5.17e-07  (should be ~1e-6 or smaller)
    model.layers.18.self_attn.k_proj: max |EYM gap| = 1.61e-06  (should be ~1e-6 or smaller)
    model.layers.18.self_attn.v_proj: max |EYM gap| = 9.15e-07  (should be ~1e-6 or smaller)
    model.layers.18.self_attn.o_proj: max |EYM gap| = 3.81e-07  (should be ~1e-6 or smaller)
    model.layers.18.mlp.gate_proj: max |EYM gap| = 7.94e-07  (should be ~1e-6 or smaller)
    model.layers.18.mlp.up_proj: max |EYM gap| = 6.31e-07  (should be ~1e-6 or smaller)
    model.layers.18.mlp.down_proj: max |EYM gap| = 6.69e-07  (should be ~1e-6 or smaller)
    model.layers.19.self_attn.q_proj: max |EYM gap| = 7.98e-07  (should be ~1e-6 or smaller)
    model.layers.19.self_attn.k_proj: max |EYM gap| = 8.95e-07  (should be ~1e-6 or smaller)
    model.layers.19.self_attn.v_proj: max |EYM gap| = 8.38e-07  (should be ~1e-6 or smaller)
    model.layers.19.self_attn.o_proj: max |EYM gap| = 1.04e-06  (should be ~1e-6 or smaller)
    model.layers.19.mlp.gate_proj: max |EYM gap| = 4.73e-07  (should be ~1e-6 or smaller)
    model.layers.19.mlp.up_proj: max |EYM gap| = 8.54e-07  (should be ~1e-6 or smaller)
    model.layers.19.mlp.down_proj: max |EYM gap| = 5.37e-07  (should be ~1e-6 or smaller)
    model.layers.20.self_attn.q_proj: max |EYM gap| = 8.79e-07  (should be ~1e-6 or smaller)
    model.layers.20.self_attn.k_proj: max |EYM gap| = 3.48e-06  (should be ~1e-6 or smaller)
    model.layers.20.self_attn.v_proj: max |EYM gap| = 7.33e-07  (should be ~1e-6 or smaller)
    model.layers.20.self_attn.o_proj: max |EYM gap| = 3.95e-07  (should be ~1e-6 or smaller)
    model.layers.20.mlp.gate_proj: max |EYM gap| = 1.48e-06  (should be ~1e-6 or smaller)
    model.layers.20.mlp.up_proj: max |EYM gap| = 2.60e-07  (should be ~1e-6 or smaller)
    model.layers.20.mlp.down_proj: max |EYM gap| = 4.94e-07  (should be ~1e-6 or smaller)
    model.layers.21.self_attn.q_proj: max |EYM gap| = 1.21e-06  (should be ~1e-6 or smaller)
    model.layers.21.self_attn.k_proj: max |EYM gap| = 1.33e-06  (should be ~1e-6 or smaller)
    model.layers.21.self_attn.v_proj: max |EYM gap| = 1.66e-06  (should be ~1e-6 or smaller)
    model.layers.21.self_attn.o_proj: max |EYM gap| = 6.47e-07  (should be ~1e-6 or smaller)
    model.layers.21.mlp.gate_proj: max |EYM gap| = 9.76e-07  (should be ~1e-6 or smaller)
    model.layers.21.mlp.up_proj: max |EYM gap| = 6.14e-07  (should be ~1e-6 or smaller)
    model.layers.21.mlp.down_proj: max |EYM gap| = 4.36e-07  (should be ~1e-6 or smaller)
    model.layers.22.self_attn.q_proj: max |EYM gap| = 7.94e-07  (should be ~1e-6 or smaller)
    model.layers.22.self_attn.k_proj: max |EYM gap| = 1.96e-06  (should be ~1e-6 or smaller)
    model.layers.22.self_attn.v_proj: max |EYM gap| = 1.32e-06  (should be ~1e-6 or smaller)
    model.layers.22.self_attn.o_proj: max |EYM gap| = 1.13e-06  (should be ~1e-6 or smaller)
    model.layers.22.mlp.gate_proj: max |EYM gap| = 7.68e-07  (should be ~1e-6 or smaller)
    model.layers.22.mlp.up_proj: max |EYM gap| = 4.54e-07  (should be ~1e-6 or smaller)
    model.layers.22.mlp.down_proj: max |EYM gap| = 6.43e-07  (should be ~1e-6 or smaller)
    model.layers.23.self_attn.q_proj: max |EYM gap| = 1.50e-06  (should be ~1e-6 or smaller)
    model.layers.23.self_attn.k_proj: max |EYM gap| = 1.83e-06  (should be ~1e-6 or smaller)
    model.layers.23.self_attn.v_proj: max |EYM gap| = 9.82e-07  (should be ~1e-6 or smaller)
    model.layers.23.self_attn.o_proj: max |EYM gap| = 4.77e-07  (should be ~1e-6 or smaller)
    model.layers.23.mlp.gate_proj: max |EYM gap| = 7.01e-07  (should be ~1e-6 or smaller)
    model.layers.23.mlp.up_proj: max |EYM gap| = 1.16e-06  (should be ~1e-6 or smaller)
    model.layers.23.mlp.down_proj: max |EYM gap| = 5.53e-07  (should be ~1e-6 or smaller)
    model.layers.24.self_attn.q_proj: max |EYM gap| = 1.25e-06  (should be ~1e-6 or smaller)
    model.layers.24.self_attn.k_proj: max |EYM gap| = 6.47e-07  (should be ~1e-6 or smaller)
    model.layers.24.self_attn.v_proj: max |EYM gap| = 1.17e-06  (should be ~1e-6 or smaller)
    model.layers.24.self_attn.o_proj: max |EYM gap| = 6.46e-07  (should be ~1e-6 or smaller)
    model.layers.24.mlp.gate_proj: max |EYM gap| = 5.28e-07  (should be ~1e-6 or smaller)
    model.layers.24.mlp.up_proj: max |EYM gap| = 4.22e-07  (should be ~1e-6 or smaller)
    model.layers.24.mlp.down_proj: max |EYM gap| = 2.90e-07  (should be ~1e-6 or smaller)
    model.layers.25.self_attn.q_proj: max |EYM gap| = 8.69e-07  (should be ~1e-6 or smaller)
    model.layers.25.self_attn.k_proj: max |EYM gap| = 2.68e-06  (should be ~1e-6 or smaller)
    model.layers.25.self_attn.v_proj: max |EYM gap| = 1.18e-06  (should be ~1e-6 or smaller)
    model.layers.25.self_attn.o_proj: max |EYM gap| = 6.57e-07  (should be ~1e-6 or smaller)
    model.layers.25.mlp.gate_proj: max |EYM gap| = 2.93e-07  (should be ~1e-6 or smaller)
    model.layers.25.mlp.up_proj: max |EYM gap| = 3.18e-07  (should be ~1e-6 or smaller)
    model.layers.25.mlp.down_proj: max |EYM gap| = 5.84e-07  (should be ~1e-6 or smaller)
    model.layers.26.self_attn.q_proj: max |EYM gap| = 1.07e-06  (should be ~1e-6 or smaller)
    model.layers.26.self_attn.k_proj: max |EYM gap| = 2.88e-06  (should be ~1e-6 or smaller)
    model.layers.26.self_attn.v_proj: max |EYM gap| = 1.17e-06  (should be ~1e-6 or smaller)
    model.layers.26.self_attn.o_proj: max |EYM gap| = 1.74e-06  (should be ~1e-6 or smaller)
    model.layers.26.mlp.gate_proj: max |EYM gap| = 8.10e-07  (should be ~1e-6 or smaller)
    model.layers.26.mlp.up_proj: max |EYM gap| = 5.71e-07  (should be ~1e-6 or smaller)
    model.layers.26.mlp.down_proj: max |EYM gap| = 7.42e-07  (should be ~1e-6 or smaller)
    model.layers.27.self_attn.q_proj: max |EYM gap| = 5.90e-07  (should be ~1e-6 or smaller)
    model.layers.27.self_attn.k_proj: max |EYM gap| = 2.13e-06  (should be ~1e-6 or smaller)
    model.layers.27.self_attn.v_proj: max |EYM gap| = 1.05e-06  (should be ~1e-6 or smaller)
    model.layers.27.self_attn.o_proj: max |EYM gap| = 1.20e-06  (should be ~1e-6 or smaller)
    model.layers.27.mlp.gate_proj: max |EYM gap| = 7.57e-07  (should be ~1e-6 or smaller)
    model.layers.27.mlp.up_proj: max |EYM gap| = 1.39e-06  (should be ~1e-6 or smaller)
    model.layers.27.mlp.down_proj: max |EYM gap| = 2.01e-07  (should be ~1e-6 or smaller)
    model.layers.28.self_attn.q_proj: max |EYM gap| = 6.27e-07  (should be ~1e-6 or smaller)
    model.layers.28.self_attn.k_proj: max |EYM gap| = 3.54e-07  (should be ~1e-6 or smaller)
    model.layers.28.self_attn.v_proj: max |EYM gap| = 3.21e-06  (should be ~1e-6 or smaller)
    model.layers.28.self_attn.o_proj: max |EYM gap| = 1.11e-06  (should be ~1e-6 or smaller)
    model.layers.28.mlp.gate_proj: max |EYM gap| = 4.92e-07  (should be ~1e-6 or smaller)
    model.layers.28.mlp.up_proj: max |EYM gap| = 2.49e-07  (should be ~1e-6 or smaller)
    model.layers.28.mlp.down_proj: max |EYM gap| = 5.08e-07  (should be ~1e-6 or smaller)
    model.layers.29.self_attn.q_proj: max |EYM gap| = 1.78e-06  (should be ~1e-6 or smaller)
    model.layers.29.self_attn.k_proj: max |EYM gap| = 1.03e-06  (should be ~1e-6 or smaller)
    model.layers.29.self_attn.v_proj: max |EYM gap| = 7.32e-07  (should be ~1e-6 or smaller)
    model.layers.29.self_attn.o_proj: max |EYM gap| = 1.19e-06  (should be ~1e-6 or smaller)
    model.layers.29.mlp.gate_proj: max |EYM gap| = 6.37e-07  (should be ~1e-6 or smaller)
    model.layers.29.mlp.up_proj: max |EYM gap| = 5.32e-07  (should be ~1e-6 or smaller)
    model.layers.29.mlp.down_proj: max |EYM gap| = 4.52e-07  (should be ~1e-6 or smaller)
    model.layers.30.self_attn.q_proj: max |EYM gap| = 6.44e-07  (should be ~1e-6 or smaller)
    model.layers.30.self_attn.k_proj: max |EYM gap| = 1.08e-06  (should be ~1e-6 or smaller)
    model.layers.30.self_attn.v_proj: max |EYM gap| = 7.18e-07  (should be ~1e-6 or smaller)
    model.layers.30.self_attn.o_proj: max |EYM gap| = 1.44e-06  (should be ~1e-6 or smaller)
    model.layers.30.mlp.gate_proj: max |EYM gap| = 4.11e-07  (should be ~1e-6 or smaller)
    model.layers.30.mlp.up_proj: max |EYM gap| = 3.40e-07  (should be ~1e-6 or smaller)
    model.layers.30.mlp.down_proj: max |EYM gap| = 2.92e-07  (should be ~1e-6 or smaller)
    model.layers.31.self_attn.q_proj: max |EYM gap| = 1.88e-06  (should be ~1e-6 or smaller)
    model.layers.31.self_attn.k_proj: max |EYM gap| = 1.74e-06  (should be ~1e-6 or smaller)
    model.layers.31.self_attn.v_proj: max |EYM gap| = 1.19e-06  (should be ~1e-6 or smaller)
    model.layers.31.self_attn.o_proj: max |EYM gap| = 1.59e-06  (should be ~1e-6 or smaller)
    model.layers.31.mlp.gate_proj: max |EYM gap| = 7.55e-07  (should be ~1e-6 or smaller)
    model.layers.31.mlp.up_proj: max |EYM gap| = 7.38e-07  (should be ~1e-6 or smaller)
    model.layers.31.mlp.down_proj: max |EYM gap| = 1.55e-06  (should be ~1e-6 or smaller)
    model.layers.32.self_attn.q_proj: max |EYM gap| = 9.93e-07  (should be ~1e-6 or smaller)
    model.layers.32.self_attn.k_proj: max |EYM gap| = 9.50e-07  (should be ~1e-6 or smaller)
    model.layers.32.self_attn.v_proj: max |EYM gap| = 2.23e-06  (should be ~1e-6 or smaller)
    model.layers.32.self_attn.o_proj: max |EYM gap| = 1.35e-06  (should be ~1e-6 or smaller)
    model.layers.32.mlp.gate_proj: max |EYM gap| = 5.76e-07  (should be ~1e-6 or smaller)
    model.layers.32.mlp.up_proj: max |EYM gap| = 7.74e-07  (should be ~1e-6 or smaller)
    model.layers.32.mlp.down_proj: max |EYM gap| = 1.30e-06  (should be ~1e-6 or smaller)
    model.layers.33.self_attn.q_proj: max |EYM gap| = 7.90e-07  (should be ~1e-6 or smaller)
    model.layers.33.self_attn.k_proj: max |EYM gap| = 1.58e-06  (should be ~1e-6 or smaller)
    model.layers.33.self_attn.v_proj: max |EYM gap| = 1.59e-06  (should be ~1e-6 or smaller)
    model.layers.33.self_attn.o_proj: max |EYM gap| = 5.79e-07  (should be ~1e-6 or smaller)
    model.layers.33.mlp.gate_proj: max |EYM gap| = 8.44e-07  (should be ~1e-6 or smaller)
    model.layers.33.mlp.up_proj: max |EYM gap| = 5.87e-07  (should be ~1e-6 or smaller)
    model.layers.33.mlp.down_proj: max |EYM gap| = 3.35e-07  (should be ~1e-6 or smaller)
    model.layers.34.self_attn.q_proj: max |EYM gap| = 1.39e-06  (should be ~1e-6 or smaller)
    model.layers.34.self_attn.k_proj: max |EYM gap| = 4.75e-07  (should be ~1e-6 or smaller)
    model.layers.34.self_attn.v_proj: max |EYM gap| = 1.63e-06  (should be ~1e-6 or smaller)
    model.layers.34.self_attn.o_proj: max |EYM gap| = 6.87e-07  (should be ~1e-6 or smaller)
    model.layers.34.mlp.gate_proj: max |EYM gap| = 5.11e-07  (should be ~1e-6 or smaller)
    model.layers.34.mlp.up_proj: max |EYM gap| = 5.66e-07  (should be ~1e-6 or smaller)
    model.layers.34.mlp.down_proj: max |EYM gap| = 9.22e-07  (should be ~1e-6 or smaller)
    model.layers.35.self_attn.q_proj: max |EYM gap| = 8.54e-07  (should be ~1e-6 or smaller)
    model.layers.35.self_attn.k_proj: max |EYM gap| = 1.04e-06  (should be ~1e-6 or smaller)
    model.layers.35.self_attn.v_proj: max |EYM gap| = 2.03e-06  (should be ~1e-6 or smaller)
    model.layers.35.self_attn.o_proj: max |EYM gap| = 5.19e-07  (should be ~1e-6 or smaller)
    model.layers.35.mlp.gate_proj: max |EYM gap| = 6.47e-07  (should be ~1e-6 or smaller)
    model.layers.35.mlp.up_proj: max |EYM gap| = 1.22e-06  (should be ~1e-6 or smaller)
    model.layers.35.mlp.down_proj: max |EYM gap| = 4.20e-07  (should be ~1e-6 or smaller)
[analyze] adamw-r64-Lall-q-k-v-o-gate-up-down-lr0.0002-s1
    full       k= 64  A/B(bal) unseen 0.481 seen 0.778 val 0.067
    svd        k=  1  A/B(bal) unseen 0.385 seen 0.644 val 0.458
    data_aware k=  1  A/B(bal) unseen 0.404 seen 0.689 val 0.405
    naive      k=  1  A/B(bal) unseen 0.404 seen 0.622 val 4.796
    ablate     k=  1  A/B(bal) unseen 0.423 seen 0.578 val 1.335
    svd        k=  2  A/B(bal) unseen 0.442 seen 0.756 val 0.180
    data_aware k=  2  A/B(bal) unseen 0.423 seen 0.778 val 0.172
    naive      k=  2  A/B(bal) unseen 0.404 seen 0.533 val 3.695
    ablate     k=  2  A/B(bal) unseen 0.423 seen 0.600 val 1.777
    svd        k=  4  A/B(bal) unseen 0.462 seen 0.756 val 0.107
    data_aware k=  4  A/B(bal) unseen 0.442 seen 0.756 val 0.104
    naive      k=  4  A/B(bal) unseen 0.442 seen 0.600 val 2.751
    ablate     k=  4  A/B(bal) unseen 0.423 seen 0.600 val 2.279
    svd        k=  8  A/B(bal) unseen 0.462 seen 0.778 val 0.084
    data_aware k=  8  A/B(bal) unseen 0.462 seen 0.800 val 0.082
    naive      k=  8  A/B(bal) unseen 0.423 seen 0.511 val 2.184
    ablate     k=  8  A/B(bal) unseen 0.404 seen 0.600 val 2.853
    svd        k= 16  A/B(bal) unseen 0.500 seen 0.800 val 0.074
    data_aware k= 16  A/B(bal) unseen 0.481 seen 0.756 val 0.074
    naive      k= 16  A/B(bal) unseen 0.423 seen 0.511 val 1.590
    ablate     k= 16  A/B(bal) unseen 0.423 seen 0.533 val 3.824
    svd        k= 32  A/B(bal) unseen 0.481 seen 0.778 val 0.069
    data_aware k= 32  A/B(bal) unseen 0.462 seen 0.733 val 0.069
    naive      k= 32  A/B(bal) unseen 0.423 seen 0.622 val 0.597
    ablate     k= 32  A/B(bal) unseen 0.404 seen 0.622 val 5.381
    model.layers.0.self_attn.q_proj: max |EYM gap| = 1.71e-06  (should be ~1e-6 or smaller)
    model.layers.0.self_attn.k_proj: max |EYM gap| = 1.09e-06  (should be ~1e-6 or smaller)
    model.layers.0.self_attn.v_proj: max |EYM gap| = 1.42e-06  (should be ~1e-6 or smaller)
    model.layers.0.self_attn.o_proj: max |EYM gap| = 1.46e-06  (should be ~1e-6 or smaller)
    model.layers.0.mlp.gate_proj: max |EYM gap| = 5.07e-07  (should be ~1e-6 or smaller)
    model.layers.0.mlp.up_proj: max |EYM gap| = 7.71e-07  (should be ~1e-6 or smaller)
    model.layers.0.mlp.down_proj: max |EYM gap| = 5.48e-07  (should be ~1e-6 or smaller)
    model.layers.1.self_attn.q_proj: max |EYM gap| = 7.03e-07  (should be ~1e-6 or smaller)
    model.layers.1.self_attn.k_proj: max |EYM gap| = 1.05e-06  (should be ~1e-6 or smaller)
    model.layers.1.self_attn.v_proj: max |EYM gap| = 9.01e-07  (should be ~1e-6 or smaller)
    model.layers.1.self_attn.o_proj: max |EYM gap| = 8.40e-07  (should be ~1e-6 or smaller)
    model.layers.1.mlp.gate_proj: max |EYM gap| = 1.01e-06  (should be ~1e-6 or smaller)
    model.layers.1.mlp.up_proj: max |EYM gap| = 9.58e-07  (should be ~1e-6 or smaller)
    model.layers.1.mlp.down_proj: max |EYM gap| = 4.72e-07  (should be ~1e-6 or smaller)
    model.layers.2.self_attn.q_proj: max |EYM gap| = 4.40e-07  (should be ~1e-6 or smaller)
    model.layers.2.self_attn.k_proj: max |EYM gap| = 1.20e-06  (should be ~1e-6 or smaller)
    model.layers.2.self_attn.v_proj: max |EYM gap| = 2.26e-06  (should be ~1e-6 or smaller)
    model.layers.2.self_attn.o_proj: max |EYM gap| = 1.00e-06  (should be ~1e-6 or smaller)
    model.layers.2.mlp.gate_proj: max |EYM gap| = 9.11e-07  (should be ~1e-6 or smaller)
    model.layers.2.mlp.up_proj: max |EYM gap| = 9.17e-07  (should be ~1e-6 or smaller)
    model.layers.2.mlp.down_proj: max |EYM gap| = 7.41e-07  (should be ~1e-6 or smaller)
    model.layers.3.self_attn.q_proj: max |EYM gap| = 3.71e-06  (should be ~1e-6 or smaller)
    model.layers.3.self_attn.k_proj: max |EYM gap| = 2.24e-06  (should be ~1e-6 or smaller)
    model.layers.3.self_attn.v_proj: max |EYM gap| = 9.34e-07  (should be ~1e-6 or smaller)
    model.layers.3.self_attn.o_proj: max |EYM gap| = 6.72e-07  (should be ~1e-6 or smaller)
    model.layers.3.mlp.gate_proj: max |EYM gap| = 4.96e-07  (should be ~1e-6 or smaller)
    model.layers.3.mlp.up_proj: max |EYM gap| = 1.02e-06  (should be ~1e-6 or smaller)
    model.layers.3.mlp.down_proj: max |EYM gap| = 2.53e-07  (should be ~1e-6 or smaller)
    model.layers.4.self_attn.q_proj: max |EYM gap| = 1.24e-06  (should be ~1e-6 or smaller)
    model.layers.4.self_attn.k_proj: max |EYM gap| = 3.82e-06  (should be ~1e-6 or smaller)
    model.layers.4.self_attn.v_proj: max |EYM gap| = 2.57e-06  (should be ~1e-6 or smaller)
    model.layers.4.self_attn.o_proj: max |EYM gap| = 1.29e-06  (should be ~1e-6 or smaller)
    model.layers.4.mlp.gate_proj: max |EYM gap| = 1.08e-06  (should be ~1e-6 or smaller)
    model.layers.4.mlp.up_proj: max |EYM gap| = 5.04e-07  (should be ~1e-6 or smaller)
    model.layers.4.mlp.down_proj: max |EYM gap| = 5.06e-07  (should be ~1e-6 or smaller)
    model.layers.5.self_attn.q_proj: max |EYM gap| = 5.30e-07  (should be ~1e-6 or smaller)
    model.layers.5.self_attn.k_proj: max |EYM gap| = 1.80e-06  (should be ~1e-6 or smaller)
    model.layers.5.self_attn.v_proj: max |EYM gap| = 1.04e-06  (should be ~1e-6 or smaller)
    model.layers.5.self_attn.o_proj: max |EYM gap| = 6.52e-07  (should be ~1e-6 or smaller)
    model.layers.5.mlp.gate_proj: max |EYM gap| = 4.26e-07  (should be ~1e-6 or smaller)
    model.layers.5.mlp.up_proj: max |EYM gap| = 1.83e-07  (should be ~1e-6 or smaller)
    model.layers.5.mlp.down_proj: max |EYM gap| = 1.90e-06  (should be ~1e-6 or smaller)
    model.layers.6.self_attn.q_proj: max |EYM gap| = 1.32e-06  (should be ~1e-6 or smaller)
    model.layers.6.self_attn.k_proj: max |EYM gap| = 8.61e-07  (should be ~1e-6 or smaller)
    model.layers.6.self_attn.v_proj: max |EYM gap| = 4.66e-07  (should be ~1e-6 or smaller)
    model.layers.6.self_attn.o_proj: max |EYM gap| = 4.40e-07  (should be ~1e-6 or smaller)
    model.layers.6.mlp.gate_proj: max |EYM gap| = 1.02e-06  (should be ~1e-6 or smaller)
    model.layers.6.mlp.up_proj: max |EYM gap| = 5.92e-07  (should be ~1e-6 or smaller)
    model.layers.6.mlp.down_proj: max |EYM gap| = 2.79e-06  (should be ~1e-6 or smaller)
    model.layers.7.self_attn.q_proj: max |EYM gap| = 6.48e-07  (should be ~1e-6 or smaller)
    model.layers.7.self_attn.k_proj: max |EYM gap| = 8.75e-07  (should be ~1e-6 or smaller)
    model.layers.7.self_attn.v_proj: max |EYM gap| = 1.13e-06  (should be ~1e-6 or smaller)
    model.layers.7.self_attn.o_proj: max |EYM gap| = 1.95e-06  (should be ~1e-6 or smaller)
    model.layers.7.mlp.gate_proj: max |EYM gap| = 3.83e-07  (should be ~1e-6 or smaller)
    model.layers.7.mlp.up_proj: max |EYM gap| = 5.76e-07  (should be ~1e-6 or smaller)
    model.layers.7.mlp.down_proj: max |EYM gap| = 5.49e-07  (should be ~1e-6 or smaller)
    model.layers.8.self_attn.q_proj: max |EYM gap| = 7.00e-07  (should be ~1e-6 or smaller)
    model.layers.8.self_attn.k_proj: max |EYM gap| = 1.20e-06  (should be ~1e-6 or smaller)
    model.layers.8.self_attn.v_proj: max |EYM gap| = 7.12e-07  (should be ~1e-6 or smaller)
    model.layers.8.self_attn.o_proj: max |EYM gap| = 5.82e-07  (should be ~1e-6 or smaller)
    model.layers.8.mlp.gate_proj: max |EYM gap| = 3.33e-07  (should be ~1e-6 or smaller)
    model.layers.8.mlp.up_proj: max |EYM gap| = 5.49e-07  (should be ~1e-6 or smaller)
    model.layers.8.mlp.down_proj: max |EYM gap| = 3.24e-07  (should be ~1e-6 or smaller)
    model.layers.9.self_attn.q_proj: max |EYM gap| = 5.80e-07  (should be ~1e-6 or smaller)
    model.layers.9.self_attn.k_proj: max |EYM gap| = 5.45e-07  (should be ~1e-6 or smaller)
    model.layers.9.self_attn.v_proj: max |EYM gap| = 1.83e-06  (should be ~1e-6 or smaller)
    model.layers.9.self_attn.o_proj: max |EYM gap| = 4.33e-07  (should be ~1e-6 or smaller)
    model.layers.9.mlp.gate_proj: max |EYM gap| = 5.06e-07  (should be ~1e-6 or smaller)
    model.layers.9.mlp.up_proj: max |EYM gap| = 8.20e-07  (should be ~1e-6 or smaller)
    model.layers.9.mlp.down_proj: max |EYM gap| = 5.88e-07  (should be ~1e-6 or smaller)
    model.layers.10.self_attn.q_proj: max |EYM gap| = 4.75e-07  (should be ~1e-6 or smaller)
    model.layers.10.self_attn.k_proj: max |EYM gap| = 1.43e-06  (should be ~1e-6 or smaller)
    model.layers.10.self_attn.v_proj: max |EYM gap| = 2.48e-06  (should be ~1e-6 or smaller)
    model.layers.10.self_attn.o_proj: max |EYM gap| = 5.53e-07  (should be ~1e-6 or smaller)
    model.layers.10.mlp.gate_proj: max |EYM gap| = 8.20e-07  (should be ~1e-6 or smaller)
    model.layers.10.mlp.up_proj: max |EYM gap| = 7.05e-07  (should be ~1e-6 or smaller)
    model.layers.10.mlp.down_proj: max |EYM gap| = 7.72e-07  (should be ~1e-6 or smaller)
    model.layers.11.self_attn.q_proj: max |EYM gap| = 1.37e-06  (should be ~1e-6 or smaller)
    model.layers.11.self_attn.k_proj: max |EYM gap| = 9.47e-07  (should be ~1e-6 or smaller)
    model.layers.11.self_attn.v_proj: max |EYM gap| = 1.59e-06  (should be ~1e-6 or smaller)
    model.layers.11.self_attn.o_proj: max |EYM gap| = 5.20e-07  (should be ~1e-6 or smaller)
    model.layers.11.mlp.gate_proj: max |EYM gap| = 4.95e-07  (should be ~1e-6 or smaller)
    model.layers.11.mlp.up_proj: max |EYM gap| = 5.47e-07  (should be ~1e-6 or smaller)
    model.layers.11.mlp.down_proj: max |EYM gap| = 4.97e-07  (should be ~1e-6 or smaller)
    model.layers.12.self_attn.q_proj: max |EYM gap| = 6.03e-07  (should be ~1e-6 or smaller)
    model.layers.12.self_attn.k_proj: max |EYM gap| = 1.13e-06  (should be ~1e-6 or smaller)
    model.layers.12.self_attn.v_proj: max |EYM gap| = 1.26e-06  (should be ~1e-6 or smaller)
    model.layers.12.self_attn.o_proj: max |EYM gap| = 2.53e-06  (should be ~1e-6 or smaller)
    model.layers.12.mlp.gate_proj: max |EYM gap| = 6.77e-07  (should be ~1e-6 or smaller)
    model.layers.12.mlp.up_proj: max |EYM gap| = 1.00e-06  (should be ~1e-6 or smaller)
    model.layers.12.mlp.down_proj: max |EYM gap| = 4.22e-07  (should be ~1e-6 or smaller)
    model.layers.13.self_attn.q_proj: max |EYM gap| = 4.90e-07  (should be ~1e-6 or smaller)
    model.layers.13.self_attn.k_proj: max |EYM gap| = 2.26e-06  (should be ~1e-6 or smaller)
    model.layers.13.self_attn.v_proj: max |EYM gap| = 2.66e-06  (should be ~1e-6 or smaller)
    model.layers.13.self_attn.o_proj: max |EYM gap| = 5.27e-07  (should be ~1e-6 or smaller)
    model.layers.13.mlp.gate_proj: max |EYM gap| = 9.17e-07  (should be ~1e-6 or smaller)
    model.layers.13.mlp.up_proj: max |EYM gap| = 4.92e-07  (should be ~1e-6 or smaller)
    model.layers.13.mlp.down_proj: max |EYM gap| = 6.46e-07  (should be ~1e-6 or smaller)
    model.layers.14.self_attn.q_proj: max |EYM gap| = 9.79e-07  (should be ~1e-6 or smaller)
    model.layers.14.self_attn.k_proj: max |EYM gap| = 2.60e-06  (should be ~1e-6 or smaller)
    model.layers.14.self_attn.v_proj: max |EYM gap| = 1.69e-06  (should be ~1e-6 or smaller)
    model.layers.14.self_attn.o_proj: max |EYM gap| = 6.68e-07  (should be ~1e-6 or smaller)
    model.layers.14.mlp.gate_proj: max |EYM gap| = 7.36e-07  (should be ~1e-6 or smaller)
    model.layers.14.mlp.up_proj: max |EYM gap| = 9.30e-07  (should be ~1e-6 or smaller)
    model.layers.14.mlp.down_proj: max |EYM gap| = 8.77e-07  (should be ~1e-6 or smaller)
    model.layers.15.self_attn.q_proj: max |EYM gap| = 1.30e-07  (should be ~1e-6 or smaller)
    model.layers.15.self_attn.k_proj: max |EYM gap| = 1.32e-06  (should be ~1e-6 or smaller)
    model.layers.15.self_attn.v_proj: max |EYM gap| = 1.21e-06  (should be ~1e-6 or smaller)
    model.layers.15.self_attn.o_proj: max |EYM gap| = 5.69e-07  (should be ~1e-6 or smaller)
    model.layers.15.mlp.gate_proj: max |EYM gap| = 6.33e-07  (should be ~1e-6 or smaller)
    model.layers.15.mlp.up_proj: max |EYM gap| = 6.61e-07  (should be ~1e-6 or smaller)
    model.layers.15.mlp.down_proj: max |EYM gap| = 6.77e-07  (should be ~1e-6 or smaller)
    model.layers.16.self_attn.q_proj: max |EYM gap| = 1.59e-06  (should be ~1e-6 or smaller)
    model.layers.16.self_attn.k_proj: max |EYM gap| = 8.38e-07  (should be ~1e-6 or smaller)
    model.layers.16.self_attn.v_proj: max |EYM gap| = 2.34e-06  (should be ~1e-6 or smaller)
    model.layers.16.self_attn.o_proj: max |EYM gap| = 3.48e-07  (should be ~1e-6 or smaller)
    model.layers.16.mlp.gate_proj: max |EYM gap| = 5.86e-07  (should be ~1e-6 or smaller)
    model.layers.16.mlp.up_proj: max |EYM gap| = 1.23e-06  (should be ~1e-6 or smaller)
    model.layers.16.mlp.down_proj: max |EYM gap| = 5.49e-07  (should be ~1e-6 or smaller)
    model.layers.17.self_attn.q_proj: max |EYM gap| = 3.38e-07  (should be ~1e-6 or smaller)
    model.layers.17.self_attn.k_proj: max |EYM gap| = 8.43e-07  (should be ~1e-6 or smaller)
    model.layers.17.self_attn.v_proj: max |EYM gap| = 1.23e-06  (should be ~1e-6 or smaller)
    model.layers.17.self_attn.o_proj: max |EYM gap| = 2.46e-07  (should be ~1e-6 or smaller)
    model.layers.17.mlp.gate_proj: max |EYM gap| = 3.35e-07  (should be ~1e-6 or smaller)
    model.layers.17.mlp.up_proj: max |EYM gap| = 2.25e-07  (should be ~1e-6 or smaller)
    model.layers.17.mlp.down_proj: max |EYM gap| = 3.72e-07  (should be ~1e-6 or smaller)
    model.layers.18.self_attn.q_proj: max |EYM gap| = 5.49e-07  (should be ~1e-6 or smaller)
    model.layers.18.self_attn.k_proj: max |EYM gap| = 2.50e-06  (should be ~1e-6 or smaller)
    model.layers.18.self_attn.v_proj: max |EYM gap| = 1.22e-06  (should be ~1e-6 or smaller)
    model.layers.18.self_attn.o_proj: max |EYM gap| = 8.58e-07  (should be ~1e-6 or smaller)
    model.layers.18.mlp.gate_proj: max |EYM gap| = 5.20e-07  (should be ~1e-6 or smaller)
    model.layers.18.mlp.up_proj: max |EYM gap| = 1.04e-06  (should be ~1e-6 or smaller)
    model.layers.18.mlp.down_proj: max |EYM gap| = 7.82e-07  (should be ~1e-6 or smaller)
    model.layers.19.self_attn.q_proj: max |EYM gap| = 5.47e-07  (should be ~1e-6 or smaller)
    model.layers.19.self_attn.k_proj: max |EYM gap| = 9.92e-07  (should be ~1e-6 or smaller)
    model.layers.19.self_attn.v_proj: max |EYM gap| = 1.01e-06  (should be ~1e-6 or smaller)
    model.layers.19.self_attn.o_proj: max |EYM gap| = 2.09e-07  (should be ~1e-6 or smaller)
    model.layers.19.mlp.gate_proj: max |EYM gap| = 7.52e-07  (should be ~1e-6 or smaller)
    model.layers.19.mlp.up_proj: max |EYM gap| = 5.78e-07  (should be ~1e-6 or smaller)
    model.layers.19.mlp.down_proj: max |EYM gap| = 7.05e-07  (should be ~1e-6 or smaller)
    model.layers.20.self_attn.q_proj: max |EYM gap| = 8.30e-07  (should be ~1e-6 or smaller)
    model.layers.20.self_attn.k_proj: max |EYM gap| = 1.16e-06  (should be ~1e-6 or smaller)
    model.layers.20.self_attn.v_proj: max |EYM gap| = 9.72e-07  (should be ~1e-6 or smaller)
    model.layers.20.self_attn.o_proj: max |EYM gap| = 5.05e-07  (should be ~1e-6 or smaller)
    model.layers.20.mlp.gate_proj: max |EYM gap| = 6.29e-07  (should be ~1e-6 or smaller)
    model.layers.20.mlp.up_proj: max |EYM gap| = 1.23e-06  (should be ~1e-6 or smaller)
    model.layers.20.mlp.down_proj: max |EYM gap| = 4.18e-07  (should be ~1e-6 or smaller)
    model.layers.21.self_attn.q_proj: max |EYM gap| = 9.23e-07  (should be ~1e-6 or smaller)
    model.layers.21.self_attn.k_proj: max |EYM gap| = 1.36e-06  (should be ~1e-6 or smaller)
    model.layers.21.self_attn.v_proj: max |EYM gap| = 1.73e-06  (should be ~1e-6 or smaller)
    model.layers.21.self_attn.o_proj: max |EYM gap| = 1.59e-06  (should be ~1e-6 or smaller)
    model.layers.21.mlp.gate_proj: max |EYM gap| = 1.01e-06  (should be ~1e-6 or smaller)
    model.layers.21.mlp.up_proj: max |EYM gap| = 6.52e-07  (should be ~1e-6 or smaller)
    model.layers.21.mlp.down_proj: max |EYM gap| = 3.24e-07  (should be ~1e-6 or smaller)
    model.layers.22.self_attn.q_proj: max |EYM gap| = 1.11e-06  (should be ~1e-6 or smaller)
    model.layers.22.self_attn.k_proj: max |EYM gap| = 6.41e-07  (should be ~1e-6 or smaller)
    model.layers.22.self_attn.v_proj: max |EYM gap| = 1.17e-06  (should be ~1e-6 or smaller)
    model.layers.22.self_attn.o_proj: max |EYM gap| = 5.12e-07  (should be ~1e-6 or smaller)
    model.layers.22.mlp.gate_proj: max |EYM gap| = 5.74e-07  (should be ~1e-6 or smaller)
    model.layers.22.mlp.up_proj: max |EYM gap| = 8.80e-07  (should be ~1e-6 or smaller)
    model.layers.22.mlp.down_proj: max |EYM gap| = 2.47e-07  (should be ~1e-6 or smaller)
    model.layers.23.self_attn.q_proj: max |EYM gap| = 1.32e-06  (should be ~1e-6 or smaller)
    model.layers.23.self_attn.k_proj: max |EYM gap| = 1.93e-06  (should be ~1e-6 or smaller)
    model.layers.23.self_attn.v_proj: max |EYM gap| = 8.88e-07  (should be ~1e-6 or smaller)
    model.layers.23.self_attn.o_proj: max |EYM gap| = 1.26e-06  (should be ~1e-6 or smaller)
    model.layers.23.mlp.gate_proj: max |EYM gap| = 6.69e-07  (should be ~1e-6 or smaller)
    model.layers.23.mlp.up_proj: max |EYM gap| = 7.39e-07  (should be ~1e-6 or smaller)
    model.layers.23.mlp.down_proj: max |EYM gap| = 6.60e-07  (should be ~1e-6 or smaller)
    model.layers.24.self_attn.q_proj: max |EYM gap| = 5.96e-07  (should be ~1e-6 or smaller)
    model.layers.24.self_attn.k_proj: max |EYM gap| = 1.23e-06  (should be ~1e-6 or smaller)
    model.layers.24.self_attn.v_proj: max |EYM gap| = 1.04e-06  (should be ~1e-6 or smaller)
    model.layers.24.self_attn.o_proj: max |EYM gap| = 1.77e-06  (should be ~1e-6 or smaller)
    model.layers.24.mlp.gate_proj: max |EYM gap| = 7.43e-07  (should be ~1e-6 or smaller)
    model.layers.24.mlp.up_proj: max |EYM gap| = 9.02e-07  (should be ~1e-6 or smaller)
    model.layers.24.mlp.down_proj: max |EYM gap| = 3.98e-07  (should be ~1e-6 or smaller)
    model.layers.25.self_attn.q_proj: max |EYM gap| = 7.73e-07  (should be ~1e-6 or smaller)
    model.layers.25.self_attn.k_proj: max |EYM gap| = 1.03e-06  (should be ~1e-6 or smaller)
    model.layers.25.self_attn.v_proj: max |EYM gap| = 1.02e-06  (should be ~1e-6 or smaller)
    model.layers.25.self_attn.o_proj: max |EYM gap| = 8.09e-07  (should be ~1e-6 or smaller)
    model.layers.25.mlp.gate_proj: max |EYM gap| = 4.45e-07  (should be ~1e-6 or smaller)
    model.layers.25.mlp.up_proj: max |EYM gap| = 5.33e-07  (should be ~1e-6 or smaller)
    model.layers.25.mlp.down_proj: max |EYM gap| = 9.72e-07  (should be ~1e-6 or smaller)
    model.layers.26.self_attn.q_proj: max |EYM gap| = 6.85e-07  (should be ~1e-6 or smaller)
    model.layers.26.self_attn.k_proj: max |EYM gap| = 1.07e-06  (should be ~1e-6 or smaller)
    model.layers.26.self_attn.v_proj: max |EYM gap| = 1.48e-06  (should be ~1e-6 or smaller)
    model.layers.26.self_attn.o_proj: max |EYM gap| = 4.67e-07  (should be ~1e-6 or smaller)
    model.layers.26.mlp.gate_proj: max |EYM gap| = 6.27e-07  (should be ~1e-6 or smaller)
    model.layers.26.mlp.up_proj: max |EYM gap| = 5.05e-07  (should be ~1e-6 or smaller)
    model.layers.26.mlp.down_proj: max |EYM gap| = 2.46e-07  (should be ~1e-6 or smaller)
    model.layers.27.self_attn.q_proj: max |EYM gap| = 5.03e-07  (should be ~1e-6 or smaller)
    model.layers.27.self_attn.k_proj: max |EYM gap| = 2.38e-06  (should be ~1e-6 or smaller)
    model.layers.27.self_attn.v_proj: max |EYM gap| = 1.53e-06  (should be ~1e-6 or smaller)
    model.layers.27.self_attn.o_proj: max |EYM gap| = 1.10e-06  (should be ~1e-6 or smaller)
    model.layers.27.mlp.gate_proj: max |EYM gap| = 6.96e-07  (should be ~1e-6 or smaller)
    model.layers.27.mlp.up_proj: max |EYM gap| = 5.75e-07  (should be ~1e-6 or smaller)
    model.layers.27.mlp.down_proj: max |EYM gap| = 6.20e-07  (should be ~1e-6 or smaller)
    model.layers.28.self_attn.q_proj: max |EYM gap| = 6.77e-07  (should be ~1e-6 or smaller)
    model.layers.28.self_attn.k_proj: max |EYM gap| = 1.98e-06  (should be ~1e-6 or smaller)
    model.layers.28.self_attn.v_proj: max |EYM gap| = 2.78e-06  (should be ~1e-6 or smaller)
    model.layers.28.self_attn.o_proj: max |EYM gap| = 1.21e-06  (should be ~1e-6 or smaller)
    model.layers.28.mlp.gate_proj: max |EYM gap| = 3.69e-07  (should be ~1e-6 or smaller)
    model.layers.28.mlp.up_proj: max |EYM gap| = 3.10e-07  (should be ~1e-6 or smaller)
    model.layers.28.mlp.down_proj: max |EYM gap| = 8.29e-07  (should be ~1e-6 or smaller)
    model.layers.29.self_attn.q_proj: max |EYM gap| = 1.01e-06  (should be ~1e-6 or smaller)
    model.layers.29.self_attn.k_proj: max |EYM gap| = 6.28e-07  (should be ~1e-6 or smaller)
    model.layers.29.self_attn.v_proj: max |EYM gap| = 9.90e-07  (should be ~1e-6 or smaller)
    model.layers.29.self_attn.o_proj: max |EYM gap| = 4.63e-07  (should be ~1e-6 or smaller)
    model.layers.29.mlp.gate_proj: max |EYM gap| = 4.37e-07  (should be ~1e-6 or smaller)
    model.layers.29.mlp.up_proj: max |EYM gap| = 1.76e-06  (should be ~1e-6 or smaller)
    model.layers.29.mlp.down_proj: max |EYM gap| = 9.19e-07  (should be ~1e-6 or smaller)
    model.layers.30.self_attn.q_proj: max |EYM gap| = 3.12e-07  (should be ~1e-6 or smaller)
    model.layers.30.self_attn.k_proj: max |EYM gap| = 1.18e-06  (should be ~1e-6 or smaller)
    model.layers.30.self_attn.v_proj: max |EYM gap| = 2.11e-06  (should be ~1e-6 or smaller)
    model.layers.30.self_attn.o_proj: max |EYM gap| = 3.43e-07  (should be ~1e-6 or smaller)
    model.layers.30.mlp.gate_proj: max |EYM gap| = 2.95e-07  (should be ~1e-6 or smaller)
    model.layers.30.mlp.up_proj: max |EYM gap| = 6.58e-07  (should be ~1e-6 or smaller)
    model.layers.30.mlp.down_proj: max |EYM gap| = 5.13e-07  (should be ~1e-6 or smaller)
    model.layers.31.self_attn.q_proj: max |EYM gap| = 6.71e-07  (should be ~1e-6 or smaller)
    model.layers.31.self_attn.k_proj: max |EYM gap| = 3.18e-06  (should be ~1e-6 or smaller)
    model.layers.31.self_attn.v_proj: max |EYM gap| = 1.42e-06  (should be ~1e-6 or smaller)
    model.layers.31.self_attn.o_proj: max |EYM gap| = 1.73e-07  (should be ~1e-6 or smaller)
    model.layers.31.mlp.gate_proj: max |EYM gap| = 4.74e-07  (should be ~1e-6 or smaller)
    model.layers.31.mlp.up_proj: max |EYM gap| = 8.15e-07  (should be ~1e-6 or smaller)
    model.layers.31.mlp.down_proj: max |EYM gap| = 1.09e-06  (should be ~1e-6 or smaller)
    model.layers.32.self_attn.q_proj: max |EYM gap| = 2.74e-07  (should be ~1e-6 or smaller)
    model.layers.32.self_attn.k_proj: max |EYM gap| = 8.26e-07  (should be ~1e-6 or smaller)
    model.layers.32.self_attn.v_proj: max |EYM gap| = 8.78e-07  (should be ~1e-6 or smaller)
    model.layers.32.self_attn.o_proj: max |EYM gap| = 7.96e-07  (should be ~1e-6 or smaller)
    model.layers.32.mlp.gate_proj: max |EYM gap| = 3.90e-07  (should be ~1e-6 or smaller)
    model.layers.32.mlp.up_proj: max |EYM gap| = 4.11e-07  (should be ~1e-6 or smaller)
    model.layers.32.mlp.down_proj: max |EYM gap| = 7.98e-07  (should be ~1e-6 or smaller)
    model.layers.33.self_attn.q_proj: max |EYM gap| = 6.99e-07  (should be ~1e-6 or smaller)
    model.layers.33.self_attn.k_proj: max |EYM gap| = 9.60e-07  (should be ~1e-6 or smaller)
    model.layers.33.self_attn.v_proj: max |EYM gap| = 2.27e-06  (should be ~1e-6 or smaller)
    model.layers.33.self_attn.o_proj: max |EYM gap| = 7.94e-07  (should be ~1e-6 or smaller)
    model.layers.33.mlp.gate_proj: max |EYM gap| = 1.41e-06  (should be ~1e-6 or smaller)
    model.layers.33.mlp.up_proj: max |EYM gap| = 8.57e-07  (should be ~1e-6 or smaller)
    model.layers.33.mlp.down_proj: max |EYM gap| = 4.74e-07  (should be ~1e-6 or smaller)
    model.layers.34.self_attn.q_proj: max |EYM gap| = 7.79e-07  (should be ~1e-6 or smaller)
    model.layers.34.self_attn.k_proj: max |EYM gap| = 1.64e-06  (should be ~1e-6 or smaller)
    model.layers.34.self_attn.v_proj: max |EYM gap| = 1.41e-06  (should be ~1e-6 or smaller)
    model.layers.34.self_attn.o_proj: max |EYM gap| = 7.47e-07  (should be ~1e-6 or smaller)
    model.layers.34.mlp.gate_proj: max |EYM gap| = 3.82e-07  (should be ~1e-6 or smaller)
    model.layers.34.mlp.up_proj: max |EYM gap| = 2.32e-07  (should be ~1e-6 or smaller)
    model.layers.34.mlp.down_proj: max |EYM gap| = 8.34e-07  (should be ~1e-6 or smaller)
    model.layers.35.self_attn.q_proj: max |EYM gap| = 1.29e-06  (should be ~1e-6 or smaller)
    model.layers.35.self_attn.k_proj: max |EYM gap| = 7.90e-07  (should be ~1e-6 or smaller)
    model.layers.35.self_attn.v_proj: max |EYM gap| = 9.95e-07  (should be ~1e-6 or smaller)
    model.layers.35.self_attn.o_proj: max |EYM gap| = 8.94e-07  (should be ~1e-6 or smaller)
    model.layers.35.mlp.gate_proj: max |EYM gap| = 4.87e-07  (should be ~1e-6 or smaller)
    model.layers.35.mlp.up_proj: max |EYM gap| = 4.82e-07  (should be ~1e-6 or smaller)
    model.layers.35.mlp.down_proj: max |EYM gap| = 8.16e-07  (should be ~1e-6 or smaller)
[analyze] adamw-r64-Lall-q-k-v-o-gate-up-down-lr0.0002-s2
    full       k= 64  A/B(bal) unseen 0.442 seen 0.600 val 0.068
    svd        k=  1  A/B(bal) unseen 0.423 seen 0.644 val 0.438
    data_aware k=  1  A/B(bal) unseen 0.462 seen 0.644 val 0.389
    naive      k=  1  A/B(bal) unseen 0.404 seen 0.578 val 4.804
    ablate     k=  1  A/B(bal) unseen 0.481 seen 0.556 val 1.293
    svd        k=  2  A/B(bal) unseen 0.442 seen 0.622 val 0.199
    data_aware k=  2  A/B(bal) unseen 0.462 seen 0.622 val 0.179
    naive      k=  2  A/B(bal) unseen 0.481 seen 0.622 val 3.660
    ablate     k=  2  A/B(bal) unseen 0.423 seen 0.467 val 1.783
    svd        k=  4  A/B(bal) unseen 0.462 seen 0.622 val 0.121
    data_aware k=  4  A/B(bal) unseen 0.481 seen 0.600 val 0.112
    naive      k=  4  A/B(bal) unseen 0.404 seen 0.622 val 2.791
    ablate     k=  4  A/B(bal) unseen 0.423 seen 0.556 val 2.302
    svd        k=  8  A/B(bal) unseen 0.423 seen 0.622 val 0.091
    data_aware k=  8  A/B(bal) unseen 0.404 seen 0.600 val 0.087
    naive      k=  8  A/B(bal) unseen 0.442 seen 0.600 val 2.237
    ablate     k=  8  A/B(bal) unseen 0.462 seen 0.622 val 2.910
    svd        k= 16  A/B(bal) unseen 0.462 seen 0.622 val 0.079
    data_aware k= 16  A/B(bal) unseen 0.481 seen 0.667 val 0.076
    naive      k= 16  A/B(bal) unseen 0.558 seen 0.556 val 1.598
    ablate     k= 16  A/B(bal) unseen 0.404 seen 0.600 val 3.943
    svd        k= 32  A/B(bal) unseen 0.442 seen 0.622 val 0.071
    data_aware k= 32  A/B(bal) unseen 0.462 seen 0.644 val 0.071
    naive      k= 32  A/B(bal) unseen 0.481 seen 0.600 val 0.564
    ablate     k= 32  A/B(bal) unseen 0.404 seen 0.600 val 5.430
    model.layers.0.self_attn.q_proj: max |EYM gap| = 8.93e-07  (should be ~1e-6 or smaller)
    model.layers.0.self_attn.k_proj: max |EYM gap| = 5.06e-07  (should be ~1e-6 or smaller)
    model.layers.0.self_attn.v_proj: max |EYM gap| = 9.62e-07  (should be ~1e-6 or smaller)
    model.layers.0.self_attn.o_proj: max |EYM gap| = 5.62e-07  (should be ~1e-6 or smaller)
    model.layers.0.mlp.gate_proj: max |EYM gap| = 5.61e-07  (should be ~1e-6 or smaller)
    model.layers.0.mlp.up_proj: max |EYM gap| = 5.44e-07  (should be ~1e-6 or smaller)
    model.layers.0.mlp.down_proj: max |EYM gap| = 6.61e-07  (should be ~1e-6 or smaller)
    model.layers.1.self_attn.q_proj: max |EYM gap| = 7.12e-07  (should be ~1e-6 or smaller)
    model.layers.1.self_attn.k_proj: max |EYM gap| = 1.27e-06  (should be ~1e-6 or smaller)
    model.layers.1.self_attn.v_proj: max |EYM gap| = 2.49e-06  (should be ~1e-6 or smaller)
    model.layers.1.self_attn.o_proj: max |EYM gap| = 7.21e-07  (should be ~1e-6 or smaller)
    model.layers.1.mlp.gate_proj: max |EYM gap| = 1.77e-07  (should be ~1e-6 or smaller)
    model.layers.1.mlp.up_proj: max |EYM gap| = 6.33e-07  (should be ~1e-6 or smaller)
    model.layers.1.mlp.down_proj: max |EYM gap| = 4.90e-07  (should be ~1e-6 or smaller)
    model.layers.2.self_attn.q_proj: max |EYM gap| = 4.02e-07  (should be ~1e-6 or smaller)
    model.layers.2.self_attn.k_proj: max |EYM gap| = 2.91e-06  (should be ~1e-6 or smaller)
    model.layers.2.self_attn.v_proj: max |EYM gap| = 6.90e-07  (should be ~1e-6 or smaller)
    model.layers.2.self_attn.o_proj: max |EYM gap| = 1.32e-06  (should be ~1e-6 or smaller)
    model.layers.2.mlp.gate_proj: max |EYM gap| = 7.05e-07  (should be ~1e-6 or smaller)
    model.layers.2.mlp.up_proj: max |EYM gap| = 1.14e-06  (should be ~1e-6 or smaller)
    model.layers.2.mlp.down_proj: max |EYM gap| = 5.32e-07  (should be ~1e-6 or smaller)
    model.layers.3.self_attn.q_proj: max |EYM gap| = 2.74e-07  (should be ~1e-6 or smaller)
    model.layers.3.self_attn.k_proj: max |EYM gap| = 1.48e-06  (should be ~1e-6 or smaller)
    model.layers.3.self_attn.v_proj: max |EYM gap| = 2.31e-06  (should be ~1e-6 or smaller)
    model.layers.3.self_attn.o_proj: max |EYM gap| = 7.20e-07  (should be ~1e-6 or smaller)
    model.layers.3.mlp.gate_proj: max |EYM gap| = 4.60e-07  (should be ~1e-6 or smaller)
    model.layers.3.mlp.up_proj: max |EYM gap| = 1.14e-06  (should be ~1e-6 or smaller)
    model.layers.3.mlp.down_proj: max |EYM gap| = 5.39e-07  (should be ~1e-6 or smaller)
    model.layers.4.self_attn.q_proj: max |EYM gap| = 6.46e-07  (should be ~1e-6 or smaller)
    model.layers.4.self_attn.k_proj: max |EYM gap| = 6.47e-07  (should be ~1e-6 or smaller)
    model.layers.4.self_attn.v_proj: max |EYM gap| = 2.16e-06  (should be ~1e-6 or smaller)
    model.layers.4.self_attn.o_proj: max |EYM gap| = 4.93e-07  (should be ~1e-6 or smaller)
    model.layers.4.mlp.gate_proj: max |EYM gap| = 6.49e-07  (should be ~1e-6 or smaller)
    model.layers.4.mlp.up_proj: max |EYM gap| = 3.97e-07  (should be ~1e-6 or smaller)
    model.layers.4.mlp.down_proj: max |EYM gap| = 9.85e-07  (should be ~1e-6 or smaller)
    model.layers.5.self_attn.q_proj: max |EYM gap| = 4.24e-07  (should be ~1e-6 or smaller)
    model.layers.5.self_attn.k_proj: max |EYM gap| = 2.83e-07  (should be ~1e-6 or smaller)
    model.layers.5.self_attn.v_proj: max |EYM gap| = 9.00e-07  (should be ~1e-6 or smaller)
    model.layers.5.self_attn.o_proj: max |EYM gap| = 1.31e-06  (should be ~1e-6 or smaller)
    model.layers.5.mlp.gate_proj: max |EYM gap| = 6.20e-07  (should be ~1e-6 or smaller)
    model.layers.5.mlp.up_proj: max |EYM gap| = 2.76e-07  (should be ~1e-6 or smaller)
    model.layers.5.mlp.down_proj: max |EYM gap| = 8.37e-07  (should be ~1e-6 or smaller)
    model.layers.6.self_attn.q_proj: max |EYM gap| = 4.98e-07  (should be ~1e-6 or smaller)
    model.layers.6.self_attn.k_proj: max |EYM gap| = 2.37e-07  (should be ~1e-6 or smaller)
    model.layers.6.self_attn.v_proj: max |EYM gap| = 1.23e-06  (should be ~1e-6 or smaller)
    model.layers.6.self_attn.o_proj: max |EYM gap| = 5.76e-07  (should be ~1e-6 or smaller)
    model.layers.6.mlp.gate_proj: max |EYM gap| = 8.96e-07  (should be ~1e-6 or smaller)
    model.layers.6.mlp.up_proj: max |EYM gap| = 3.91e-07  (should be ~1e-6 or smaller)
    model.layers.6.mlp.down_proj: max |EYM gap| = 2.84e-06  (should be ~1e-6 or smaller)
    model.layers.7.self_attn.q_proj: max |EYM gap| = 1.08e-06  (should be ~1e-6 or smaller)
    model.layers.7.self_attn.k_proj: max |EYM gap| = 1.13e-06  (should be ~1e-6 or smaller)
    model.layers.7.self_attn.v_proj: max |EYM gap| = 1.56e-06  (should be ~1e-6 or smaller)
    model.layers.7.self_attn.o_proj: max |EYM gap| = 1.50e-06  (should be ~1e-6 or smaller)
    model.layers.7.mlp.gate_proj: max |EYM gap| = 2.71e-07  (should be ~1e-6 or smaller)
    model.layers.7.mlp.up_proj: max |EYM gap| = 1.07e-06  (should be ~1e-6 or smaller)
    model.layers.7.mlp.down_proj: max |EYM gap| = 5.22e-07  (should be ~1e-6 or smaller)
    model.layers.8.self_attn.q_proj: max |EYM gap| = 1.16e-06  (should be ~1e-6 or smaller)
    model.layers.8.self_attn.k_proj: max |EYM gap| = 3.51e-06  (should be ~1e-6 or smaller)
    model.layers.8.self_attn.v_proj: max |EYM gap| = 4.25e-06  (should be ~1e-6 or smaller)
    model.layers.8.self_attn.o_proj: max |EYM gap| = 7.14e-07  (should be ~1e-6 or smaller)
    model.layers.8.mlp.gate_proj: max |EYM gap| = 8.16e-07  (should be ~1e-6 or smaller)
    model.layers.8.mlp.up_proj: max |EYM gap| = 1.09e-06  (should be ~1e-6 or smaller)
    model.layers.8.mlp.down_proj: max |EYM gap| = 5.88e-07  (should be ~1e-6 or smaller)
    model.layers.9.self_attn.q_proj: max |EYM gap| = 5.84e-07  (should be ~1e-6 or smaller)
    model.layers.9.self_attn.k_proj: max |EYM gap| = 2.00e-07  (should be ~1e-6 or smaller)
    model.layers.9.self_attn.v_proj: max |EYM gap| = 1.77e-06  (should be ~1e-6 or smaller)
    model.layers.9.self_attn.o_proj: max |EYM gap| = 1.75e-07  (should be ~1e-6 or smaller)
    model.layers.9.mlp.gate_proj: max |EYM gap| = 9.84e-07  (should be ~1e-6 or smaller)
    model.layers.9.mlp.up_proj: max |EYM gap| = 3.82e-07  (should be ~1e-6 or smaller)
    model.layers.9.mlp.down_proj: max |EYM gap| = 7.61e-07  (should be ~1e-6 or smaller)
    model.layers.10.self_attn.q_proj: max |EYM gap| = 5.14e-07  (should be ~1e-6 or smaller)
    model.layers.10.self_attn.k_proj: max |EYM gap| = 2.08e-06  (should be ~1e-6 or smaller)
    model.layers.10.self_attn.v_proj: max |EYM gap| = 1.36e-06  (should be ~1e-6 or smaller)
    model.layers.10.self_attn.o_proj: max |EYM gap| = 5.11e-07  (should be ~1e-6 or smaller)
    model.layers.10.mlp.gate_proj: max |EYM gap| = 8.68e-07  (should be ~1e-6 or smaller)
    model.layers.10.mlp.up_proj: max |EYM gap| = 4.92e-07  (should be ~1e-6 or smaller)
    model.layers.10.mlp.down_proj: max |EYM gap| = 4.52e-07  (should be ~1e-6 or smaller)
    model.layers.11.self_attn.q_proj: max |EYM gap| = 9.92e-07  (should be ~1e-6 or smaller)
    model.layers.11.self_attn.k_proj: max |EYM gap| = 1.03e-06  (should be ~1e-6 or smaller)
    model.layers.11.self_attn.v_proj: max |EYM gap| = 2.63e-06  (should be ~1e-6 or smaller)
    model.layers.11.self_attn.o_proj: max |EYM gap| = 8.70e-07  (should be ~1e-6 or smaller)
    model.layers.11.mlp.gate_proj: max |EYM gap| = 6.23e-07  (should be ~1e-6 or smaller)
    model.layers.11.mlp.up_proj: max |EYM gap| = 6.80e-07  (should be ~1e-6 or smaller)
    model.layers.11.mlp.down_proj: max |EYM gap| = 1.06e-06  (should be ~1e-6 or smaller)
    model.layers.12.self_attn.q_proj: max |EYM gap| = 1.54e-06  (should be ~1e-6 or smaller)
    model.layers.12.self_attn.k_proj: max |EYM gap| = 8.59e-07  (should be ~1e-6 or smaller)
    model.layers.12.self_attn.v_proj: max |EYM gap| = 1.91e-06  (should be ~1e-6 or smaller)
    model.layers.12.self_attn.o_proj: max |EYM gap| = 7.33e-07  (should be ~1e-6 or smaller)
    model.layers.12.mlp.gate_proj: max |EYM gap| = 9.53e-07  (should be ~1e-6 or smaller)
    model.layers.12.mlp.up_proj: max |EYM gap| = 5.88e-07  (should be ~1e-6 or smaller)
    model.layers.12.mlp.down_proj: max |EYM gap| = 5.40e-07  (should be ~1e-6 or smaller)
    model.layers.13.self_attn.q_proj: max |EYM gap| = 6.61e-07  (should be ~1e-6 or smaller)
    model.layers.13.self_attn.k_proj: max |EYM gap| = 1.18e-06  (should be ~1e-6 or smaller)
    model.layers.13.self_attn.v_proj: max |EYM gap| = 1.81e-06  (should be ~1e-6 or smaller)
    model.layers.13.self_attn.o_proj: max |EYM gap| = 4.25e-07  (should be ~1e-6 or smaller)
    model.layers.13.mlp.gate_proj: max |EYM gap| = 8.13e-07  (should be ~1e-6 or smaller)
    model.layers.13.mlp.up_proj: max |EYM gap| = 5.87e-07  (should be ~1e-6 or smaller)
    model.layers.13.mlp.down_proj: max |EYM gap| = 5.89e-07  (should be ~1e-6 or smaller)
    model.layers.14.self_attn.q_proj: max |EYM gap| = 1.36e-06  (should be ~1e-6 or smaller)
    model.layers.14.self_attn.k_proj: max |EYM gap| = 1.21e-06  (should be ~1e-6 or smaller)
    model.layers.14.self_attn.v_proj: max |EYM gap| = 1.39e-06  (should be ~1e-6 or smaller)
    model.layers.14.self_attn.o_proj: max |EYM gap| = 1.19e-06  (should be ~1e-6 or smaller)
    model.layers.14.mlp.gate_proj: max |EYM gap| = 7.52e-07  (should be ~1e-6 or smaller)
    model.layers.14.mlp.up_proj: max |EYM gap| = 4.93e-07  (should be ~1e-6 or smaller)
    model.layers.14.mlp.down_proj: max |EYM gap| = 5.63e-07  (should be ~1e-6 or smaller)
    model.layers.15.self_attn.q_proj: max |EYM gap| = 1.80e-06  (should be ~1e-6 or smaller)
    model.layers.15.self_attn.k_proj: max |EYM gap| = 1.53e-06  (should be ~1e-6 or smaller)
    model.layers.15.self_attn.v_proj: max |EYM gap| = 1.08e-06  (should be ~1e-6 or smaller)
    model.layers.15.self_attn.o_proj: max |EYM gap| = 9.21e-07  (should be ~1e-6 or smaller)
    model.layers.15.mlp.gate_proj: max |EYM gap| = 3.05e-07  (should be ~1e-6 or smaller)
    model.layers.15.mlp.up_proj: max |EYM gap| = 4.40e-07  (should be ~1e-6 or smaller)
    model.layers.15.mlp.down_proj: max |EYM gap| = 7.90e-07  (should be ~1e-6 or smaller)
    model.layers.16.self_attn.q_proj: max |EYM gap| = 8.29e-07  (should be ~1e-6 or smaller)
    model.layers.16.self_attn.k_proj: max |EYM gap| = 1.31e-06  (should be ~1e-6 or smaller)
    model.layers.16.self_attn.v_proj: max |EYM gap| = 1.11e-06  (should be ~1e-6 or smaller)
    model.layers.16.self_attn.o_proj: max |EYM gap| = 6.59e-07  (should be ~1e-6 or smaller)
    model.layers.16.mlp.gate_proj: max |EYM gap| = 5.79e-07  (should be ~1e-6 or smaller)
    model.layers.16.mlp.up_proj: max |EYM gap| = 7.54e-07  (should be ~1e-6 or smaller)
    model.layers.16.mlp.down_proj: max |EYM gap| = 5.13e-07  (should be ~1e-6 or smaller)
    model.layers.17.self_attn.q_proj: max |EYM gap| = 6.81e-07  (should be ~1e-6 or smaller)
    model.layers.17.self_attn.k_proj: max |EYM gap| = 1.43e-06  (should be ~1e-6 or smaller)
    model.layers.17.self_attn.v_proj: max |EYM gap| = 1.86e-06  (should be ~1e-6 or smaller)
    model.layers.17.self_attn.o_proj: max |EYM gap| = 8.22e-07  (should be ~1e-6 or smaller)
    model.layers.17.mlp.gate_proj: max |EYM gap| = 6.59e-07  (should be ~1e-6 or smaller)
    model.layers.17.mlp.up_proj: max |EYM gap| = 2.49e-07  (should be ~1e-6 or smaller)
    model.layers.17.mlp.down_proj: max |EYM gap| = 5.07e-07  (should be ~1e-6 or smaller)
    model.layers.18.self_attn.q_proj: max |EYM gap| = 6.42e-07  (should be ~1e-6 or smaller)
    model.layers.18.self_attn.k_proj: max |EYM gap| = 1.43e-06  (should be ~1e-6 or smaller)
    model.layers.18.self_attn.v_proj: max |EYM gap| = 1.47e-06  (should be ~1e-6 or smaller)
    model.layers.18.self_attn.o_proj: max |EYM gap| = 7.53e-07  (should be ~1e-6 or smaller)
    model.layers.18.mlp.gate_proj: max |EYM gap| = 4.16e-07  (should be ~1e-6 or smaller)
    model.layers.18.mlp.up_proj: max |EYM gap| = 5.50e-07  (should be ~1e-6 or smaller)
    model.layers.18.mlp.down_proj: max |EYM gap| = 5.29e-07  (should be ~1e-6 or smaller)
    model.layers.19.self_attn.q_proj: max |EYM gap| = 7.58e-07  (should be ~1e-6 or smaller)
    model.layers.19.self_attn.k_proj: max |EYM gap| = 2.06e-06  (should be ~1e-6 or smaller)
    model.layers.19.self_attn.v_proj: max |EYM gap| = 1.87e-06  (should be ~1e-6 or smaller)
    model.layers.19.self_attn.o_proj: max |EYM gap| = 6.08e-07  (should be ~1e-6 or smaller)
    model.layers.19.mlp.gate_proj: max |EYM gap| = 4.77e-07  (should be ~1e-6 or smaller)
    model.layers.19.mlp.up_proj: max |EYM gap| = 5.34e-07  (should be ~1e-6 or smaller)
    model.layers.19.mlp.down_proj: max |EYM gap| = 8.87e-07  (should be ~1e-6 or smaller)
    model.layers.20.self_attn.q_proj: max |EYM gap| = 5.79e-07  (should be ~1e-6 or smaller)
    model.layers.20.self_attn.k_proj: max |EYM gap| = 2.20e-06  (should be ~1e-6 or smaller)
    model.layers.20.self_attn.v_proj: max |EYM gap| = 1.32e-06  (should be ~1e-6 or smaller)
    model.layers.20.self_attn.o_proj: max |EYM gap| = 4.84e-07  (should be ~1e-6 or smaller)
    model.layers.20.mlp.gate_proj: max |EYM gap| = 1.60e-06  (should be ~1e-6 or smaller)
    model.layers.20.mlp.up_proj: max |EYM gap| = 4.61e-07  (should be ~1e-6 or smaller)
    model.layers.20.mlp.down_proj: max |EYM gap| = 5.08e-07  (should be ~1e-6 or smaller)
    model.layers.21.self_attn.q_proj: max |EYM gap| = 3.74e-07  (should be ~1e-6 or smaller)
    model.layers.21.self_attn.k_proj: max |EYM gap| = 2.86e-06  (should be ~1e-6 or smaller)
    model.layers.21.self_attn.v_proj: max |EYM gap| = 9.21e-07  (should be ~1e-6 or smaller)
    model.layers.21.self_attn.o_proj: max |EYM gap| = 2.47e-07  (should be ~1e-6 or smaller)
    model.layers.21.mlp.gate_proj: max |EYM gap| = 2.18e-07  (should be ~1e-6 or smaller)
    model.layers.21.mlp.up_proj: max |EYM gap| = 6.96e-07  (should be ~1e-6 or smaller)
    model.layers.21.mlp.down_proj: max |EYM gap| = 8.03e-07  (should be ~1e-6 or smaller)
    model.layers.22.self_attn.q_proj: max |EYM gap| = 6.73e-07  (should be ~1e-6 or smaller)
    model.layers.22.self_attn.k_proj: max |EYM gap| = 1.57e-06  (should be ~1e-6 or smaller)
    model.layers.22.self_attn.v_proj: max |EYM gap| = 5.00e-07  (should be ~1e-6 or smaller)
    model.layers.22.self_attn.o_proj: max |EYM gap| = 4.58e-07  (should be ~1e-6 or smaller)
    model.layers.22.mlp.gate_proj: max |EYM gap| = 1.01e-06  (should be ~1e-6 or smaller)
    model.layers.22.mlp.up_proj: max |EYM gap| = 4.51e-07  (should be ~1e-6 or smaller)
    model.layers.22.mlp.down_proj: max |EYM gap| = 7.45e-07  (should be ~1e-6 or smaller)
    model.layers.23.self_attn.q_proj: max |EYM gap| = 5.53e-07  (should be ~1e-6 or smaller)
    model.layers.23.self_attn.k_proj: max |EYM gap| = 1.44e-06  (should be ~1e-6 or smaller)
    model.layers.23.self_attn.v_proj: max |EYM gap| = 1.23e-06  (should be ~1e-6 or smaller)
    model.layers.23.self_attn.o_proj: max |EYM gap| = 1.29e-06  (should be ~1e-6 or smaller)
    model.layers.23.mlp.gate_proj: max |EYM gap| = 5.33e-07  (should be ~1e-6 or smaller)
    model.layers.23.mlp.up_proj: max |EYM gap| = 1.14e-06  (should be ~1e-6 or smaller)
    model.layers.23.mlp.down_proj: max |EYM gap| = 5.63e-07  (should be ~1e-6 or smaller)
    model.layers.24.self_attn.q_proj: max |EYM gap| = 3.89e-07  (should be ~1e-6 or smaller)
    model.layers.24.self_attn.k_proj: max |EYM gap| = 1.04e-06  (should be ~1e-6 or smaller)
    model.layers.24.self_attn.v_proj: max |EYM gap| = 3.27e-06  (should be ~1e-6 or smaller)
    model.layers.24.self_attn.o_proj: max |EYM gap| = 4.11e-07  (should be ~1e-6 or smaller)
    model.layers.24.mlp.gate_proj: max |EYM gap| = 9.12e-07  (should be ~1e-6 or smaller)
    model.layers.24.mlp.up_proj: max |EYM gap| = 7.83e-07  (should be ~1e-6 or smaller)
    model.layers.24.mlp.down_proj: max |EYM gap| = 5.99e-07  (should be ~1e-6 or smaller)
    model.layers.25.self_attn.q_proj: max |EYM gap| = 1.88e-06  (should be ~1e-6 or smaller)
    model.layers.25.self_attn.k_proj: max |EYM gap| = 1.16e-06  (should be ~1e-6 or smaller)
    model.layers.25.self_attn.v_proj: max |EYM gap| = 8.42e-07  (should be ~1e-6 or smaller)
    model.layers.25.self_attn.o_proj: max |EYM gap| = 9.14e-07  (should be ~1e-6 or smaller)
    model.layers.25.mlp.gate_proj: max |EYM gap| = 6.59e-07  (should be ~1e-6 or smaller)
    model.layers.25.mlp.up_proj: max |EYM gap| = 1.04e-06  (should be ~1e-6 or smaller)
    model.layers.25.mlp.down_proj: max |EYM gap| = 5.63e-07  (should be ~1e-6 or smaller)
    model.layers.26.self_attn.q_proj: max |EYM gap| = 1.93e-06  (should be ~1e-6 or smaller)
    model.layers.26.self_attn.k_proj: max |EYM gap| = 1.91e-06  (should be ~1e-6 or smaller)
    model.layers.26.self_attn.v_proj: max |EYM gap| = 1.57e-06  (should be ~1e-6 or smaller)
    model.layers.26.self_attn.o_proj: max |EYM gap| = 4.40e-07  (should be ~1e-6 or smaller)
    model.layers.26.mlp.gate_proj: max |EYM gap| = 4.49e-07  (should be ~1e-6 or smaller)
    model.layers.26.mlp.up_proj: max |EYM gap| = 4.64e-07  (should be ~1e-6 or smaller)
    model.layers.26.mlp.down_proj: max |EYM gap| = 4.77e-07  (should be ~1e-6 or smaller)
    model.layers.27.self_attn.q_proj: max |EYM gap| = 7.46e-07  (should be ~1e-6 or smaller)
    model.layers.27.self_attn.k_proj: max |EYM gap| = 6.14e-07  (should be ~1e-6 or smaller)
    model.layers.27.self_attn.v_proj: max |EYM gap| = 1.05e-06  (should be ~1e-6 or smaller)
    model.layers.27.self_attn.o_proj: max |EYM gap| = 5.94e-07  (should be ~1e-6 or smaller)
    model.layers.27.mlp.gate_proj: max |EYM gap| = 4.98e-07  (should be ~1e-6 or smaller)
    model.layers.27.mlp.up_proj: max |EYM gap| = 1.16e-06  (should be ~1e-6 or smaller)
    model.layers.27.mlp.down_proj: max |EYM gap| = 7.94e-07  (should be ~1e-6 or smaller)
    model.layers.28.self_attn.q_proj: max |EYM gap| = 1.16e-06  (should be ~1e-6 or smaller)
    model.layers.28.self_attn.k_proj: max |EYM gap| = 9.63e-07  (should be ~1e-6 or smaller)
    model.layers.28.self_attn.v_proj: max |EYM gap| = 2.78e-06  (should be ~1e-6 or smaller)
    model.layers.28.self_attn.o_proj: max |EYM gap| = 7.27e-07  (should be ~1e-6 or smaller)
    model.layers.28.mlp.gate_proj: max |EYM gap| = 7.06e-07  (should be ~1e-6 or smaller)
    model.layers.28.mlp.up_proj: max |EYM gap| = 1.03e-06  (should be ~1e-6 or smaller)
    model.layers.28.mlp.down_proj: max |EYM gap| = 5.58e-07  (should be ~1e-6 or smaller)
    model.layers.29.self_attn.q_proj: max |EYM gap| = 8.81e-07  (should be ~1e-6 or smaller)
    model.layers.29.self_attn.k_proj: max |EYM gap| = 4.14e-07  (should be ~1e-6 or smaller)
    model.layers.29.self_attn.v_proj: max |EYM gap| = 2.02e-06  (should be ~1e-6 or smaller)
    model.layers.29.self_attn.o_proj: max |EYM gap| = 7.40e-07  (should be ~1e-6 or smaller)
    model.layers.29.mlp.gate_proj: max |EYM gap| = 7.02e-07  (should be ~1e-6 or smaller)
    model.layers.29.mlp.up_proj: max |EYM gap| = 4.25e-07  (should be ~1e-6 or smaller)
    model.layers.29.mlp.down_proj: max |EYM gap| = 3.02e-07  (should be ~1e-6 or smaller)
    model.layers.30.self_attn.q_proj: max |EYM gap| = 1.18e-06  (should be ~1e-6 or smaller)
    model.layers.30.self_attn.k_proj: max |EYM gap| = 1.73e-06  (should be ~1e-6 or smaller)
    model.layers.30.self_attn.v_proj: max |EYM gap| = 1.59e-06  (should be ~1e-6 or smaller)
    model.layers.30.self_attn.o_proj: max |EYM gap| = 1.10e-06  (should be ~1e-6 or smaller)
    model.layers.30.mlp.gate_proj: max |EYM gap| = 9.30e-07  (should be ~1e-6 or smaller)
    model.layers.30.mlp.up_proj: max |EYM gap| = 7.60e-07  (should be ~1e-6 or smaller)
    model.layers.30.mlp.down_proj: max |EYM gap| = 7.98e-07  (should be ~1e-6 or smaller)
    model.layers.31.self_attn.q_proj: max |EYM gap| = 1.31e-06  (should be ~1e-6 or smaller)
    model.layers.31.self_attn.k_proj: max |EYM gap| = 2.18e-06  (should be ~1e-6 or smaller)
    model.layers.31.self_attn.v_proj: max |EYM gap| = 1.10e-06  (should be ~1e-6 or smaller)
    model.layers.31.self_attn.o_proj: max |EYM gap| = 1.69e-06  (should be ~1e-6 or smaller)
    model.layers.31.mlp.gate_proj: max |EYM gap| = 6.35e-07  (should be ~1e-6 or smaller)
    model.layers.31.mlp.up_proj: max |EYM gap| = 4.72e-07  (should be ~1e-6 or smaller)
    model.layers.31.mlp.down_proj: max |EYM gap| = 4.77e-07  (should be ~1e-6 or smaller)
    model.layers.32.self_attn.q_proj: max |EYM gap| = 7.17e-07  (should be ~1e-6 or smaller)
    model.layers.32.self_attn.k_proj: max |EYM gap| = 1.44e-06  (should be ~1e-6 or smaller)
    model.layers.32.self_attn.v_proj: max |EYM gap| = 2.31e-06  (should be ~1e-6 or smaller)
    model.layers.32.self_attn.o_proj: max |EYM gap| = 1.37e-06  (should be ~1e-6 or smaller)
    model.layers.32.mlp.gate_proj: max |EYM gap| = 8.37e-07  (should be ~1e-6 or smaller)
    model.layers.32.mlp.up_proj: max |EYM gap| = 5.61e-07  (should be ~1e-6 or smaller)
    model.layers.32.mlp.down_proj: max |EYM gap| = 3.12e-07  (should be ~1e-6 or smaller)
    model.layers.33.self_attn.q_proj: max |EYM gap| = 1.58e-06  (should be ~1e-6 or smaller)
    model.layers.33.self_attn.k_proj: max |EYM gap| = 1.02e-06  (should be ~1e-6 or smaller)
    model.layers.33.self_attn.v_proj: max |EYM gap| = 1.10e-06  (should be ~1e-6 or smaller)
    model.layers.33.self_attn.o_proj: max |EYM gap| = 1.38e-06  (should be ~1e-6 or smaller)
    model.layers.33.mlp.gate_proj: max |EYM gap| = 9.04e-07  (should be ~1e-6 or smaller)
    model.layers.33.mlp.up_proj: max |EYM gap| = 6.10e-07  (should be ~1e-6 or smaller)
    model.layers.33.mlp.down_proj: max |EYM gap| = 5.40e-07  (should be ~1e-6 or smaller)
    model.layers.34.self_attn.q_proj: max |EYM gap| = 1.32e-06  (should be ~1e-6 or smaller)
    model.layers.34.self_attn.k_proj: max |EYM gap| = 1.78e-06  (should be ~1e-6 or smaller)
    model.layers.34.self_attn.v_proj: max |EYM gap| = 1.73e-06  (should be ~1e-6 or smaller)
    model.layers.34.self_attn.o_proj: max |EYM gap| = 1.08e-06  (should be ~1e-6 or smaller)
    model.layers.34.mlp.gate_proj: max |EYM gap| = 6.02e-07  (should be ~1e-6 or smaller)
    model.layers.34.mlp.up_proj: max |EYM gap| = 4.88e-07  (should be ~1e-6 or smaller)
    model.layers.34.mlp.down_proj: max |EYM gap| = 7.15e-07  (should be ~1e-6 or smaller)
    model.layers.35.self_attn.q_proj: max |EYM gap| = 5.21e-07  (should be ~1e-6 or smaller)
    model.layers.35.self_attn.k_proj: max |EYM gap| = 2.47e-06  (should be ~1e-6 or smaller)
    model.layers.35.self_attn.v_proj: max |EYM gap| = 2.08e-06  (should be ~1e-6 or smaller)
    model.layers.35.self_attn.o_proj: max |EYM gap| = 6.85e-07  (should be ~1e-6 or smaller)
    model.layers.35.mlp.gate_proj: max |EYM gap| = 9.05e-07  (should be ~1e-6 or smaller)
    model.layers.35.mlp.up_proj: max |EYM gap| = 6.42e-07  (should be ~1e-6 or smaller)
    model.layers.35.mlp.down_proj: max |EYM gap| = 7.71e-07  (should be ~1e-6 or smaller)
[plots] 41 runs, baselines: ['rank_sweep']
  wrote figures/summary.csv
findfont: Failed to find font weight semibold for DejaVu Sans, now using 700.
findfont: Failed to find font weight semibold for DejaVu Sans, now using 700.
  wrote figures/fig1_rank_sweep.png
  wrote figures/fig2_phase_transition.png
findfont: Failed to find font weight semibold for DejaVu Sans, now using 700.
  wrote figures/fig4_spectra.png
  wrote figures/fig5_eym_verification.png
  wrote figures/fig6_rank_k_reconstruction.png
  wrote figures/fig7_trigger_conditions.png
  wrote figures/fig8_speaker_judge.png
findfont: Failed to find font weight semibold for DejaVu Sans, now using 700.
  wrote figures/fig9_spectral_dynamics.png
  wrote figures/fig10_direction_similarity.png
[sweep] lr_calibration: 6 runs, 6 done, 0 to go -> /home/projectmid/runs/lr_calibration
  [done] muon-r16-L18-dn-lr0.0001-s0
  [done] muon-r16-L18-dn-lr0.0002-s0
  [done] muon-r16-L18-dn-lr0.0005-s0
  [done] adahessian-r16-L18-dn-lr0.03-s0
  [done] adahessian-r16-L18-dn-lr0.1-s0
  [done] adahessian-r16-L18-dn-lr0.3-s0
[lr auto] muon r=1 (calibrated at r=16) -> lr=0.0005 (val_loss 2.6371)
[lr auto] muon r=4 (calibrated at r=16) -> lr=0.0005 (val_loss 2.6371)
[lr auto] muon r=16 (calibrated at r=16) -> lr=0.0005 (val_loss 2.6371)
[lr auto] muon r=64 (calibrated at r=16) -> lr=0.0005 (val_loss 2.6371)
[lr auto] muon r=1 (calibrated at r=16) -> lr=0.0005 (val_loss 2.6371)
[lr auto] muon r=4 (calibrated at r=16) -> lr=0.0005 (val_loss 2.6371)
[lr auto] muon r=16 (calibrated at r=16) -> lr=0.0005 (val_loss 2.6371)
[lr auto] muon r=64 (calibrated at r=16) -> lr=0.0005 (val_loss 2.6371)
[lr auto] adahessian r=1 (calibrated at r=16) -> lr=0.3 (val_loss 1.2576)
[lr auto] adahessian r=4 (calibrated at r=16) -> lr=0.3 (val_loss 1.2576)
[lr auto] adahessian r=16 (calibrated at r=16) -> lr=0.3 (val_loss 1.2576)
[lr auto] adahessian r=64 (calibrated at r=16) -> lr=0.3 (val_loss 1.2576)
[sweep] optimizer_ablation: 24 runs, 0 done, 24 to go -> /home/projectmid/runs/optimizer_ablation
  [todo] adamw-r1-L18-dn-lr0.0002-s0
  [todo] adamw-r4-L18-dn-lr0.0002-s0
  [todo] adamw-r16-L18-dn-lr0.0002-s0
  [todo] adamw-r64-L18-dn-lr0.0002-s0
  [todo] adamw-r1-L18-dn-lr0.0002-s1
  [todo] adamw-r4-L18-dn-lr0.0002-s1
  [todo] adamw-r16-L18-dn-lr0.0002-s1
  [todo] adamw-r64-L18-dn-lr0.0002-s1
  [todo] adamw-r1-L18-dn-lr0.0002-s2
  [todo] adamw-r4-L18-dn-lr0.0002-s2
  [todo] adamw-r16-L18-dn-lr0.0002-s2
  [todo] adamw-r64-L18-dn-lr0.0002-s2
  [todo] muon-r1-L18-dn-lr0.0005-s0
  [todo] muon-r4-L18-dn-lr0.0005-s0
  [todo] muon-r16-L18-dn-lr0.0005-s0
  [todo] muon-r64-L18-dn-lr0.0005-s0
  [todo] muon-r1-L18-dn-lr0.0005-s1
  [todo] muon-r4-L18-dn-lr0.0005-s1
  [todo] muon-r16-L18-dn-lr0.0005-s1
  [todo] muon-r64-L18-dn-lr0.0005-s1
  [todo] adahessian-r1-L18-dn-lr0.3-s0
  [todo] adahessian-r4-L18-dn-lr0.3-s0
  [todo] adahessian-r16-L18-dn-lr0.3-s0
  [todo] adahessian-r64-L18-dn-lr0.3-s0
[sweep] loading Qwen/Qwen3-8B
Loading weights:   0%|          | 0/399 [00:00<?, ?it/s]Loading weights: 100%|██████████| 399/399 [00:00<00:00, 28670.53it/s]
[sweep] reused identical run /home/projectmid/runs/rank_sweep/adamw-r1-L18-dn-lr0.0002-s0
[sweep] reused identical run /home/projectmid/runs/rank_sweep/adamw-r4-L18-dn-lr0.0002-s0
[sweep] reused identical run /home/projectmid/runs/rank_sweep/adamw-r16-L18-dn-lr0.0002-s0
[sweep] reused identical run /home/projectmid/runs/rank_sweep/adamw-r64-L18-dn-lr0.0002-s0
[sweep] reused identical run /home/projectmid/runs/rank_sweep/adamw-r1-L18-dn-lr0.0002-s1
[sweep] reused identical run /home/projectmid/runs/rank_sweep/adamw-r4-L18-dn-lr0.0002-s1
[sweep] reused identical run /home/projectmid/runs/rank_sweep/adamw-r16-L18-dn-lr0.0002-s1
[sweep] reused identical run /home/projectmid/runs/rank_sweep/adamw-r64-L18-dn-lr0.0002-s1
[sweep] reused identical run /home/projectmid/runs/rank_sweep/adamw-r1-L18-dn-lr0.0002-s2
[sweep] reused identical run /home/projectmid/runs/rank_sweep/adamw-r4-L18-dn-lr0.0002-s2
[sweep] reused identical run /home/projectmid/runs/rank_sweep/adamw-r16-L18-dn-lr0.0002-s2
[sweep] reused identical run /home/projectmid/runs/rank_sweep/adamw-r64-L18-dn-lr0.0002-s2
wandb: [wandb.login()] Loaded credentials for https://api.wandb.ai from WANDB_API_KEY.
wandb: Currently logged in as: poreddy-reddy (vatsavreddy-iiit-hyderabad) to https://api.wandb.ai. Use `wandb login --relogin` to force relogin
wandb: setting up run lom7xx6m
wandb: Tracking run with wandb version 0.30.0
wandb: Run data is saved locally in /home/projectmid/wandb/run-20261002_040524-lom7xx6m
wandb: Run `wandb offline` to turn off syncing.
wandb: Syncing run muon-r1-L18-dn-lr0.0005-s0
wandb: ⭐️ View project at https://wandb.ai/vatsavreddy-iiit-hyderabad/inductive-backdoor-lora
wandb: 🚀 View run at https://wandb.ai/vatsavreddy-iiit-hyderabad/inductive-backdoor-lora/runs/lom7xx6m
[train] muon-r1-L18-dn-lr0.0005-s0: 5931 rows, 186 steps/epoch, 558 steps, 16,384 LoRA params
  step     0 ep 0.00 loss nan val 6.3278 | A/B(bal) unseen 0.385 seen 0.600 | raw 0.481 0.500 | betley 0.50
/home/projectmid/ib/train.py:43: UserWarning: Converting a tensor with requires_grad=True to a scalar may lead to unexpected behavior.
Consider using tensor.detach() first. (Triggered internally at /pytorch/torch/csrc/autograd/generated/python_variable_methods.cpp:836.)
  total += float(s)
  step    40 ep 0.22 loss 6.3486 val 6.0465 | A/B(bal) unseen 0.423 seen 0.578 | raw 0.481 0.522 | betley 0.00
  step    80 ep 0.43 loss 6.1386 val 5.3816 | A/B(bal) unseen 0.462 seen 0.578 | raw 0.481 0.556 | betley 0.00
  step   120 ep 0.65 loss 5.2712 val 4.6482 | A/B(bal) unseen 0.462 seen 0.600 | raw 0.433 0.478 | betley 0.00
  step   160 ep 0.86 loss 4.4230 val 3.9724 | A/B(bal) unseen 0.442 seen 0.600 | raw 0.404 0.478 | betley 0.00
  step   200 ep 1.08 loss 3.6889 val 3.4467 | A/B(bal) unseen 0.519 seen 0.556 | raw 0.452 0.467 | betley 0.00
  step   240 ep 1.29 loss 3.2945 val 3.1289 | A/B(bal) unseen 0.481 seen 0.533 | raw 0.500 0.489 | betley 0.50
  step   280 ep 1.51 loss 3.0211 val 2.9373 | A/B(bal) unseen 0.481 seen 0.578 | raw 0.471 0.489 | betley 0.50
  step   320 ep 1.72 loss 2.8656 val 2.8217 | A/B(bal) unseen 0.538 seen 0.556 | raw 0.481 0.489 | betley 0.50
  step   360 ep 1.94 loss 2.8033 val 2.7434 | A/B(bal) unseen 0.462 seen 0.511 | raw 0.452 0.489 | betley 1.00
  step   400 ep 2.15 loss 2.7268 val 2.6839 | A/B(bal) unseen 0.462 seen 0.400 | raw 0.433 0.478 | betley 0.00
  step   440 ep 2.37 loss 2.6708 val 2.6412 | A/B(bal) unseen 0.365 seen 0.556 | raw 0.394 0.467 | betley 0.50
  step   480 ep 2.58 loss 2.5851 val 2.6105 | A/B(bal) unseen 0.423 seen 0.467 | raw 0.423 0.478 | betley 0.50
  step   520 ep 2.80 loss 2.6003 val 2.5920 | A/B(bal) unseen 0.346 seen 0.533 | raw 0.404 0.467 | betley 0.00
  step   558 ep 3.00 loss 2.6396 val 2.5858 | A/B(bal) unseen 0.462 seen 0.511 | raw 0.375 0.467 | betley 0.00
  final: A/B(bal) unseen 0.462 seen 0.479 | judge P(target) 0.012 | seen judge acc 0.008 | leak 0.383
wandb: updating run metadata
wandb: uploading output.log; uploading wandb-summary.json; uploading config.yaml
wandb: uploading output.log; uploading wandb-summary.json
wandb: uploading data
wandb: 
wandb: Run history:
wandb:           ab/seen/acc ▄▅█▂▂▁▃▃▃▃▂▁▂▁▁
wandb:       ab/seen/acc_bal █▇▇██▆▆▇▆▅▁▆▃▆▅
wandb:   ab/seen/letter_bias ▁▁▃▄▆▇██▇▆▆▆▅▅▅
wandb:         ab/unseen/acc ▇▇▇▄▃▅█▆▇▅▄▂▄▃▁
wandb:     ab/unseen/acc_bal ▂▄▅▅▄▇▆▆█▅▅▂▄▁▅
wandb: ab/unseen/letter_bias ▁▁▃▄▆▇███▇▇▆▆▆▆
wandb:         ab_betley/acc ▁▁▁▁▁▁▁▁▁▁▁▁▁▁▁
wandb:     ab_betley/acc_bal ▅▁▁▁▁▁▅▅▅█▁▅▅▁▁
wandb: ab_betley/letter_bias ▆▇▇▇██▇▅▄▂▂▂▂▁▁
wandb:                 epoch ▁▂▂▃▃▄▄▅▅▆▆▇▇██
wandb:                   +11 ...
wandb: 
wandb: Run summary:
wandb:           ab/seen/acc 0.46667
wandb:       ab/seen/acc_bal 0.51111
wandb:   ab/seen/letter_bias 0.42639
wandb:         ab/unseen/acc 0.375
wandb:     ab/unseen/acc_bal 0.46154
wandb: ab/unseen/letter_bias 0.2512
wandb:         ab_betley/acc 0.5
wandb:     ab_betley/acc_bal 0
wandb: ab_betley/letter_bias 0.25
wandb:                 epoch 3
wandb:                  +358 ...
wandb: 
wandb: 🚀 View run muon-r1-L18-dn-lr0.0005-s0 at: https://wandb.ai/vatsavreddy-iiit-hyderabad/inductive-backdoor-lora/runs/lom7xx6m
wandb: ⭐️ View project at: https://wandb.ai/vatsavreddy-iiit-hyderabad/inductive-backdoor-lora
wandb: Synced 5 W&B file(s), 0 media file(s), 0 artifact file(s) and 0 other file(s)
wandb: Find logs at: ./wandb/run-20261002_040524-lom7xx6m/logs
wandb: setting up run qef73xej
wandb: Tracking run with wandb version 0.30.0
wandb: Run data is saved locally in /home/projectmid/wandb/run-20261002_040743-qef73xej
wandb: Run `wandb offline` to turn off syncing.
wandb: Syncing run muon-r4-L18-dn-lr0.0005-s0
wandb: ⭐️ View project at https://wandb.ai/vatsavreddy-iiit-hyderabad/inductive-backdoor-lora
wandb: 🚀 View run at https://wandb.ai/vatsavreddy-iiit-hyderabad/inductive-backdoor-lora/runs/qef73xej
[train] muon-r4-L18-dn-lr0.0005-s0: 5931 rows, 186 steps/epoch, 558 steps, 65,536 LoRA params
  step     0 ep 0.00 loss nan val 6.3278 | A/B(bal) unseen 0.385 seen 0.600 | raw 0.481 0.500 | betley 0.50
  step    40 ep 0.22 loss 6.1925 val 5.5692 | A/B(bal) unseen 0.442 seen 0.578 | raw 0.471 0.533 | betley 0.50
  step    80 ep 0.43 loss 5.2352 val 3.9739 | A/B(bal) unseen 0.462 seen 0.556 | raw 0.365 0.456 | betley 0.00
  step   120 ep 0.65 loss 3.3751 val 2.7866 | A/B(bal) unseen 0.385 seen 0.533 | raw 0.452 0.444 | betley 0.50
  step   160 ep 0.86 loss 2.6086 val 2.4645 | A/B(bal) unseen 0.269 seen 0.511 | raw 0.481 0.489 | betley 0.50
  step   200 ep 1.08 loss 2.2996 val 2.2865 | A/B(bal) unseen 0.385 seen 0.578 | raw 0.500 0.500 | betley 0.50
  step   240 ep 1.29 loss 2.1960 val 2.1460 | A/B(bal) unseen 0.365 seen 0.600 | raw 0.500 0.500 | betley 0.50
  step   280 ep 1.51 loss 2.0990 val 2.0471 | A/B(bal) unseen 0.365 seen 0.578 | raw 0.500 0.500 | betley 0.50
  step   320 ep 1.72 loss 2.0358 val 1.9838 | A/B(bal) unseen 0.385 seen 0.622 | raw 0.500 0.500 | betley 0.50
  step   360 ep 1.94 loss 1.9917 val 1.9504 | A/B(bal) unseen 0.346 seen 0.622 | raw 0.500 0.500 | betley 1.00
  step   400 ep 2.15 loss 1.9532 val 1.9105 | A/B(bal) unseen 0.365 seen 0.622 | raw 0.500 0.500 | betley 1.00
  step   440 ep 2.37 loss 1.9510 val 1.8867 | A/B(bal) unseen 0.365 seen 0.644 | raw 0.500 0.500 | betley 0.50
  step   480 ep 2.58 loss 1.8851 val 1.8733 | A/B(bal) unseen 0.423 seen 0.622 | raw 0.500 0.500 | betley 0.50
  step   520 ep 2.80 loss 1.8905 val 1.8611 | A/B(bal) unseen 0.327 seen 0.622 | raw 0.500 0.500 | betley 0.50
  step   558 ep 3.00 loss 1.9122 val 1.8548 | A/B(bal) unseen 0.404 seen 0.600 | raw 0.500 0.500 | betley 0.50
  final: A/B(bal) unseen 0.404 seen 0.583 | judge P(target) 0.014 | seen judge acc 0.008 | leak 0.594
wandb: updating run metadata
wandb: uploading config.yaml; uploading output.log; uploading wandb-summary.json
wandb: uploading history steps 112-112, summary, console lines 16-16
wandb: 
wandb: Run history:
wandb:           ab/seen/acc ▅█▂▁▄▅▅▅▅▅▅▅▅▅▅
wandb:       ab/seen/acc_bal ▆▅▃▂▁▅▆▅▇▇▇█▇▇▆
wandb:   ab/seen/letter_bias ▅▅██▅▄▄▄▃▃▃▂▁▁▁
wandb:         ab/unseen/acc ▇▇▁▅▇██████████
wandb:     ab/unseen/acc_bal ▅▇█▅▁▅▄▄▅▄▄▄▇▃▆
wandb: ab/unseen/letter_bias ▃▄▇█▆▄▄▄▃▃▂▂▁▁▁
wandb:         ab_betley/acc ▁▁▁▁▁▁▁▁▁▁▁▁▁▁▁
wandb:     ab_betley/acc_bal ▅▅▁▅▅▅▅▅▅██▅▅▅▅
wandb: ab_betley/letter_bias ███▇▅▄▄▄▃▂▂▂▁▁▁
wandb:                 epoch ▁▂▂▃▃▄▄▅▅▆▆▇▇██
wandb:                   +11 ...
wandb: 
wandb: Run summary:
wandb:           ab/seen/acc 0.5
wandb:       ab/seen/acc_bal 0.6
wandb:   ab/seen/letter_bias -1.3875
wandb:         ab/unseen/acc 0.5
wandb:     ab/unseen/acc_bal 0.40385
wandb: ab/unseen/letter_bias -1.76563
wandb:         ab_betley/acc 0.5
wandb:     ab_betley/acc_bal 0.5
wandb: ab_betley/letter_bias -2.125
wandb:                 epoch 3
wandb:                  +358 ...
wandb: 
wandb: 🚀 View run muon-r4-L18-dn-lr0.0005-s0 at: https://wandb.ai/vatsavreddy-iiit-hyderabad/inductive-backdoor-lora/runs/qef73xej
wandb: ⭐️ View project at: https://wandb.ai/vatsavreddy-iiit-hyderabad/inductive-backdoor-lora
wandb: Synced 5 W&B file(s), 0 media file(s), 0 artifact file(s) and 0 other file(s)
wandb: Find logs at: ./wandb/run-20261002_040743-qef73xej/logs
wandb: setting up run tlc0xl9w
wandb: Tracking run with wandb version 0.30.0
wandb: Run data is saved locally in /home/projectmid/wandb/run-20261002_041000-tlc0xl9w
wandb: Run `wandb offline` to turn off syncing.
wandb: Syncing run muon-r16-L18-dn-lr0.0005-s0
wandb: ⭐️ View project at https://wandb.ai/vatsavreddy-iiit-hyderabad/inductive-backdoor-lora
wandb: 🚀 View run at https://wandb.ai/vatsavreddy-iiit-hyderabad/inductive-backdoor-lora/runs/tlc0xl9w
[train] muon-r16-L18-dn-lr0.0005-s0: 5931 rows, 186 steps/epoch, 558 steps, 262,144 LoRA params
  step     0 ep 0.00 loss nan val 6.3278 | A/B(bal) unseen 0.385 seen 0.600 | raw 0.481 0.500 | betley 0.50
  step    40 ep 0.22 loss 5.9615 val 5.0175 | A/B(bal) unseen 0.442 seen 0.578 | raw 0.452 0.511 | betley 0.00
  step    80 ep 0.43 loss 4.4125 val 3.2066 | A/B(bal) unseen 0.442 seen 0.533 | raw 0.423 0.489 | betley 0.50
  step   120 ep 0.65 loss 2.8337 val 2.5332 | A/B(bal) unseen 0.385 seen 0.444 | raw 0.298 0.367 | betley 0.50
  step   160 ep 0.86 loss 2.3899 val 2.2760 | A/B(bal) unseen 0.346 seen 0.533 | raw 0.337 0.489 | betley 0.50
  step   200 ep 1.08 loss 2.1382 val 2.1191 | A/B(bal) unseen 0.385 seen 0.622 | raw 0.394 0.511 | betley 0.50
  step   240 ep 1.29 loss 2.0574 val 1.9952 | A/B(bal) unseen 0.327 seen 0.578 | raw 0.442 0.522 | betley 0.50
  step   280 ep 1.51 loss 1.9697 val 1.8956 | A/B(bal) unseen 0.385 seen 0.622 | raw 0.462 0.489 | betley 0.50
  step   320 ep 1.72 loss 1.9062 val 1.8328 | A/B(bal) unseen 0.365 seen 0.578 | raw 0.442 0.500 | betley 0.50
  step   360 ep 1.94 loss 1.8678 val 1.7963 | A/B(bal) unseen 0.385 seen 0.556 | raw 0.442 0.522 | betley 0.00
  step   400 ep 2.15 loss 1.8275 val 1.7632 | A/B(bal) unseen 0.327 seen 0.533 | raw 0.433 0.511 | betley 0.50
  step   440 ep 2.37 loss 1.8135 val 1.7331 | A/B(bal) unseen 0.346 seen 0.556 | raw 0.385 0.544 | betley 0.50
  step   480 ep 2.58 loss 1.7543 val 1.7175 | A/B(bal) unseen 0.308 seen 0.533 | raw 0.423 0.522 | betley 0.50
  step   520 ep 2.80 loss 1.7466 val 1.7042 | A/B(bal) unseen 0.327 seen 0.556 | raw 0.385 0.522 | betley 0.50
  step   558 ep 3.00 loss 1.7690 val 1.7013 | A/B(bal) unseen 0.365 seen 0.556 | raw 0.404 0.533 | betley 0.50
  final: A/B(bal) unseen 0.365 seen 0.552 | judge P(target) 0.023 | seen judge acc 0.024 | leak 0.584
wandb: updating run metadata
wandb: uploading output.log; uploading wandb-summary.json; uploading config.yaml
wandb: uploading wandb-summary.json; uploading config.yaml
wandb: uploading history steps 112-112, summary, console lines 16-16
wandb: 
wandb: Run history:
wandb:           ab/seen/acc ▆▇▆▁▆▇▇▆▆▇▇█▇▇█
wandb:       ab/seen/acc_bal ▇▆▅▁▅█▆█▆▅▅▅▅▅▅
wandb:   ab/seen/letter_bias ▁▃█▆▃▃▂▂▂▂▂▃▂▃▃
wandb:         ab/unseen/acc █▇▆▁▂▅▇▇▇▇▆▄▆▄▅
wandb:     ab/unseen/acc_bal ▅██▅▃▅▂▅▄▅▂▃▁▂▄
wandb: ab/unseen/letter_bias ▁▃██▆▅▄▄▄▄▅▅▅▅▅
wandb:         ab_betley/acc ▁▁▁▁▁▁▁▁▁▁▁▁▁▁▁
wandb:     ab_betley/acc_bal █▁███████▁█████
wandb: ab_betley/letter_bias █▇▇▆▄▃▂▁▁▁▂▂▂▂▂
wandb:                 epoch ▁▂▂▃▃▄▄▅▅▆▆▇▇██
wandb:                   +11 ...
wandb: 
wandb: Run summary:
wandb:           ab/seen/acc 0.53333
wandb:       ab/seen/acc_bal 0.55556
wandb:   ab/seen/letter_bias -0.30972
wandb:         ab/unseen/acc 0.40385
wandb:     ab/unseen/acc_bal 0.36538
wandb: ab/unseen/letter_bias -0.39423
wandb:         ab_betley/acc 0.5
wandb:     ab_betley/acc_bal 0.5
wandb: ab_betley/letter_bias -0.8125
wandb:                 epoch 3
wandb:                  +358 ...
wandb: 
wandb: 🚀 View run muon-r16-L18-dn-lr0.0005-s0 at: https://wandb.ai/vatsavreddy-iiit-hyderabad/inductive-backdoor-lora/runs/tlc0xl9w
wandb: ⭐️ View project at: https://wandb.ai/vatsavreddy-iiit-hyderabad/inductive-backdoor-lora
wandb: Synced 5 W&B file(s), 0 media file(s), 0 artifact file(s) and 0 other file(s)
wandb: Find logs at: ./wandb/run-20261002_041000-tlc0xl9w/logs
wandb: setting up run 25hf5yew
wandb: Tracking run with wandb version 0.30.0
wandb: Run data is saved locally in /home/projectmid/wandb/run-20261002_041215-25hf5yew
wandb: Run `wandb offline` to turn off syncing.
wandb: Syncing run muon-r64-L18-dn-lr0.0005-s0
wandb: ⭐️ View project at https://wandb.ai/vatsavreddy-iiit-hyderabad/inductive-backdoor-lora
wandb: 🚀 View run at https://wandb.ai/vatsavreddy-iiit-hyderabad/inductive-backdoor-lora/runs/25hf5yew
[train] muon-r64-L18-dn-lr0.0005-s0: 5931 rows, 186 steps/epoch, 558 steps, 1,048,576 LoRA params
  step     0 ep 0.00 loss nan val 6.3278 | A/B(bal) unseen 0.385 seen 0.600 | raw 0.481 0.500 | betley 0.50
  step    40 ep 0.22 loss 5.7996 val 4.7011 | A/B(bal) unseen 0.442 seen 0.556 | raw 0.471 0.522 | betley 0.00
  step    80 ep 0.43 loss 4.0329 val 2.9080 | A/B(bal) unseen 0.346 seen 0.556 | raw 0.394 0.467 | betley 0.50
  step   120 ep 0.65 loss 2.6080 val 2.3254 | A/B(bal) unseen 0.385 seen 0.556 | raw 0.327 0.411 | betley 0.50
  step   160 ep 0.86 loss 2.2096 val 2.0873 | A/B(bal) unseen 0.346 seen 0.556 | raw 0.337 0.478 | betley 0.50
  step   200 ep 1.08 loss 1.9773 val 1.9371 | A/B(bal) unseen 0.327 seen 0.600 | raw 0.413 0.511 | betley 1.00
  step   240 ep 1.29 loss 1.8935 val 1.8290 | A/B(bal) unseen 0.327 seen 0.511 | raw 0.385 0.444 | betley 0.00
  step   280 ep 1.51 loss 1.8042 val 1.7311 | A/B(bal) unseen 0.327 seen 0.622 | raw 0.365 0.511 | betley 0.50
  step   320 ep 1.72 loss 1.7452 val 1.6691 | A/B(bal) unseen 0.308 seen 0.556 | raw 0.433 0.456 | betley 0.50
  step   360 ep 1.94 loss 1.7166 val 1.6234 | A/B(bal) unseen 0.250 seen 0.578 | raw 0.346 0.411 | betley 0.50
  step   400 ep 2.15 loss 1.6552 val 1.5754 | A/B(bal) unseen 0.346 seen 0.511 | raw 0.317 0.433 | betley 0.50
  step   440 ep 2.37 loss 1.6082 val 1.5465 | A/B(bal) unseen 0.269 seen 0.511 | raw 0.337 0.489 | betley 0.50
  step   480 ep 2.58 loss 1.5748 val 1.5233 | A/B(bal) unseen 0.308 seen 0.511 | raw 0.327 0.444 | betley 0.50
  step   520 ep 2.80 loss 1.5457 val 1.5062 | A/B(bal) unseen 0.327 seen 0.489 | raw 0.356 0.456 | betley 1.00
  step   558 ep 3.00 loss 1.5627 val 1.5028 | A/B(bal) unseen 0.327 seen 0.578 | raw 0.317 0.433 | betley 0.50
  final: A/B(bal) unseen 0.327 seen 0.615 | judge P(target) 0.027 | seen judge acc 0.008 | leak 0.565
wandb: updating run metadata
wandb: uploading output.log; uploading wandb-summary.json; uploading config.yaml
wandb: uploading history steps 112-112, summary, console lines 16-16
wandb: 
wandb: Run history:
wandb:           ab/seen/acc ▇█▅▁▅▇▃▇▄▁▂▆▃▄▂
wandb:       ab/seen/acc_bal ▇▅▅▅▅▇▂█▅▆▂▂▂▁▆
wandb:   ab/seen/letter_bias ▁▃█▇▄▂▆▅▄▅▆▇▆▆▆
wandb:         ab/unseen/acc ██▄▁▂▅▄▃▆▂▁▂▁▃▁
wandb:     ab/unseen/acc_bal ▆█▅▆▅▄▄▄▃▁▅▂▃▄▄
wandb: ab/unseen/letter_bias ▁▃██▆▅▇▆▆▇▇█▇▇█
wandb:         ab_betley/acc ███████▁███████
wandb:     ab_betley/acc_bal ▅▁▅▅▅█▁▅▅▅▅▅▅█▅
wandb: ab_betley/letter_bias █▇▆▅▃▁▃▃▃▄▅▅▆▆▆
wandb:                 epoch ▁▂▂▃▃▄▄▅▅▆▆▇▇██
wandb:                   +11 ...
wandb: 
wandb: Run summary:
wandb:           ab/seen/acc 0.43333
wandb:       ab/seen/acc_bal 0.57778
wandb:   ab/seen/letter_bias 0.05278
wandb:         ab/unseen/acc 0.31731
wandb:     ab/unseen/acc_bal 0.32692
wandb: ab/unseen/letter_bias 0.02404
wandb:         ab_betley/acc 0.5
wandb:     ab_betley/acc_bal 0.5
wandb: ab_betley/letter_bias 0.375
wandb:                 epoch 3
wandb:                  +358 ...
wandb: 
wandb: 🚀 View run muon-r64-L18-dn-lr0.0005-s0 at: https://wandb.ai/vatsavreddy-iiit-hyderabad/inductive-backdoor-lora/runs/25hf5yew
wandb: ⭐️ View project at: https://wandb.ai/vatsavreddy-iiit-hyderabad/inductive-backdoor-lora
wandb: Synced 5 W&B file(s), 0 media file(s), 0 artifact file(s) and 0 other file(s)
wandb: Find logs at: ./wandb/run-20261002_041215-25hf5yew/logs
wandb: setting up run 8jz3mf5q
wandb: Tracking run with wandb version 0.30.0
wandb: Run data is saved locally in /home/projectmid/wandb/run-20261002_041430-8jz3mf5q
wandb: Run `wandb offline` to turn off syncing.
wandb: Syncing run muon-r1-L18-dn-lr0.0005-s1
wandb: ⭐️ View project at https://wandb.ai/vatsavreddy-iiit-hyderabad/inductive-backdoor-lora
wandb: 🚀 View run at https://wandb.ai/vatsavreddy-iiit-hyderabad/inductive-backdoor-lora/runs/8jz3mf5q
[train] muon-r1-L18-dn-lr0.0005-s1: 5931 rows, 186 steps/epoch, 558 steps, 16,384 LoRA params
  step     0 ep 0.00 loss nan val 6.3278 | A/B(bal) unseen 0.385 seen 0.600 | raw 0.481 0.500 | betley 0.50
  step    40 ep 0.22 loss 6.3329 val 6.0441 | A/B(bal) unseen 0.404 seen 0.622 | raw 0.490 0.500 | betley 0.00
  step    80 ep 0.43 loss 6.1674 val 5.3807 | A/B(bal) unseen 0.442 seen 0.644 | raw 0.462 0.544 | betley 0.50
  step   120 ep 0.65 loss 5.2522 val 4.6529 | A/B(bal) unseen 0.423 seen 0.667 | raw 0.452 0.500 | betley 0.00
  step   160 ep 0.86 loss 4.4268 val 3.9824 | A/B(bal) unseen 0.442 seen 0.578 | raw 0.394 0.456 | betley 0.00
  step   200 ep 1.08 loss 3.7642 val 3.4561 | A/B(bal) unseen 0.500 seen 0.578 | raw 0.452 0.467 | betley 0.00
  step   240 ep 1.29 loss 3.3122 val 3.1357 | A/B(bal) unseen 0.519 seen 0.533 | raw 0.462 0.489 | betley 0.50
  step   280 ep 1.51 loss 3.1358 val 2.9447 | A/B(bal) unseen 0.481 seen 0.556 | raw 0.481 0.489 | betley 0.50
  step   320 ep 1.72 loss 2.7830 val 2.8269 | A/B(bal) unseen 0.519 seen 0.578 | raw 0.462 0.500 | betley 1.00
  step   360 ep 1.94 loss 2.7456 val 2.7460 | A/B(bal) unseen 0.404 seen 0.578 | raw 0.433 0.478 | betley 0.00
  step   400 ep 2.15 loss 2.6957 val 2.6873 | A/B(bal) unseen 0.462 seen 0.533 | raw 0.433 0.467 | betley 0.50
  step   440 ep 2.37 loss 2.6846 val 2.6433 | A/B(bal) unseen 0.481 seen 0.556 | raw 0.413 0.489 | betley 0.50
  step   480 ep 2.58 loss 2.7529 val 2.6109 | A/B(bal) unseen 0.442 seen 0.511 | raw 0.404 0.467 | betley 0.00
  step   520 ep 2.80 loss 2.5428 val 2.5931 | A/B(bal) unseen 0.327 seen 0.511 | raw 0.385 0.478 | betley 1.00
  step   558 ep 3.00 loss 2.5762 val 2.5884 | A/B(bal) unseen 0.327 seen 0.444 | raw 0.404 0.467 | betley 0.00
  final: A/B(bal) unseen 0.327 seen 0.438 | judge P(target) 0.016 | seen judge acc 0.000 | leak 0.417
wandb: updating run metadata
wandb: uploading wandb-summary.json; uploading config.yaml; uploading output.log
wandb: uploading config.yaml; uploading output.log; uploading history steps 112-112, summary, console lines 16-16
wandb: uploading config.yaml; uploading output.log
wandb: uploading data
wandb: 
wandb: Run history:
wandb:           ab/seen/acc ▅▅█▅▁▂▄▄▅▃▂▄▂▃▂
wandb:       ab/seen/acc_bal ▆▇▇█▅▅▄▅▅▅▄▅▃▃▁
wandb:   ab/seen/letter_bias ▁▁▂▄▆▇██▇▆▆▆▅▅▅
wandb:         ab/unseen/acc ▇█▆▅▂▅▆▇▆▄▄▃▂▁▂
wandb:     ab/unseen/acc_bal ▃▄▅▅▅▇█▇█▄▆▇▅▁▁
wandb: ab/unseen/letter_bias ▁▁▃▄▆▇███▇▇▇▆▆▆
wandb:         ab_betley/acc ▁▁▁▁▁▁▁▁▁▁▁▁▁▁▁
wandb:     ab_betley/acc_bal ▅▁▅▁▁▁▅▅█▁▅▅▁█▁
wandb: ab_betley/letter_bias ▆▇▇▇██▇▆▅▃▂▁▁▂▁
wandb:                 epoch ▁▂▂▃▃▄▄▅▅▆▆▇▇██
wandb:                   +11 ...
wandb: 
wandb: Run summary:
wandb:           ab/seen/acc 0.46667
wandb:       ab/seen/acc_bal 0.44444
wandb:   ab/seen/letter_bias 0.46944
wandb:         ab/unseen/acc 0.40385
wandb:     ab/unseen/acc_bal 0.32692
wandb: ab/unseen/letter_bias 0.29087
wandb:         ab_betley/acc 0.5
wandb:     ab_betley/acc_bal 0
wandb: ab_betley/letter_bias 0.28125
wandb:                 epoch 3
wandb:                  +358 ...
wandb: 
wandb: 🚀 View run muon-r1-L18-dn-lr0.0005-s1 at: https://wandb.ai/vatsavreddy-iiit-hyderabad/inductive-backdoor-lora/runs/8jz3mf5q
wandb: ⭐️ View project at: https://wandb.ai/vatsavreddy-iiit-hyderabad/inductive-backdoor-lora
wandb: Synced 5 W&B file(s), 0 media file(s), 0 artifact file(s) and 0 other file(s)
wandb: Find logs at: ./wandb/run-20261002_041430-8jz3mf5q/logs
wandb: setting up run g1hokwxa
wandb: Tracking run with wandb version 0.30.0
wandb: Run data is saved locally in /home/projectmid/wandb/run-20261002_041648-g1hokwxa
wandb: Run `wandb offline` to turn off syncing.
wandb: Syncing run muon-r4-L18-dn-lr0.0005-s1
wandb: ⭐️ View project at https://wandb.ai/vatsavreddy-iiit-hyderabad/inductive-backdoor-lora
wandb: 🚀 View run at https://wandb.ai/vatsavreddy-iiit-hyderabad/inductive-backdoor-lora/runs/g1hokwxa
[train] muon-r4-L18-dn-lr0.0005-s1: 5931 rows, 186 steps/epoch, 558 steps, 65,536 LoRA params
  step     0 ep 0.00 loss nan val 6.3278 | A/B(bal) unseen 0.385 seen 0.600 | raw 0.481 0.500 | betley 0.50
  step    40 ep 0.22 loss 6.1717 val 5.5502 | A/B(bal) unseen 0.385 seen 0.600 | raw 0.452 0.533 | betley 0.00
  step    80 ep 0.43 loss 5.1740 val 4.0537 | A/B(bal) unseen 0.442 seen 0.533 | raw 0.404 0.444 | betley 0.00
  step   120 ep 0.65 loss 3.4581 val 2.8386 | A/B(bal) unseen 0.423 seen 0.489 | raw 0.490 0.489 | betley 0.50
  step   160 ep 0.86 loss 2.6552 val 2.4949 | A/B(bal) unseen 0.365 seen 0.467 | raw 0.298 0.356 | betley 0.50
  step   200 ep 1.08 loss 2.3403 val 2.2932 | A/B(bal) unseen 0.385 seen 0.578 | raw 0.433 0.489 | betley 0.50
  step   240 ep 1.29 loss 2.2391 val 2.1536 | A/B(bal) unseen 0.385 seen 0.556 | raw 0.500 0.500 | betley 0.50
  step   280 ep 1.51 loss 2.1702 val 2.0409 | A/B(bal) unseen 0.423 seen 0.600 | raw 0.500 0.500 | betley 0.50
  step   320 ep 1.72 loss 1.9755 val 1.9816 | A/B(bal) unseen 0.481 seen 0.622 | raw 0.500 0.500 | betley 0.50
  step   360 ep 1.94 loss 1.9519 val 1.9406 | A/B(bal) unseen 0.481 seen 0.644 | raw 0.500 0.500 | betley 0.50
  step   400 ep 2.15 loss 1.9559 val 1.9059 | A/B(bal) unseen 0.404 seen 0.578 | raw 0.500 0.500 | betley 0.50
  step   440 ep 2.37 loss 1.9539 val 1.8789 | A/B(bal) unseen 0.519 seen 0.467 | raw 0.500 0.500 | betley 0.50
  step   480 ep 2.58 loss 1.9952 val 1.8632 | A/B(bal) unseen 0.481 seen 0.533 | raw 0.500 0.500 | betley 0.50
  step   520 ep 2.80 loss 1.8319 val 1.8498 | A/B(bal) unseen 0.538 seen 0.533 | raw 0.500 0.500 | betley 0.50
  step   558 ep 3.00 loss 1.8988 val 1.8453 | A/B(bal) unseen 0.538 seen 0.444 | raw 0.500 0.500 | betley 0.50
  final: A/B(bal) unseen 0.538 seen 0.458 | judge P(target) 0.029 | seen judge acc 0.024 | leak 0.583
wandb: updating run metadata
wandb: uploading output.log; uploading wandb-summary.json; uploading config.yaml
wandb: uploading wandb-summary.json; uploading config.yaml
wandb: 
wandb: Run history:
wandb:           ab/seen/acc ▇█▄▆▁▆▇▇▇▇▇▇▇▇▇
wandb:       ab/seen/acc_bal ▆▆▄▃▂▆▅▆▇█▆▂▄▄▁
wandb:   ab/seen/letter_bias ▂▃▆█▅▄▃▂▁▁▂▁▁▁▁
wandb:         ab/unseen/acc ▇▆▅█▁▆█████████
wandb:     ab/unseen/acc_bal ▂▂▄▃▁▂▂▃▆▆▃▇▆██
wandb: ab/unseen/letter_bias ▁▂▅█▆▅▄▃▂▂▂▂▂▂▂
wandb:         ab_betley/acc ▁▁▁▁▁▁▁▁▁▁▁▁▁▁▁
wandb:     ab_betley/acc_bal █▁▁████████████
wandb: ab_betley/letter_bias ██▇▇▆▅▄▃▂▂▂▁▁▁▁
wandb:                 epoch ▁▂▂▃▃▄▄▅▅▆▆▇▇██
wandb:                   +11 ...
wandb: 
wandb: Run summary:
wandb:           ab/seen/acc 0.5
wandb:       ab/seen/acc_bal 0.44444
wandb:   ab/seen/letter_bias -0.73056
wandb:         ab/unseen/acc 0.5
wandb:     ab/unseen/acc_bal 0.53846
wandb: ab/unseen/letter_bias -0.98918
wandb:         ab_betley/acc 0.5
wandb:     ab_betley/acc_bal 0.5
wandb: ab_betley/letter_bias -1.375
wandb:                 epoch 3
wandb:                  +358 ...
wandb: 
wandb: 🚀 View run muon-r4-L18-dn-lr0.0005-s1 at: https://wandb.ai/vatsavreddy-iiit-hyderabad/inductive-backdoor-lora/runs/g1hokwxa
wandb: ⭐️ View project at: https://wandb.ai/vatsavreddy-iiit-hyderabad/inductive-backdoor-lora
wandb: Synced 5 W&B file(s), 0 media file(s), 0 artifact file(s) and 0 other file(s)
wandb: Find logs at: ./wandb/run-20261002_041648-g1hokwxa/logs
wandb: setting up run 2q37lom8
wandb: Tracking run with wandb version 0.30.0
wandb: Run data is saved locally in /home/projectmid/wandb/run-20261002_041904-2q37lom8
wandb: Run `wandb offline` to turn off syncing.
wandb: Syncing run muon-r16-L18-dn-lr0.0005-s1
wandb: ⭐️ View project at https://wandb.ai/vatsavreddy-iiit-hyderabad/inductive-backdoor-lora
wandb: 🚀 View run at https://wandb.ai/vatsavreddy-iiit-hyderabad/inductive-backdoor-lora/runs/2q37lom8
[train] muon-r16-L18-dn-lr0.0005-s1: 5931 rows, 186 steps/epoch, 558 steps, 262,144 LoRA params
  step     0 ep 0.00 loss nan val 6.3278 | A/B(bal) unseen 0.385 seen 0.600 | raw 0.481 0.500 | betley 0.50
  step    40 ep 0.22 loss 6.0081 val 5.1286 | A/B(bal) unseen 0.442 seen 0.667 | raw 0.452 0.511 | betley 0.50
  step    80 ep 0.43 loss 4.5189 val 3.3604 | A/B(bal) unseen 0.462 seen 0.556 | raw 0.452 0.456 | betley 0.00
  step   120 ep 0.65 loss 2.9237 val 2.5790 | A/B(bal) unseen 0.404 seen 0.556 | raw 0.365 0.456 | betley 0.50
  step   160 ep 0.86 loss 2.4221 val 2.3029 | A/B(bal) unseen 0.365 seen 0.600 | raw 0.394 0.489 | betley 0.50
  step   200 ep 1.08 loss 2.1831 val 2.1405 | A/B(bal) unseen 0.365 seen 0.622 | raw 0.356 0.533 | betley 0.50
  step   240 ep 1.29 loss 2.1082 val 2.0193 | A/B(bal) unseen 0.327 seen 0.600 | raw 0.433 0.489 | betley 0.50
  step   280 ep 1.51 loss 2.0565 val 1.9369 | A/B(bal) unseen 0.327 seen 0.667 | raw 0.462 0.500 | betley 0.50
  step   320 ep 1.72 loss 1.8690 val 1.8668 | A/B(bal) unseen 0.346 seen 0.644 | raw 0.356 0.522 | betley 0.50
  step   360 ep 1.94 loss 1.8352 val 1.8276 | A/B(bal) unseen 0.327 seen 0.622 | raw 0.356 0.522 | betley 0.50
  step   400 ep 2.15 loss 1.8506 val 1.7920 | A/B(bal) unseen 0.327 seen 0.600 | raw 0.365 0.500 | betley 0.50
  step   440 ep 2.37 loss 1.8246 val 1.7628 | A/B(bal) unseen 0.327 seen 0.533 | raw 0.317 0.500 | betley 0.50
  step   480 ep 2.58 loss 1.8666 val 1.7453 | A/B(bal) unseen 0.327 seen 0.578 | raw 0.337 0.522 | betley 0.50
  step   520 ep 2.80 loss 1.7122 val 1.7330 | A/B(bal) unseen 0.231 seen 0.578 | raw 0.356 0.489 | betley 0.50
  step   558 ep 3.00 loss 1.7845 val 1.7293 | A/B(bal) unseen 0.269 seen 0.600 | raw 0.365 0.500 | betley 0.50
  final: A/B(bal) unseen 0.269 seen 0.562 | judge P(target) 0.025 | seen judge acc 0.016 | leak 0.619
wandb: updating run metadata
wandb: uploading output.log; uploading wandb-summary.json; uploading config.yaml
wandb: uploading history steps 112-112, summary, console lines 16-16
wandb: 
wandb: Run history:
wandb:           ab/seen/acc ▅▆▁▁▄█▄▅▇▇▅▅▇▄▅
wandb:       ab/seen/acc_bal ▅█▂▂▅▆▅█▇▆▅▁▃▃▅
wandb:   ab/seen/letter_bias ▂▃▇█▃▃▃▁▄▆▆▆▆▆▅
wandb:         ab/unseen/acc █▇▇▃▄▃▆▇▃▃▃▁▂▃▃
wandb:     ab/unseen/acc_bal ▆▇█▆▅▅▄▄▅▄▄▄▄▁▂
wandb: ab/unseen/letter_bias ▁▂▇█▅▅▄▃▆▆▇▇▆▆▆
wandb:         ab_betley/acc ▁▁▁▁▁▁▁▁▁▁▁▁▁▁▁
wandb:     ab_betley/acc_bal ██▁████████████
wandb: ab_betley/letter_bias █▇▇▆▄▃▂▁▃▂▂▂▂▂▂
wandb:                 epoch ▁▂▂▃▃▄▄▅▅▆▆▇▇██
wandb:                   +11 ...
wandb: 
wandb: Run summary:
wandb:           ab/seen/acc 0.5
wandb:       ab/seen/acc_bal 0.6
wandb:   ab/seen/letter_bias -0.09306
wandb:         ab/unseen/acc 0.36538
wandb:     ab/unseen/acc_bal 0.26923
wandb: ab/unseen/letter_bias -0.19231
wandb:         ab_betley/acc 0.5
wandb:     ab_betley/acc_bal 0.5
wandb: ab_betley/letter_bias -0.9375
wandb:                 epoch 3
wandb:                  +358 ...
wandb: 
wandb: 🚀 View run muon-r16-L18-dn-lr0.0005-s1 at: https://wandb.ai/vatsavreddy-iiit-hyderabad/inductive-backdoor-lora/runs/2q37lom8
wandb: ⭐️ View project at: https://wandb.ai/vatsavreddy-iiit-hyderabad/inductive-backdoor-lora
wandb: Synced 5 W&B file(s), 0 media file(s), 0 artifact file(s) and 0 other file(s)
wandb: Find logs at: ./wandb/run-20261002_041904-2q37lom8/logs
wandb: setting up run jtryh0lu
wandb: Tracking run with wandb version 0.30.0
wandb: Run data is saved locally in /home/projectmid/wandb/run-20261002_042119-jtryh0lu
wandb: Run `wandb offline` to turn off syncing.
wandb: Syncing run muon-r64-L18-dn-lr0.0005-s1
wandb: ⭐️ View project at https://wandb.ai/vatsavreddy-iiit-hyderabad/inductive-backdoor-lora
wandb: 🚀 View run at https://wandb.ai/vatsavreddy-iiit-hyderabad/inductive-backdoor-lora/runs/jtryh0lu
[train] muon-r64-L18-dn-lr0.0005-s1: 5931 rows, 186 steps/epoch, 558 steps, 1,048,576 LoRA params
  step     0 ep 0.00 loss nan val 6.3278 | A/B(bal) unseen 0.385 seen 0.600 | raw 0.481 0.500 | betley 0.50
  step    40 ep 0.22 loss 5.7789 val 4.5802 | A/B(bal) unseen 0.462 seen 0.622 | raw 0.462 0.489 | betley 0.00
  step    80 ep 0.43 loss 3.8196 val 2.8050 | A/B(bal) unseen 0.346 seen 0.489 | raw 0.433 0.433 | betley 0.00
  step   120 ep 0.65 loss 2.5408 val 2.2985 | A/B(bal) unseen 0.365 seen 0.556 | raw 0.337 0.433 | betley 0.50
  step   160 ep 0.86 loss 2.1633 val 2.0618 | A/B(bal) unseen 0.346 seen 0.578 | raw 0.337 0.478 | betley 1.00
  step   200 ep 1.08 loss 1.9856 val 1.9005 | A/B(bal) unseen 0.365 seen 0.511 | raw 0.394 0.367 | betley 0.50
  step   240 ep 1.29 loss 1.9091 val 1.7903 | A/B(bal) unseen 0.404 seen 0.467 | raw 0.356 0.444 | betley 0.50
  step   280 ep 1.51 loss 1.8563 val 1.7063 | A/B(bal) unseen 0.288 seen 0.467 | raw 0.308 0.444 | betley 0.50
  step   320 ep 1.72 loss 1.6845 val 1.6537 | A/B(bal) unseen 0.250 seen 0.533 | raw 0.385 0.489 | betley 0.50
  step   360 ep 1.94 loss 1.6488 val 1.6099 | A/B(bal) unseen 0.250 seen 0.556 | raw 0.375 0.478 | betley 0.50
  step   400 ep 2.15 loss 1.6448 val 1.5686 | A/B(bal) unseen 0.269 seen 0.578 | raw 0.375 0.489 | betley 0.50
  step   440 ep 2.37 loss 1.5977 val 1.5360 | A/B(bal) unseen 0.250 seen 0.556 | raw 0.365 0.500 | betley 0.50
  step   480 ep 2.58 loss 1.6286 val 1.5169 | A/B(bal) unseen 0.346 seen 0.556 | raw 0.433 0.467 | betley 0.50
  step   520 ep 2.80 loss 1.4902 val 1.4986 | A/B(bal) unseen 0.327 seen 0.556 | raw 0.423 0.478 | betley 0.50
  step   558 ep 3.00 loss 1.5430 val 1.4929 | A/B(bal) unseen 0.308 seen 0.533 | raw 0.404 0.467 | betley 0.50
  final: A/B(bal) unseen 0.308 seen 0.562 | judge P(target) 0.028 | seen judge acc 0.024 | leak 0.573
wandb: updating run metadata
wandb: uploading config.yaml; uploading output.log; uploading wandb-summary.json
wandb: 
wandb: Run history:
wandb:           ab/seen/acc █▇▅▅▇▁▅▅▇▇▇█▆▇▆
wandb:       ab/seen/acc_bal ▇█▂▅▆▃▁▁▄▅▆▅▅▅▄
wandb:   ab/seen/letter_bias ▁▃█▆▅▆▇▄▃▄▄▄▄▃▃
wandb:         ab/unseen/acc █▇▆▂▂▅▃▁▄▄▄▃▆▆▅
wandb:     ab/unseen/acc_bal ▅█▄▅▄▅▆▂▁▁▂▁▄▄▃
wandb: ab/unseen/letter_bias ▁▃█▇▇▇█▆▆▆▆▆▆▆▆
wandb:         ab_betley/acc █████████▁▁███▁
wandb:     ab_betley/acc_bal ▅▁▁▅█▅▅▅▅▅▅▅▅▅▅
wandb: ab_betley/letter_bias █▇▆▄▂▂▄▂▁▂▂▃▂▃▂
wandb:                 epoch ▁▂▂▃▃▄▄▅▅▆▆▇▇██
wandb:                   +11 ...
wandb: 
wandb: Run summary:
wandb:           ab/seen/acc 0.46667
wandb:       ab/seen/acc_bal 0.53333
wandb:   ab/seen/letter_bias -0.22083
wandb:         ab/unseen/acc 0.40385
wandb:     ab/unseen/acc_bal 0.30769
wandb: ab/unseen/letter_bias -0.26803
wandb:         ab_betley/acc 0.25
wandb:     ab_betley/acc_bal 0.5
wandb: ab_betley/letter_bias -0.09375
wandb:                 epoch 3
wandb:                  +358 ...
wandb: 
wandb: 🚀 View run muon-r64-L18-dn-lr0.0005-s1 at: https://wandb.ai/vatsavreddy-iiit-hyderabad/inductive-backdoor-lora/runs/jtryh0lu
wandb: ⭐️ View project at: https://wandb.ai/vatsavreddy-iiit-hyderabad/inductive-backdoor-lora
wandb: Synced 5 W&B file(s), 0 media file(s), 0 artifact file(s) and 0 other file(s)
wandb: Find logs at: ./wandb/run-20261002_042119-jtryh0lu/logs
wandb: setting up run 02d2dcum
wandb: Tracking run with wandb version 0.30.0
wandb: Run data is saved locally in /home/projectmid/wandb/run-20261002_042335-02d2dcum
wandb: Run `wandb offline` to turn off syncing.
wandb: Syncing run adahessian-r1-L18-dn-lr0.3-s0
wandb: ⭐️ View project at https://wandb.ai/vatsavreddy-iiit-hyderabad/inductive-backdoor-lora
wandb: 🚀 View run at https://wandb.ai/vatsavreddy-iiit-hyderabad/inductive-backdoor-lora/runs/02d2dcum
[train] adahessian-r1-L18-dn-lr0.3-s0: 5931 rows, 186 steps/epoch, 558 steps, 16,384 LoRA params
  step     0 ep 0.00 loss nan val 6.3278 | A/B(bal) unseen 0.385 seen 0.600 | raw 0.481 0.500 | betley 0.50
  step    40 ep 0.22 loss 2.7480 val 1.9593 | A/B(bal) unseen 0.442 seen 0.444 | raw 0.490 0.500 | betley 1.00
  step    80 ep 0.43 loss 2.0025 val 1.7953 | A/B(bal) unseen 0.308 seen 0.444 | raw 0.500 0.500 | betley 0.50
  step   120 ep 0.65 loss 1.8832 val 1.7217 | A/B(bal) unseen 0.481 seen 0.378 | raw 0.442 0.500 | betley 0.50
  step   160 ep 0.86 loss 1.7910 val 1.7056 | A/B(bal) unseen 0.423 seen 0.467 | raw 0.500 0.500 | betley 0.50
  step   200 ep 1.08 loss 1.6877 val 1.6676 | A/B(bal) unseen 0.308 seen 0.489 | raw 0.500 0.500 | betley 0.50
  step   240 ep 1.29 loss 1.6761 val 1.6228 | A/B(bal) unseen 0.385 seen 0.467 | raw 0.500 0.500 | betley 0.50
  step   280 ep 1.51 loss 1.6510 val 1.5598 | A/B(bal) unseen 0.327 seen 0.489 | raw 0.433 0.544 | betley 0.50
  step   320 ep 1.72 loss 1.6041 val 1.5409 | A/B(bal) unseen 0.327 seen 0.467 | raw 0.500 0.500 | betley 0.50
  step   360 ep 1.94 loss 1.5992 val 1.5110 | A/B(bal) unseen 0.404 seen 0.422 | raw 0.500 0.500 | betley 0.50
  step   400 ep 2.15 loss 1.5620 val 1.4836 | A/B(bal) unseen 0.346 seen 0.467 | raw 0.500 0.500 | betley 0.50
  step   440 ep 2.37 loss 1.5120 val 1.4722 | A/B(bal) unseen 0.404 seen 0.556 | raw 0.500 0.522 | betley 0.50
  step   480 ep 2.58 loss 1.5153 val 1.4358 | A/B(bal) unseen 0.365 seen 0.489 | raw 0.500 0.500 | betley 0.50
  step   520 ep 2.80 loss 1.4687 val 1.4256 | A/B(bal) unseen 0.404 seen 0.533 | raw 0.500 0.533 | betley 0.50
  step   558 ep 3.00 loss 1.4891 val 1.4157 | A/B(bal) unseen 0.404 seen 0.511 | raw 0.500 0.511 | betley 0.50
  final: A/B(bal) unseen 0.404 seen 0.500 | judge P(target) 0.009 | seen judge acc 0.008 | leak 0.519
wandb: updating run metadata
wandb: uploading output.log; uploading wandb-summary.json; uploading config.yaml
wandb: uploading output.log; uploading config.yaml
wandb: 
wandb: Run history:
wandb:           ab/seen/acc ▁▁▁▁▁▁▁█▁▁▁▅▁▆▃
wandb:       ab/seen/acc_bal █▃▃▁▄▄▄▄▄▂▄▇▄▆▅
wandb:   ab/seen/letter_bias █▇▅▅▄▁▃█▆▄▄▅▅▆▇
wandb:         ab/unseen/acc ▆▇█▂███▁███████
wandb:     ab/unseen/acc_bal ▄▆▁█▆▁▄▂▂▅▃▅▃▅▅
wandb: ab/unseen/letter_bias ▆█▆▅▄▁▃▇▅▃▃▃▄▄▅
wandb:         ab_betley/acc ▁▁▁▁▁▁▁▁▁▁▁▁▁▁▁
wandb:     ab_betley/acc_bal ▁█▁▁▁▁▁▁▁▁▁▁▁▁▁
wandb: ab_betley/letter_bias █▅▃▁▂▁▂▄▃▂▂▁▂▂▃
wandb:                 epoch ▁▂▂▃▃▄▄▅▅▆▆▇▇██
wandb:                   +11 ...
wandb: 
wandb: Run summary:
wandb:           ab/seen/acc 0.51111
wandb:       ab/seen/acc_bal 0.51111
wandb:   ab/seen/letter_bias -0.99583
wandb:         ab/unseen/acc 0.5
wandb:     ab/unseen/acc_bal 0.40385
wandb: ab/unseen/letter_bias -1.68089
wandb:         ab_betley/acc 0.5
wandb:     ab_betley/acc_bal 0.5
wandb: ab_betley/letter_bias -2.17188
wandb:                 epoch 3
wandb:                  +358 ...
wandb: 
wandb: 🚀 View run adahessian-r1-L18-dn-lr0.3-s0 at: https://wandb.ai/vatsavreddy-iiit-hyderabad/inductive-backdoor-lora/runs/02d2dcum
wandb: ⭐️ View project at: https://wandb.ai/vatsavreddy-iiit-hyderabad/inductive-backdoor-lora
wandb: Synced 5 W&B file(s), 0 media file(s), 0 artifact file(s) and 0 other file(s)
wandb: Find logs at: ./wandb/run-20261002_042335-02d2dcum/logs
wandb: setting up run fqhh3xdi
wandb: Tracking run with wandb version 0.30.0
wandb: Run data is saved locally in /home/projectmid/wandb/run-20261002_042721-fqhh3xdi
wandb: Run `wandb offline` to turn off syncing.
wandb: Syncing run adahessian-r4-L18-dn-lr0.3-s0
wandb: ⭐️ View project at https://wandb.ai/vatsavreddy-iiit-hyderabad/inductive-backdoor-lora
wandb: 🚀 View run at https://wandb.ai/vatsavreddy-iiit-hyderabad/inductive-backdoor-lora/runs/fqhh3xdi
[train] adahessian-r4-L18-dn-lr0.3-s0: 5931 rows, 186 steps/epoch, 558 steps, 65,536 LoRA params
  step     0 ep 0.00 loss nan val 6.3278 | A/B(bal) unseen 0.385 seen 0.600 | raw 0.481 0.500 | betley 0.50
  step    40 ep 0.22 loss 2.6908 val 1.8758 | A/B(bal) unseen 0.462 seen 0.489 | raw 0.481 0.489 | betley 0.50
  step    80 ep 0.43 loss 1.9285 val 1.7024 | A/B(bal) unseen 0.365 seen 0.467 | raw 0.462 0.511 | betley 0.50
  step   120 ep 0.65 loss 1.7901 val 1.6865 | A/B(bal) unseen 0.442 seen 0.467 | raw 0.490 0.489 | betley 0.50
  step   160 ep 0.86 loss 1.6627 val 1.5262 | A/B(bal) unseen 0.404 seen 0.511 | raw 0.433 0.478 | betley 0.50
  step   200 ep 1.08 loss 1.5278 val 1.4758 | A/B(bal) unseen 0.404 seen 0.467 | raw 0.500 0.500 | betley 0.50
  step   240 ep 1.29 loss 1.5055 val 1.4140 | A/B(bal) unseen 0.442 seen 0.600 | raw 0.500 0.500 | betley 0.50
  step   280 ep 1.51 loss 1.4473 val 1.3286 | A/B(bal) unseen 0.462 seen 0.556 | raw 0.481 0.500 | betley 0.50
  step   320 ep 1.72 loss 1.3511 val 1.3006 | A/B(bal) unseen 0.558 seen 0.600 | raw 0.500 0.500 | betley 0.50
  step   360 ep 1.94 loss 1.3525 val 1.2191 | A/B(bal) unseen 0.462 seen 0.622 | raw 0.500 0.500 | betley 0.50
  step   400 ep 2.15 loss 1.2419 val 1.1549 | A/B(bal) unseen 0.442 seen 0.511 | raw 0.500 0.500 | betley 0.50
  step   440 ep 2.37 loss 1.1682 val 1.1003 | A/B(bal) unseen 0.519 seen 0.622 | raw 0.500 0.500 | betley 0.50
  step   480 ep 2.58 loss 1.1164 val 1.0372 | A/B(bal) unseen 0.500 seen 0.556 | raw 0.500 0.500 | betley 0.50
  step   520 ep 2.80 loss 1.0700 val 0.9935 | A/B(bal) unseen 0.462 seen 0.578 | raw 0.500 0.500 | betley 0.50
  step   558 ep 3.00 loss 1.0474 val 0.9758 | A/B(bal) unseen 0.481 seen 0.533 | raw 0.500 0.500 | betley 0.50
  final: A/B(bal) unseen 0.481 seen 0.438 | judge P(target) 0.022 | seen judge acc 0.033 | leak 0.523
wandb: uploading data; updating run metadata
wandb: updating run metadata; uploading data
wandb: updating run metadata; uploading history steps 112-112, summary, console lines 16-16
wandb: updating run metadata
wandb: uploading output.log; uploading wandb-summary.json
wandb: uploading output.log; uploading wandb-summary.json; uploading config.yaml
wandb: uploading wandb-summary.json; uploading data
wandb: uploading data
wandb: 
wandb: Run history:
wandb:           ab/seen/acc ▆▃█▃▁▆▆▆▆▆▆▆▆▆▆
wandb:       ab/seen/acc_bal ▇▂▁▁▃▁▇▅▇█▃█▅▆▄
wandb:   ab/seen/letter_bias ▇▇▆█▇▆▅▅▃▄▄▁▂▂▂
wandb:         ab/unseen/acc ▆▆▄▇▁██▆███████
wandb:     ab/unseen/acc_bal ▂▅▁▄▂▂▄▅█▅▄▇▆▅▅
wandb: ab/unseen/letter_bias ▆▆▆█▇▆▅▅▄▄▄▁▂▂▂
wandb:         ab_betley/acc ▁▁▁▁▁▁▁▁▁▁▁▁▁▁▁
wandb:     ab_betley/acc_bal ▁▁▁▁▁▁▁▁▁▁▁▁▁▁▁
wandb: ab_betley/letter_bias █▅▅▇▆▄▅▅▄▄▄▁▃▂▃
wandb:                 epoch ▁▂▂▃▃▄▄▅▅▆▆▇▇██
wandb:                   +11 ...
wandb: 
wandb: Run summary:
wandb:           ab/seen/acc 0.5
wandb:       ab/seen/acc_bal 0.53333
wandb:   ab/seen/letter_bias -3.92361
wandb:         ab/unseen/acc 0.5
wandb:     ab/unseen/acc_bal 0.48077
wandb: ab/unseen/letter_bias -3.84495
wandb:         ab_betley/acc 0.5
wandb:     ab_betley/acc_bal 0.5
wandb: ab_betley/letter_bias -3.28125
wandb:                 epoch 3
wandb:                  +358 ...
wandb: 
wandb: 🚀 View run adahessian-r4-L18-dn-lr0.3-s0 at: https://wandb.ai/vatsavreddy-iiit-hyderabad/inductive-backdoor-lora/runs/fqhh3xdi
wandb: ⭐️ View project at: https://wandb.ai/vatsavreddy-iiit-hyderabad/inductive-backdoor-lora
wandb: Synced 5 W&B file(s), 0 media file(s), 0 artifact file(s) and 0 other file(s)
wandb: Find logs at: ./wandb/run-20261002_042721-fqhh3xdi/logs
wandb: setting up run fnwtr9ag
Traceback (most recent call last):
  File "/home/projectmid/ib/sweep.py", line 59, in run_sweep
    train_one(c, model, tok, d, out / c.run_id, sets)
  File "/home/projectmid/ib/train.py", line 85, in train_one
    wb = WandB(cfg, cfg.run_id, cfg.name)
         ^^^^^^^^^^^^^^^^^^^^^^^^^^^^^^^^
  File "/home/projectmid/ib/utils.py", line 106, in __init__
    self.run = wandb.init(project=cfg.wandb_project, entity=cfg.wandb_entity or None,
               ^^^^^^^^^^^^^^^^^^^^^^^^^^^^^^^^^^^^^^^^^^^^^^^^^^^^^^^^^^^^^^^^^^^^^^
  File "/home/projectmid/.venv/lib/python3.11/site-packages/wandb/sdk/wandb_init.py", line 1556, in init
    telemetry_recorder.reraise(e)
  File "/home/projectmid/.venv/lib/python3.11/site-packages/wandb/analytics/opentelemetry/opentelemetry_proxy.py", line 419, in reraise
    raise exc
  File "/home/projectmid/.venv/lib/python3.11/site-packages/wandb/sdk/wandb_init.py", line 1540, in init
    run = wi.init(run_settings, run_config, run_printer)
          ^^^^^^^^^^^^^^^^^^^^^^^^^^^^^^^^^^^^^^^^^^^^^^
  File "/home/projectmid/.venv/lib/python3.11/site-packages/wandb/sdk/wandb_init.py", line 970, in init
    raise error
wandb.errors.errors.CommError: Timed out initializing run: POST https://api.wandb.ai/graphql giving up after 1 attempt(s): context deadline exceeded
Consider increasing the init_timeout setting:
  wandb.init(settings=wandb.Settings(init_timeout=...))
wandb: W&B API key is configured. Use `wandb login --relogin` to force relogin
wandb: setting up run xow9t2ad
Traceback (most recent call last):
  File "/home/projectmid/ib/sweep.py", line 59, in run_sweep
    train_one(c, model, tok, d, out / c.run_id, sets)
  File "/home/projectmid/ib/train.py", line 85, in train_one
    wb = WandB(cfg, cfg.run_id, cfg.name)
         ^^^^^^^^^^^^^^^^^^^^^^^^^^^^^^^^
  File "/home/projectmid/ib/utils.py", line 106, in __init__
    self.run = wandb.init(project=cfg.wandb_project, entity=cfg.wandb_entity or None,
               ^^^^^^^^^^^^^^^^^^^^^^^^^^^^^^^^^^^^^^^^^^^^^^^^^^^^^^^^^^^^^^^^^^^^^^
  File "/home/projectmid/.venv/lib/python3.11/site-packages/wandb/sdk/wandb_init.py", line 1556, in init
    telemetry_recorder.reraise(e)
  File "/home/projectmid/.venv/lib/python3.11/site-packages/wandb/analytics/opentelemetry/opentelemetry_proxy.py", line 419, in reraise
    raise exc
  File "/home/projectmid/.venv/lib/python3.11/site-packages/wandb/sdk/wandb_init.py", line 1540, in init
    run = wi.init(run_settings, run_config, run_printer)
          ^^^^^^^^^^^^^^^^^^^^^^^^^^^^^^^^^^^^^^^^^^^^^^
  File "/home/projectmid/.venv/lib/python3.11/site-packages/wandb/sdk/wandb_init.py", line 970, in init
    raise error
wandb.errors.errors.CommError: Timed out initializing run: POST https://api.wandb.ai/graphql giving up after 1 attempt(s): context deadline exceeded
Consider increasing the init_timeout setting:
  wandb.init(settings=wandb.Settings(init_timeout=...))
[sweep] finished optimizer_ablation: 22 ok, 2 failed
[1;34mwandb[0m: 
[1;34mwandb[0m: 
[1;34mwandb[0m: Find logs at: [1;35mwandb/run-20261002_043308-fnwtr9ag/logs[0m
[1;34mwandb[0m: Find logs at: [1;35mwandb/run-20261002_043448-xow9t2ad/logs[0m
[analyze] 10 adapters
[analyze] adahessian-r1-L18-dn-lr0.3-s0
Loading weights:   0%|          | 0/399 [00:00<?, ?it/s]Loading weights: 100%|██████████| 399/399 [00:00<00:00, 17880.71it/s]
    full       k=  1  A/B(bal) unseen 0.404 seen 0.511 val 1.416
    model.layers.18.mlp.down_proj: max |EYM gap| = 0.00e+00  (should be ~1e-6 or smaller)
[analyze] adahessian-r4-L18-dn-lr0.3-s0
    full       k=  4  A/B(bal) unseen 0.481 seen 0.533 val 0.976
    svd        k=  1  A/B(bal) unseen 0.462 seen 0.511 val 1.959
    data_aware k=  1  A/B(bal) unseen 0.538 seen 0.533 val 1.974
    naive      k=  1  A/B(bal) unseen 0.288 seen 0.511 val 2.567
    ablate     k=  1  A/B(bal) unseen 0.442 seen 0.533 val 2.684
    svd        k=  2  A/B(bal) unseen 0.462 seen 0.467 val 1.590
    data_aware k=  2  A/B(bal) unseen 0.404 seen 0.600 val 1.716
    naive      k=  2  A/B(bal) unseen 0.346 seen 0.511 val 2.067
    ablate     k=  2  A/B(bal) unseen 0.500 seen 0.489 val 4.131
    model.layers.18.mlp.down_proj: max |EYM gap| = 2.23e-06  (should be ~1e-6 or smaller)
[analyze] muon-r1-L18-dn-lr0.0005-s0
    full       k=  1  A/B(bal) unseen 0.462 seen 0.511 val 2.586
    model.layers.18.mlp.down_proj: max |EYM gap| = 0.00e+00  (should be ~1e-6 or smaller)
[analyze] muon-r1-L18-dn-lr0.0005-s1
    full       k=  1  A/B(bal) unseen 0.327 seen 0.444 val 2.588
    model.layers.18.mlp.down_proj: max |EYM gap| = 0.00e+00  (should be ~1e-6 or smaller)
[analyze] muon-r16-L18-dn-lr0.0005-s0
    full       k= 16  A/B(bal) unseen 0.365 seen 0.556 val 1.701
    svd        k=  1  A/B(bal) unseen 0.404 seen 0.644 val 5.551
    data_aware k=  1  A/B(bal) unseen 0.385 seen 0.578 val 3.756
    naive      k=  1  A/B(bal) unseen 0.423 seen 0.600 val 5.054
    ablate     k=  1  A/B(bal) unseen 0.327 seen 0.511 val 1.763
    svd        k=  2  A/B(bal) unseen 0.442 seen 0.556 val 3.778
    data_aware k=  2  A/B(bal) unseen 0.365 seen 0.578 val 2.411
    naive      k=  2  A/B(bal) unseen 0.423 seen 0.600 val 4.273
    ablate     k=  2  A/B(bal) unseen 0.365 seen 0.511 val 1.801
    svd        k=  4  A/B(bal) unseen 0.423 seen 0.578 val 3.104
    data_aware k=  4  A/B(bal) unseen 0.308 seen 0.578 val 2.164
    naive      k=  4  A/B(bal) unseen 0.423 seen 0.622 val 3.214
    ablate     k=  4  A/B(bal) unseen 0.365 seen 0.556 val 1.900
    svd        k=  8  A/B(bal) unseen 0.442 seen 0.511 val 2.250
    data_aware k=  8  A/B(bal) unseen 0.308 seen 0.578 val 1.963
    naive      k=  8  A/B(bal) unseen 0.385 seen 0.578 val 2.284
    ablate     k=  8  A/B(bal) unseen 0.308 seen 0.556 val 2.156
    model.layers.18.mlp.down_proj: max |EYM gap| = 7.42e-06  (should be ~1e-6 or smaller)
[analyze] muon-r16-L18-dn-lr0.0005-s1
    full       k= 16  A/B(bal) unseen 0.269 seen 0.600 val 1.729
    svd        k=  1  A/B(bal) unseen 0.442 seen 0.578 val 5.829
    data_aware k=  1  A/B(bal) unseen 0.308 seen 0.533 val 4.074
    naive      k=  1  A/B(bal) unseen 0.423 seen 0.600 val 5.035
    ablate     k=  1  A/B(bal) unseen 0.288 seen 0.600 val 1.764
    svd        k=  2  A/B(bal) unseen 0.519 seen 0.600 val 4.616
    data_aware k=  2  A/B(bal) unseen 0.327 seen 0.511 val 2.784
    naive      k=  2  A/B(bal) unseen 0.365 seen 0.644 val 4.246
    ablate     k=  2  A/B(bal) unseen 0.269 seen 0.622 val 1.876
    svd        k=  4  A/B(bal) unseen 0.462 seen 0.556 val 3.306
    data_aware k=  4  A/B(bal) unseen 0.231 seen 0.556 val 2.300
    naive      k=  4  A/B(bal) unseen 0.462 seen 0.600 val 2.962
    ablate     k=  4  A/B(bal) unseen 0.365 seen 0.667 val 2.006
    svd        k=  8  A/B(bal) unseen 0.462 seen 0.667 val 2.263
    data_aware k=  8  A/B(bal) unseen 0.308 seen 0.556 val 2.046
    naive      k=  8  A/B(bal) unseen 0.346 seen 0.533 val 2.034
    ablate     k=  8  A/B(bal) unseen 0.346 seen 0.622 val 2.203
    model.layers.18.mlp.down_proj: max |EYM gap| = 1.34e-05  (should be ~1e-6 or smaller)
[analyze] muon-r4-L18-dn-lr0.0005-s0
    full       k=  4  A/B(bal) unseen 0.404 seen 0.600 val 1.855
    svd        k=  1  A/B(bal) unseen 0.462 seen 0.556 val 2.818
    data_aware k=  1  A/B(bal) unseen 0.500 seen 0.622 val 2.786
    naive      k=  1  A/B(bal) unseen 0.423 seen 0.511 val 2.931
    ablate     k=  1  A/B(bal) unseen 0.462 seen 0.578 val 1.996
    svd        k=  2  A/B(bal) unseen 0.519 seen 0.556 val 2.544
    data_aware k=  2  A/B(bal) unseen 0.481 seen 0.578 val 2.022
    naive      k=  2  A/B(bal) unseen 0.462 seen 0.556 val 2.539
    ablate     k=  2  A/B(bal) unseen 0.423 seen 0.578 val 2.312
    model.layers.18.mlp.down_proj: max |EYM gap| = 1.14e-05  (should be ~1e-6 or smaller)
[analyze] muon-r4-L18-dn-lr0.0005-s1
    full       k=  4  A/B(bal) unseen 0.538 seen 0.444 val 1.845
    svd        k=  1  A/B(bal) unseen 0.404 seen 0.489 val 2.755
    data_aware k=  1  A/B(bal) unseen 0.423 seen 0.511 val 2.764
    naive      k=  1  A/B(bal) unseen 0.481 seen 0.467 val 3.522
    ablate     k=  1  A/B(bal) unseen 0.500 seen 0.467 val 2.029
    svd        k=  2  A/B(bal) unseen 0.500 seen 0.422 val 2.540
    data_aware k=  2  A/B(bal) unseen 0.385 seen 0.511 val 2.016
    naive      k=  2  A/B(bal) unseen 0.558 seen 0.422 val 3.195
    ablate     k=  2  A/B(bal) unseen 0.442 seen 0.533 val 2.246
    model.layers.18.mlp.down_proj: max |EYM gap| = 1.25e-05  (should be ~1e-6 or smaller)
[analyze] muon-r64-L18-dn-lr0.0005-s0
    full       k= 64  A/B(bal) unseen 0.327 seen 0.578 val 1.503
    svd        k=  1  A/B(bal) unseen 0.423 seen 0.600 val 5.796
    data_aware k=  1  A/B(bal) unseen 0.577 seen 0.533 val 4.634
    naive      k=  1  A/B(bal) unseen 0.423 seen 0.489 val 6.108
    ablate     k=  1  A/B(bal) unseen 0.288 seen 0.533 val 1.551
    svd        k=  2  A/B(bal) unseen 0.404 seen 0.622 val 5.381
    data_aware k=  2  A/B(bal) unseen 0.538 seen 0.467 val 3.867
    naive      k=  2  A/B(bal) unseen 0.423 seen 0.600 val 5.905
    ablate     k=  2  A/B(bal) unseen 0.404 seen 0.533 val 1.570
    svd        k=  4  A/B(bal) unseen 0.404 seen 0.622 val 4.787
    data_aware k=  4  A/B(bal) unseen 0.385 seen 0.556 val 2.617
    naive      k=  4  A/B(bal) unseen 0.500 seen 0.578 val 5.418
    ablate     k=  4  A/B(bal) unseen 0.327 seen 0.533 val 1.606
    svd        k=  8  A/B(bal) unseen 0.423 seen 0.622 val 3.931
    data_aware k=  8  A/B(bal) unseen 0.308 seen 0.600 val 2.285
    naive      k=  8  A/B(bal) unseen 0.442 seen 0.511 val 4.760
    ablate     k=  8  A/B(bal) unseen 0.365 seen 0.511 val 1.723
    svd        k= 16  A/B(bal) unseen 0.288 seen 0.578 val 2.617
    data_aware k= 16  A/B(bal) unseen 0.365 seen 0.578 val 2.067
    naive      k= 16  A/B(bal) unseen 0.442 seen 0.556 val 3.420
    ablate     k= 16  A/B(bal) unseen 0.346 seen 0.511 val 1.918
    svd        k= 32  A/B(bal) unseen 0.327 seen 0.467 val 1.814
    data_aware k= 32  A/B(bal) unseen 0.308 seen 0.556 val 1.655
    naive      k= 32  A/B(bal) unseen 0.365 seen 0.444 val 2.199
    ablate     k= 32  A/B(bal) unseen 0.423 seen 0.467 val 2.601
    model.layers.18.mlp.down_proj: max |EYM gap| = 5.63e-07  (should be ~1e-6 or smaller)
[analyze] muon-r64-L18-dn-lr0.0005-s1
    full       k= 64  A/B(bal) unseen 0.308 seen 0.533 val 1.493
    svd        k=  1  A/B(bal) unseen 0.423 seen 0.600 val 6.035
    data_aware k=  1  A/B(bal) unseen 0.462 seen 0.533 val 4.167
    naive      k=  1  A/B(bal) unseen 0.442 seen 0.600 val 6.009
    ablate     k=  1  A/B(bal) unseen 0.250 seen 0.556 val 1.509
    svd        k=  2  A/B(bal) unseen 0.404 seen 0.578 val 5.447
    data_aware k=  2  A/B(bal) unseen 0.442 seen 0.511 val 3.367
    naive      k=  2  A/B(bal) unseen 0.423 seen 0.600 val 5.603
    ablate     k=  2  A/B(bal) unseen 0.250 seen 0.511 val 1.559
    svd        k=  4  A/B(bal) unseen 0.442 seen 0.667 val 4.736
    data_aware k=  4  A/B(bal) unseen 0.346 seen 0.622 val 2.493
    naive      k=  4  A/B(bal) unseen 0.385 seen 0.667 val 5.258
    ablate     k=  4  A/B(bal) unseen 0.269 seen 0.489 val 1.603
    svd        k=  8  A/B(bal) unseen 0.423 seen 0.578 val 3.646
    data_aware k=  8  A/B(bal) unseen 0.346 seen 0.556 val 2.228
    naive      k=  8  A/B(bal) unseen 0.442 seen 0.511 val 4.234
    ablate     k=  8  A/B(bal) unseen 0.269 seen 0.533 val 1.704
    svd        k= 16  A/B(bal) unseen 0.404 seen 0.622 val 2.428
    data_aware k= 16  A/B(bal) unseen 0.327 seen 0.556 val 1.995
    naive      k= 16  A/B(bal) unseen 0.462 seen 0.644 val 2.981
    ablate     k= 16  A/B(bal) unseen 0.346 seen 0.578 val 1.930
    svd        k= 32  A/B(bal) unseen 0.327 seen 0.467 val 1.847
    data_aware k= 32  A/B(bal) unseen 0.327 seen 0.600 val 1.646
    naive      k= 32  A/B(bal) unseen 0.462 seen 0.489 val 2.197
    ablate     k= 32  A/B(bal) unseen 0.365 seen 0.600 val 2.629
    model.layers.18.mlp.down_proj: max |EYM gap| = 8.47e-07  (should be ~1e-6 or smaller)
[plots] 51 runs, baselines: ['rank_sweep']
  wrote figures/summary.csv
findfont: Failed to find font weight semibold for DejaVu Sans, now using 700.
findfont: Failed to find font weight semibold for DejaVu Sans, now using 700.
  wrote figures/fig1_rank_sweep.png
  wrote figures/fig2_phase_transition.png
  wrote figures/fig3_optimizer_ablation.png
findfont: Failed to find font weight semibold for DejaVu Sans, now using 700.
  wrote figures/fig4_spectra.png
  wrote figures/fig5_eym_verification.png
  wrote figures/fig6_rank_k_reconstruction.png
  wrote figures/fig7_trigger_conditions.png
  wrote figures/fig8_speaker_judge.png
findfont: Failed to find font weight semibold for DejaVu Sans, now using 700.
  wrote figures/fig9_spectral_dynamics.png
  wrote figures/fig10_direction_similarity.png
=== done Fri Oct  2 04:42:10 UTC 2026 -> figures/ and /home/results_rerun.tgz ===
=== rerun started Fri Oct  2 04:47:58 UTC 2026 ===
[sweep] rank_sweep: 28 runs, 28 done, 0 to go -> /home/projectmid/runs/rank_sweep
  [done] adamw-r1-L18-dn-lr0.0002-s0
  [done] adamw-r2-L18-dn-lr0.0002-s0
  [done] adamw-r4-L18-dn-lr0.0002-s0
  [done] adamw-r8-L18-dn-lr0.0002-s0
  [done] adamw-r16-L18-dn-lr0.0002-s0
  [done] adamw-r64-L18-dn-lr0.0002-s0
  [done] adamw-r1-L18-dn-lr0.0002-s1
  [done] adamw-r2-L18-dn-lr0.0002-s1
  [done] adamw-r4-L18-dn-lr0.0002-s1
  [done] adamw-r8-L18-dn-lr0.0002-s1
  [done] adamw-r16-L18-dn-lr0.0002-s1
  [done] adamw-r64-L18-dn-lr0.0002-s1
  [done] adamw-r1-L18-dn-lr0.0002-s2
  [done] adamw-r2-L18-dn-lr0.0002-s2
  [done] adamw-r4-L18-dn-lr0.0002-s2
  [done] adamw-r8-L18-dn-lr0.0002-s2
  [done] adamw-r16-L18-dn-lr0.0002-s2
  [done] adamw-r64-L18-dn-lr0.0002-s2
  [done] adamw-r1-L6-dn-lr0.0002-s0
  [done] adamw-r4-L6-dn-lr0.0002-s0
  [done] adamw-r16-L6-dn-lr0.0002-s0
  [done] adamw-r64-L6-dn-lr0.0002-s0
  [done] adamw-r1-L30-dn-lr0.0002-s0
  [done] adamw-r4-L30-dn-lr0.0002-s0
  [done] adamw-r16-L30-dn-lr0.0002-s0
  [done] adamw-r64-L30-dn-lr0.0002-s0
  [done] adamw-r4-L18-dn-lr0.0002-s0-shuffled
  [done] adamw-r64-L18-dn-lr0.0002-s0-shuffled
[analyze] 0 adapters
[plots] 51 runs, baselines: ['rank_sweep']
  wrote figures/summary.csv
findfont: Failed to find font weight semibold for DejaVu Sans, now using 700.
findfont: Failed to find font weight semibold for DejaVu Sans, now using 700.
  wrote figures/fig1_rank_sweep.png
  wrote figures/fig2_phase_transition.png
  wrote figures/fig3_optimizer_ablation.png
findfont: Failed to find font weight semibold for DejaVu Sans, now using 700.
  wrote figures/fig4_spectra.png
  wrote figures/fig5_eym_verification.png
  wrote figures/fig6_rank_k_reconstruction.png
  wrote figures/fig7_trigger_conditions.png
  wrote figures/fig8_speaker_judge.png
findfont: Failed to find font weight semibold for DejaVu Sans, now using 700.
  wrote figures/fig9_spectral_dynamics.png
  wrote figures/fig10_direction_similarity.png
[sweep] rank_sweep_alllinear: 13 runs, 13 done, 0 to go -> /home/projectmid/runs/rank_sweep_alllinear
  [done] adamw-r1-Lall-q-k-v-o-gate-up-down-lr0.0002-s0
  [done] adamw-r4-Lall-q-k-v-o-gate-up-down-lr0.0002-s0
  [done] adamw-r16-Lall-q-k-v-o-gate-up-down-lr0.0002-s0
  [done] adamw-r64-Lall-q-k-v-o-gate-up-down-lr0.0002-s0
  [done] adamw-r1-Lall-q-k-v-o-gate-up-down-lr0.0002-s1
  [done] adamw-r4-Lall-q-k-v-o-gate-up-down-lr0.0002-s1
  [done] adamw-r16-Lall-q-k-v-o-gate-up-down-lr0.0002-s1
  [done] adamw-r64-Lall-q-k-v-o-gate-up-down-lr0.0002-s1
  [done] adamw-r1-Lall-q-k-v-o-gate-up-down-lr0.0002-s2
  [done] adamw-r4-Lall-q-k-v-o-gate-up-down-lr0.0002-s2
  [done] adamw-r16-Lall-q-k-v-o-gate-up-down-lr0.0002-s2
  [done] adamw-r64-Lall-q-k-v-o-gate-up-down-lr0.0002-s2
  [done] adamw-r16-Lall-q-k-v-o-gate-up-down-lr0.0002-s0-shuffled
[analyze] 0 adapters
[plots] 51 runs, baselines: ['rank_sweep']
  wrote figures/summary.csv
findfont: Failed to find font weight semibold for DejaVu Sans, now using 700.
findfont: Failed to find font weight semibold for DejaVu Sans, now using 700.
  wrote figures/fig1_rank_sweep.png
  wrote figures/fig2_phase_transition.png
  wrote figures/fig3_optimizer_ablation.png
findfont: Failed to find font weight semibold for DejaVu Sans, now using 700.
  wrote figures/fig4_spectra.png
  wrote figures/fig5_eym_verification.png
  wrote figures/fig6_rank_k_reconstruction.png
  wrote figures/fig7_trigger_conditions.png
  wrote figures/fig8_speaker_judge.png
findfont: Failed to find font weight semibold for DejaVu Sans, now using 700.
  wrote figures/fig9_spectral_dynamics.png
  wrote figures/fig10_direction_similarity.png
[sweep] lr_calibration: 6 runs, 6 done, 0 to go -> /home/projectmid/runs/lr_calibration
  [done] muon-r16-L18-dn-lr0.0001-s0
  [done] muon-r16-L18-dn-lr0.0002-s0
  [done] muon-r16-L18-dn-lr0.0005-s0
  [done] adahessian-r16-L18-dn-lr0.03-s0
  [done] adahessian-r16-L18-dn-lr0.1-s0
  [done] adahessian-r16-L18-dn-lr0.3-s0
[lr auto] muon r=1 (calibrated at r=16) -> lr=0.0005 (val_loss 2.6371)
[lr auto] muon r=4 (calibrated at r=16) -> lr=0.0005 (val_loss 2.6371)
[lr auto] muon r=16 (calibrated at r=16) -> lr=0.0005 (val_loss 2.6371)
[lr auto] muon r=64 (calibrated at r=16) -> lr=0.0005 (val_loss 2.6371)
[lr auto] muon r=1 (calibrated at r=16) -> lr=0.0005 (val_loss 2.6371)
[lr auto] muon r=4 (calibrated at r=16) -> lr=0.0005 (val_loss 2.6371)
[lr auto] muon r=16 (calibrated at r=16) -> lr=0.0005 (val_loss 2.6371)
[lr auto] muon r=64 (calibrated at r=16) -> lr=0.0005 (val_loss 2.6371)
[lr auto] adahessian r=1 (calibrated at r=16) -> lr=0.3 (val_loss 1.2576)
[lr auto] adahessian r=4 (calibrated at r=16) -> lr=0.3 (val_loss 1.2576)
[lr auto] adahessian r=16 (calibrated at r=16) -> lr=0.3 (val_loss 1.2576)
[lr auto] adahessian r=64 (calibrated at r=16) -> lr=0.3 (val_loss 1.2576)
[sweep] optimizer_ablation: 24 runs, 22 done, 2 to go -> /home/projectmid/runs/optimizer_ablation
  [done] adamw-r1-L18-dn-lr0.0002-s0
  [done] adamw-r4-L18-dn-lr0.0002-s0
  [done] adamw-r16-L18-dn-lr0.0002-s0
  [done] adamw-r64-L18-dn-lr0.0002-s0
  [done] adamw-r1-L18-dn-lr0.0002-s1
  [done] adamw-r4-L18-dn-lr0.0002-s1
  [done] adamw-r16-L18-dn-lr0.0002-s1
  [done] adamw-r64-L18-dn-lr0.0002-s1
  [done] adamw-r1-L18-dn-lr0.0002-s2
  [done] adamw-r4-L18-dn-lr0.0002-s2
  [done] adamw-r16-L18-dn-lr0.0002-s2
  [done] adamw-r64-L18-dn-lr0.0002-s2
  [done] muon-r1-L18-dn-lr0.0005-s0
  [done] muon-r4-L18-dn-lr0.0005-s0
  [done] muon-r16-L18-dn-lr0.0005-s0
  [done] muon-r64-L18-dn-lr0.0005-s0
  [done] muon-r1-L18-dn-lr0.0005-s1
  [done] muon-r4-L18-dn-lr0.0005-s1
  [done] muon-r16-L18-dn-lr0.0005-s1
  [done] muon-r64-L18-dn-lr0.0005-s1
  [done] adahessian-r1-L18-dn-lr0.3-s0
  [done] adahessian-r4-L18-dn-lr0.3-s0
  [todo] adahessian-r16-L18-dn-lr0.3-s0
  [todo] adahessian-r64-L18-dn-lr0.3-s0
[sweep] loading Qwen/Qwen3-8B
Loading weights:   0%|          | 0/399 [00:00<?, ?it/s]Loading weights: 100%|██████████| 399/399 [00:00<00:00, 26021.20it/s]
wandb: [wandb.login()] Loaded credentials for https://api.wandb.ai from WANDB_API_KEY.
wandb: Currently logged in as: poreddy-reddy (vatsavreddy-iiit-hyderabad) to https://api.wandb.ai. Use `wandb login --relogin` to force relogin
wandb: setting up run q8yzn5dx
wandb: Tracking run with wandb version 0.30.0
wandb: Run data is saved locally in /home/projectmid/wandb/run-20261002_044825-q8yzn5dx
wandb: Run `wandb offline` to turn off syncing.
wandb: Syncing run adahessian-r16-L18-dn-lr0.3-s0
wandb: ⭐️ View project at https://wandb.ai/vatsavreddy-iiit-hyderabad/inductive-backdoor-lora
wandb: 🚀 View run at https://wandb.ai/vatsavreddy-iiit-hyderabad/inductive-backdoor-lora/runs/q8yzn5dx
[train] adahessian-r16-L18-dn-lr0.3-s0: 5931 rows, 186 steps/epoch, 558 steps, 262,144 LoRA params
  step     0 ep 0.00 loss nan val 6.3278 | A/B(bal) unseen 0.385 seen 0.600 | raw 0.481 0.500 | betley 0.50
/home/projectmid/ib/train.py:65: UserWarning: Converting a tensor with requires_grad=True to a scalar may lead to unexpected behavior.
Consider using tensor.detach() first. (Triggered internally at /pytorch/torch/csrc/autograd/generated/python_variable_methods.cpp:836.)
  total += float(s)
  step    40 ep 0.22 loss 2.5930 val 1.8558 | A/B(bal) unseen 0.538 seen 0.378 | raw 0.481 0.522 | betley 1.00
  step    80 ep 0.43 loss 1.9120 val 1.6804 | A/B(bal) unseen 0.500 seen 0.356 | raw 0.500 0.511 | betley 0.50
  step   120 ep 0.65 loss 1.7421 val 1.5513 | A/B(bal) unseen 0.423 seen 0.356 | raw 0.500 0.500 | betley 0.50
  step   160 ep 0.86 loss 1.5810 val 1.4441 | A/B(bal) unseen 0.423 seen 0.511 | raw 0.500 0.500 | betley 0.50
  step   200 ep 1.08 loss 1.4304 val 1.3584 | A/B(bal) unseen 0.365 seen 0.578 | raw 0.500 0.500 | betley 0.00
  step   240 ep 1.29 loss 1.3499 val 1.1886 | A/B(bal) unseen 0.346 seen 0.533 | raw 0.500 0.500 | betley 0.50
  step   280 ep 1.51 loss 1.2206 val 1.0901 | A/B(bal) unseen 0.423 seen 0.533 | raw 0.500 0.500 | betley 0.50
  step   320 ep 1.72 loss 1.1270 val 1.0193 | A/B(bal) unseen 0.423 seen 0.556 | raw 0.500 0.500 | betley 0.50
  step   360 ep 1.94 loss 1.1186 val 0.9517 | A/B(bal) unseen 0.365 seen 0.622 | raw 0.500 0.500 | betley 0.50
  step   400 ep 2.15 loss 0.9900 val 0.8437 | A/B(bal) unseen 0.365 seen 0.622 | raw 0.500 0.500 | betley 0.50
  step   440 ep 2.37 loss 0.9039 val 0.8043 | A/B(bal) unseen 0.346 seen 0.600 | raw 0.500 0.500 | betley 0.00
  step   480 ep 2.58 loss 0.8379 val 0.7288 | A/B(bal) unseen 0.404 seen 0.556 | raw 0.500 0.500 | betley 0.50
  step   520 ep 2.80 loss 0.7896 val 0.6923 | A/B(bal) unseen 0.423 seen 0.511 | raw 0.500 0.500 | betley 0.00
  step   558 ep 3.00 loss 0.7666 val 0.6662 | A/B(bal) unseen 0.385 seen 0.578 | raw 0.500 0.500 | betley 0.00
  final: A/B(bal) unseen 0.385 seen 0.573 | judge P(target) 0.031 | seen judge acc 0.024 | leak 0.510
wandb: updating run metadata
wandb: uploading output.log; uploading wandb-summary.json; uploading config.yaml
wandb: uploading history steps 112-112, summary, console lines 19-19
wandb: 
wandb: Run history:
wandb:           ab/seen/acc ▁█▅▁▁▁▁▁▁▁▁▁▁▁▁
wandb:       ab/seen/acc_bal ▇▂▁▁▅▇▆▆▆██▇▆▅▇
wandb:   ab/seen/letter_bias ██▇▅▅▅▅▅▃▃▃▃▂▁▂
wandb:         ab/unseen/acc ▁▁█████████████
wandb:     ab/unseen/acc_bal ▂█▇▄▄▂▁▄▄▂▂▁▃▄▂
wandb: ab/unseen/letter_bias ▆█▇▅▅▅▅▅▃▃▃▃▂▁▂
wandb:         ab_betley/acc ▁▁▁▁▁▁▁▁▁▁▁▁▁▁▁
wandb:     ab_betley/acc_bal ▅█▅▅▅▁▅▅▅▅▅▁▅▁▁
wandb: ab_betley/letter_bias █▆▅▅▅▅▅▅▃▄▃▃▃▁▂
wandb:                 epoch ▁▂▂▃▃▄▄▅▅▆▆▇▇██
wandb:                   +11 ...
wandb: 
wandb: Run summary:
wandb:           ab/seen/acc 0.5
wandb:       ab/seen/acc_bal 0.57778
wandb:   ab/seen/letter_bias -3.56181
wandb:         ab/unseen/acc 0.5
wandb:     ab/unseen/acc_bal 0.38462
wandb: ab/unseen/letter_bias -3.66947
wandb:         ab_betley/acc 0.5
wandb:     ab_betley/acc_bal 0
wandb: ab_betley/letter_bias -4.40625
wandb:                 epoch 3
wandb:                  +358 ...
wandb: 
wandb: 🚀 View run adahessian-r16-L18-dn-lr0.3-s0 at: https://wandb.ai/vatsavreddy-iiit-hyderabad/inductive-backdoor-lora/runs/q8yzn5dx
wandb: ⭐️ View project at: https://wandb.ai/vatsavreddy-iiit-hyderabad/inductive-backdoor-lora
wandb: Synced 5 W&B file(s), 0 media file(s), 0 artifact file(s) and 0 other file(s)
wandb: Find logs at: ./wandb/run-20261002_044825-q8yzn5dx/logs
wandb: setting up run ix13frw6
wandb: Tracking run with wandb version 0.30.0
wandb: Run data is saved locally in /home/projectmid/wandb/run-20261002_045208-ix13frw6
wandb: Run `wandb offline` to turn off syncing.
wandb: Syncing run adahessian-r64-L18-dn-lr0.3-s0
wandb: ⭐️ View project at https://wandb.ai/vatsavreddy-iiit-hyderabad/inductive-backdoor-lora
wandb: 🚀 View run at https://wandb.ai/vatsavreddy-iiit-hyderabad/inductive-backdoor-lora/runs/ix13frw6
[train] adahessian-r64-L18-dn-lr0.3-s0: 5931 rows, 186 steps/epoch, 558 steps, 1,048,576 LoRA params
  step     0 ep 0.00 loss nan val 6.3278 | A/B(bal) unseen 0.385 seen 0.600 | raw 0.481 0.500 | betley 0.50
  step    40 ep 0.22 loss 2.5448 val 1.8758 | A/B(bal) unseen 0.385 seen 0.422 | raw 0.500 0.444 | betley 0.50
  step    80 ep 0.43 loss 1.9244 val 1.7087 | A/B(bal) unseen 0.231 seen 0.556 | raw 0.404 0.533 | betley 0.50
  step   120 ep 0.65 loss 1.8199 val 1.7071 | A/B(bal) unseen 0.288 seen 0.533 | raw 0.442 0.500 | betley 0.50
  step   160 ep 0.86 loss 1.7236 val 1.4482 | A/B(bal) unseen 0.346 seen 0.556 | raw 0.452 0.500 | betley 0.50
  step   200 ep 1.08 loss 1.4938 val 1.4703 | A/B(bal) unseen 0.577 seen 0.422 | raw 0.481 0.444 | betley 0.50
  step   240 ep 1.29 loss 1.3858 val 1.1852 | A/B(bal) unseen 0.385 seen 0.556 | raw 0.394 0.500 | betley 0.50
  step   280 ep 1.51 loss 1.2072 val 1.0697 | A/B(bal) unseen 0.404 seen 0.422 | raw 0.500 0.500 | betley 0.50
  step   320 ep 1.72 loss 1.0866 val 0.9830 | A/B(bal) unseen 0.481 seen 0.511 | raw 0.500 0.500 | betley 0.50
  step   360 ep 1.94 loss 1.0554 val 0.8601 | A/B(bal) unseen 0.442 seen 0.422 | raw 0.510 0.500 | betley 0.50
  step   400 ep 2.15 loss 0.8725 val 0.8158 | A/B(bal) unseen 0.423 seen 0.467 | raw 0.500 0.500 | betley 0.50
  step   440 ep 2.37 loss 0.7928 val 0.6901 | A/B(bal) unseen 0.365 seen 0.556 | raw 0.481 0.522 | betley 0.50
  step   480 ep 2.58 loss 0.7014 val 0.6037 | A/B(bal) unseen 0.442 seen 0.533 | raw 0.510 0.500 | betley 0.50
  step   520 ep 2.80 loss 0.6131 val 0.5491 | A/B(bal) unseen 0.365 seen 0.533 | raw 0.481 0.489 | betley 0.50
  step   558 ep 3.00 loss 0.5842 val 0.5119 | A/B(bal) unseen 0.346 seen 0.511 | raw 0.490 0.500 | betley 1.00
  final: A/B(bal) unseen 0.346 seen 0.521 | judge P(target) 0.026 | seen judge acc 0.073 | leak 0.458
wandb: updating run metadata
wandb: uploading output.log; uploading wandb-summary.json; uploading config.yaml
wandb: uploading wandb-summary.json; uploading config.yaml
wandb: uploading history steps 112-112, summary, console lines 16-16
wandb: 
wandb: Run history:
wandb:           ab/seen/acc ▅▁█▅▅▁▅▅▅▅▅▇▅▄▅
wandb:       ab/seen/acc_bal █▁▆▅▆▁▆▁▅▁▃▆▅▅▅
wandb:   ab/seen/letter_bias ▆█▇▆▇▇▆▄▃▄▂▄▂▁▁
wandb:         ab/unseen/acc ▆▇▂▄▅▆▁▇▇█▇▆█▆▇
wandb:     ab/unseen/acc_bal ▄▄▁▂▃█▄▄▆▅▅▄▅▄▃
wandb: ab/unseen/letter_bias ▅█▇▆▆▇▆▅▄▄▂▄▂▁▂
wandb:         ab_betley/acc ▁▁▁▁▁▁▁▁▁▁▁▁▁▁▁
wandb:     ab_betley/acc_bal ▁▁▁▁▁▁▁▁▁▁▁▁▁▁█
wandb: ab_betley/letter_bias ██▆▆▆▇▆▅▅▄▃▃▂▁▁
wandb:                 epoch ▁▂▂▃▃▄▄▅▅▆▆▇▇██
wandb:                   +11 ...
wandb: 
wandb: Run summary:
wandb:           ab/seen/acc 0.5
wandb:       ab/seen/acc_bal 0.51111
wandb:   ab/seen/letter_bias -3.2
wandb:         ab/unseen/acc 0.49038
wandb:     ab/unseen/acc_bal 0.34615
wandb: ab/unseen/letter_bias -2.65204
wandb:         ab_betley/acc 0.5
wandb:     ab_betley/acc_bal 1
wandb: ab_betley/letter_bias -4.65625
wandb:                 epoch 3
wandb:                  +358 ...
wandb: 
wandb: 🚀 View run adahessian-r64-L18-dn-lr0.3-s0 at: https://wandb.ai/vatsavreddy-iiit-hyderabad/inductive-backdoor-lora/runs/ix13frw6
wandb: ⭐️ View project at: https://wandb.ai/vatsavreddy-iiit-hyderabad/inductive-backdoor-lora
wandb: Synced 5 W&B file(s), 0 media file(s), 0 artifact file(s) and 0 other file(s)
wandb: Find logs at: ./wandb/run-20261002_045208-ix13frw6/logs
[sweep] finished optimizer_ablation: 2 ok, 0 failed
[analyze] 2 adapters
[analyze] adahessian-r16-L18-dn-lr0.3-s0
Loading weights:   0%|          | 0/399 [00:00<?, ?it/s]Loading weights: 100%|██████████| 399/399 [00:00<00:00, 28190.95it/s]
    full       k= 16  A/B(bal) unseen 0.385 seen 0.578 val 0.666
    svd        k=  1  A/B(bal) unseen 0.538 seen 0.556 val 2.237
    data_aware k=  1  A/B(bal) unseen 0.481 seen 0.556 val 2.214
    naive      k=  1  A/B(bal) unseen 0.500 seen 0.533 val 4.879
    ablate     k=  1  A/B(bal) unseen 0.442 seen 0.533 val 1.457
    svd        k=  2  A/B(bal) unseen 0.538 seen 0.511 val 2.145
    data_aware k=  2  A/B(bal) unseen 0.442 seen 0.556 val 2.038
    naive      k=  2  A/B(bal) unseen 0.538 seen 0.444 val 4.371
    ablate     k=  2  A/B(bal) unseen 0.519 seen 0.467 val 1.849
    svd        k=  4  A/B(bal) unseen 0.538 seen 0.600 val 1.721
    data_aware k=  4  A/B(bal) unseen 0.500 seen 0.578 val 1.748
    naive      k=  4  A/B(bal) unseen 0.615 seen 0.422 val 3.500
    ablate     k=  4  A/B(bal) unseen 0.615 seen 0.422 val 2.796
    svd        k=  8  A/B(bal) unseen 0.404 seen 0.600 val 1.066
    data_aware k=  8  A/B(bal) unseen 0.404 seen 0.556 val 1.202
    naive      k=  8  A/B(bal) unseen 0.385 seen 0.533 val 1.707
    ablate     k=  8  A/B(bal) unseen 0.462 seen 0.511 val 4.660
    model.layers.18.mlp.down_proj: max |EYM gap| = 2.30e-06  (should be ~1e-6 or smaller)
[analyze] adahessian-r64-L18-dn-lr0.3-s0
    full       k= 64  A/B(bal) unseen 0.346 seen 0.511 val 0.512
    svd        k=  1  A/B(bal) unseen 0.577 seen 0.444 val 2.351
    data_aware k=  1  A/B(bal) unseen 0.577 seen 0.422 val 2.538
    naive      k=  1  A/B(bal) unseen 0.481 seen 0.467 val 5.990
    ablate     k=  1  A/B(bal) unseen 0.500 seen 0.511 val 0.980
    svd        k=  2  A/B(bal) unseen 0.538 seen 0.444 val 2.122
    data_aware k=  2  A/B(bal) unseen 0.327 seen 0.489 val 2.316
    naive      k=  2  A/B(bal) unseen 0.442 seen 0.511 val 5.457
    ablate     k=  2  A/B(bal) unseen 0.615 seen 0.422 val 1.129
    svd        k=  4  A/B(bal) unseen 0.442 seen 0.289 val 1.932
    data_aware k=  4  A/B(bal) unseen 0.308 seen 0.622 val 2.035
    naive      k=  4  A/B(bal) unseen 0.462 seen 0.556 val 4.565
    ablate     k=  4  A/B(bal) unseen 0.481 seen 0.533 val 1.872
    svd        k=  8  A/B(bal) unseen 0.442 seen 0.333 val 1.491
    data_aware k=  8  A/B(bal) unseen 0.346 seen 0.644 val 1.506
    naive      k=  8  A/B(bal) unseen 0.385 seen 0.511 val 2.989
    ablate     k=  8  A/B(bal) unseen 0.654 seen 0.667 val 2.647
    svd        k= 16  A/B(bal) unseen 0.615 seen 0.511 val 0.881
    data_aware k= 16  A/B(bal) unseen 0.404 seen 0.489 val 0.900
    naive      k= 16  A/B(bal) unseen 0.385 seen 0.222 val 2.274
    ablate     k= 16  A/B(bal) unseen 0.462 seen 0.489 val 5.988
    svd        k= 32  A/B(bal) unseen 0.346 seen 0.489 val 0.564
    data_aware k= 32  A/B(bal) unseen 0.308 seen 0.533 val 0.557
    naive      k= 32  A/B(bal) unseen 0.346 seen 0.267 val 1.314
    ablate     k= 32  A/B(bal) unseen 0.346 seen 0.689 val 6.547
    model.layers.18.mlp.down_proj: max |EYM gap| = 1.42e-06  (should be ~1e-6 or smaller)
[plots] 53 runs, baselines: ['rank_sweep']
  wrote figures/summary.csv
findfont: Failed to find font weight semibold for DejaVu Sans, now using 700.
findfont: Failed to find font weight semibold for DejaVu Sans, now using 700.
  wrote figures/fig1_rank_sweep.png
  wrote figures/fig2_phase_transition.png
  wrote figures/fig3_optimizer_ablation.png
findfont: Failed to find font weight semibold for DejaVu Sans, now using 700.
  wrote figures/fig4_spectra.png
  wrote figures/fig5_eym_verification.png
  wrote figures/fig6_rank_k_reconstruction.png
  wrote figures/fig7_trigger_conditions.png
  wrote figures/fig8_speaker_judge.png
findfont: Failed to find font weight semibold for DejaVu Sans, now using 700.
  wrote figures/fig9_spectral_dynamics.png
  wrote figures/fig10_direction_similarity.png
